ident,data_originator,type,adet,farkli_koordinat,tablolar,isimler
TRN,EUROCONTROL NMOC,VOR DME,7,7,vor_dme,"TURNBERRY,TEHRAN,TRANG,CAN THO,TERNATE/SULTAN BABULLAH,TONGREN,TALAKAN"
TRN,EUROCONTROL NMOC,DME,6,6,dme,"TERNATE SULTAN BABULLAH,TEHRAN,TALAKAN,TRANG,TURNBERRY,CAN THO"
AND,EUROCONTROL NMOC,VOR DME,4,4,vor_dme,"ANDAHUAYLAS,ANDONG,ANDOYA,TEPLYY KLYUCH"
BW,EUROCONTROL NMOC,DME,4,4,dme,"CESKE BUDEJOVICE DME 27,BALAKOVO,VUKTYL,BERINGOVSKIY"
MAK,EUROCONTROL NMOC,VOR DME,4,4,vor_dme,"MARRAKECH / MENARA,MARSA ALAM,MAKASSAR/SULTAN HASANUDDIN,MAKU"
SL,EUROCONTROL NMOC,DME,4,4,dme,"STAVANGER/SOLA,LINKOEPING/SAAB,SUKHODOL,SREDNEBELAYA"
ALI,EUROCONTROL NMOC,VOR DME,3,3,vor_dme,"ALICE,ALIGARH,AL NAJAF"
BG,EUROCONTROL NMOC,DME,3,3,dme,"BERGEN/FLESLAND,BOGORODSKOYE,BELAYA GORA"
BNA,EUROCONTROL NMOC,VOR DME,3,3,vor_dme,"BENINA,BANAK,BARCELONA"
BNN,EUROCONTROL NMOC,VOR DME,3,3,vor_dme,"BOVINGDON,BRONNOY,XISHUANGBANNA"
BPN,EUROCONTROL NMOC,VOR DME,3,3,vor_dme,"BOPAN,BALIKPAPAN/SULTAN AJI MUHAMMAD SULAIMAN SEPINGGAN,BARAPANI"
BRT,EUROCONTROL NMOC,VOR DME,3,3,vor_dme,"BRATSK,BIRATNAGAR,BREST"
BT,EUROCONTROL NMOC,DME,3,3,dme,"BATSFJORD,BUTURLINO,ALATYR"
BTO,EUROCONTROL NMOC,VOR DME,3,3,vor_dme,"POTOU,BONITO,TANGERANG/BUDIARTO"
CHI,EUROCONTROL NMOC,DME,3,3,dme,"CHANGHAI,CHIOGGIA,CHILLARKI"
CHI,EUROCONTROL NMOC,VOR DME,3,3,vor_dme,"CHILLARKI,CHILLAN,CHANGHAI"
CMP,EUROCONTROL NMOC,VOR DME,3,3,vor_dme,"CAMPAGNANO,CHUM PHAE,CZEMPIN"
DAR,EUROCONTROL NMOC,DME,3,3,dme,"DARKHAN,DARLOWO,AROUCA"
GNV,EUROCONTROL NMOC,VORTAC,3,3,vortac,"GATORS,GELENDZHIK,GOIANIA"
GV,EUROCONTROL NMOC,VOR DME,3,3,vor_dme,"NGONG HILLS,GOVE,SURGUT"
HAM,EUROCONTROL NMOC,VOR DME,3,3,vor_dme,"HAMADAN,HAMBURG,TAOJIAGONG"
KA,EUROCONTROL NMOC,DME,3,3,dme,"KASTRUP,YAROSLAVL/TUNOSHNA,KASESE"
KE,EUROCONTROL NMOC,DME,3,3,dme,"KEMI-TORNIO,KEDROVY,KOSICE"
KHG,EUROCONTROL NMOC,VOR DME,3,3,vor_dme,"EL KHARGA,KASHI,KHARK ISLAND"
KLP,EUROCONTROL NMOC,VOR DME,3,3,vor_dme,"KOLPASHEVO,KOLHAPUR,KLAIPEDA"
KU,EUROCONTROL NMOC,DME,3,3,dme,"SKURATOVO,BIYSK,KURGAN"
LIN,EUROCONTROL NMOC,DME,3,3,dme,"LINATE,LININ,LINDEN"
LIN,EUROCONTROL NMOC,VOR DME,3,3,vor_dme,"LINATE,LINDEN,LINLI"
LM,EUROCONTROL NMOC,VOR DME,3,3,vor_dme,"LAJES,LOME / GNASSINGBE EYADEMA,LEARMONTH"
LON,EUROCONTROL NMOC,VOR DME,3,3,vor_dme,"LONDON,LONDRINA,LONGZHOU"
MAK,EUROCONTROL NMOC,DME,3,3,dme,"MAKASSAR/SULTAN HASANUDDIN,MAKU,MARRAKECH / MENARA"
MTG,EUROCONTROL NMOC,VOR DME,3,3,vor_dme,"MITIGA,MOUNT GAMBIER,MARTIGUES"
PAL,EUROCONTROL NMOC,DME,3,3,dme,"PALANQUERO,PALERMO/PUNTA RAISI,PALU / MUTIARA SIS AL JUFRI"
PAL,EUROCONTROL NMOC,VOR DME,3,3,vor_dme,"EL PALOMAR,PALU / MUTIARA SIS AL JUFRI,PALANQUERO"
RK,EUROCONTROL NMOC,DME,3,3,dme,"RAHIM YAR KHAN,SARATOV/GAGARIN,MARKOVO"
RK,EUROCONTROL NMOC,VOR DME,3,3,vor_dme,"RAHIM YAR KHAN,ROCKHAMPTON,SARATOV/GAGARIN"
SAM,EUROCONTROL NMOC,VOR DME,3,3,vor_dme,"SOUTHAMPTON,SAMOS,SAMPLA"
SAV,EUROCONTROL NMOC,DME,3,3,dme,"SALINAS,SAVEH,SAVANNAKHET"
SAV,EUROCONTROL NMOC,VORTAC,3,3,vortac,"SAVANNAKHET,SALINAS,SAVANNAH"
SNT,EUROCONTROL NMOC,VOR DME,3,3,vor_dme,"PRAIA,PORTO SANTO,SAN ANTONIO DE ARECO"
STN,EUROCONTROL NMOC,VOR DME,3,3,vor_dme,"STORNOWAY,SURAT THANI,SANTANA"
STW,EUROCONTROL NMOC,VOR DME,3,3,vor_dme,"STILLWATER,SITTWE,STAVROPOL/SHPAKOVSKOYE"
SUR,EUROCONTROL NMOC,VOR DME,3,3,vor_dme,"SUR,SUCRE,SURAT"
TBK,EUROCONTROL NMOC,VORTAC,3,3,vortac,"TABARKA/AIN DRAHAM,TABUK / PRINCE SULTAN BIN ABDULAZIZ,TAMBOLAKA / LEDE KALUMBANG"
TD,EUROCONTROL NMOC,DME,3,3,dme,"TRONDHEIM/VAERNES,TUNG LUNG,TYNDA"
TD,EUROCONTROL NMOC,VOR DME,3,3,vor_dme,"TAMBACOUNDA,TUNG LUNG,MOUNDOU"
TGU,EUROCONTROL NMOC,VORTAC,3,3,vortac,"TOUGGOURT,DALSEONG,TAUNGOO"
THX,EUROCONTROL NMOC,VORTAC,3,3,vortac,"THREE RIVERS,XIENGKHUANG,THO XUAN"
TNT,EUROCONTROL NMOC,VOR DME,3,3,vor_dme,"TRENT,TONCONTIN,TRENTO"
AAR,EUROCONTROL NMOC,DME,2,2,dme,"AARHUS,ARAR"
AAR,EUROCONTROL NMOC,VOR DME,2,2,vor_dme,"AMRITSAR,ARAR"
ABA,EUROCONTROL NMOC,DME,2,2,dme,"AMSTERDAM/SCHIPHOL,ALBANY"
ABD,EUROCONTROL NMOC,VOR DME,2,2,vor_dme,"ABADAN,MALANG / ABDUL RACHMAN SALEH"
AD,EUROCONTROL NMOC,DME,2,2,dme,"SANDANE/ANDA,ABIDJAN / FELIX HOUPHOUET-BOIGNY"
AD,EUROCONTROL NMOC,VOR DME,2,2,vor_dme,"ABIDJAN / FELIX HOUPHOUET-BOIGNY,ADELAIDE"
ADM,EUROCONTROL NMOC,VORTAC,2,2,vortac,"AGADIR / AL MASSIRA,ARDMORE"
ADN,EUROCONTROL NMOC,VOR DME,2,2,vor_dme,"ABERDEEN,ROBERTO"
ALB,EUROCONTROL NMOC,VOR DME,2,2,vor_dme,"ALBENGA,ABU DHABI / AL BATEEN"
AN,EUROCONTROL NMOC,DME,2,2,dme,"ANNABA,ANDOYA"
AND,EUROCONTROL NMOC,DME,2,2,dme,"ANDAHUAYLAS,TEPLYY KLYUCH"
ANU,EUROCONTROL NMOC,VOR DME,2,2,vor_dme,"V.C. BIRD,ANAMBRA"
ARD,EUROCONTROL NMOC,VOR DME,2,2,vor_dme,"YARDLEY,ARADAH"
ARG,EUROCONTROL NMOC,VORTAC,2,2,vortac,"ARGYLE,WALNUT RIDGE"
ARI,EUROCONTROL NMOC,VOR DME,2,2,vor_dme,"NADOR / EL AROUI,ARICA"
AS,EUROCONTROL NMOC,VOR DME,2,2,vor_dme,"AGADEZ / MANO DAYAK,ALICE SPRINGS"
AST,EUROCONTROL NMOC,VOR DME,2,2,vor_dme,"ASYUT,ASTRAKHAN"
AT,EUROCONTROL NMOC,DME,2,2,dme,"ALTA,ARTEMOVSKIY"
BA,EUROCONTROL NMOC,DME,2,2,dme,"BANAK,BAKCHAR"
BAL,EUROCONTROL NMOC,VOR DME,2,2,vor_dme,"BALMACEDA,B.A EL LIBERTADOR"
BAM,EUROCONTROL NMOC,VOR DME,2,2,vor_dme,"BARMEN,BAM"
BAN,EUROCONTROL NMOC,VOR DME,2,2,vor_dme,"SIDI BEN AOUN,BARNAUL/MIKHAYLOVKA"
BAR,EUROCONTROL NMOC,DME,2,2,dme,"BARI,BARUUN-URT"
BBI,EUROCONTROL NMOC,VOR DME,2,2,vor_dme,"BELLARY,BERLIN-BRANDENBURG"
BBS,EUROCONTROL NMOC,VOR DME,2,2,vor_dme,"BENI ABBES,BHUBANESWAR"
BDA,EUROCONTROL NMOC,VOR DME,2,2,vor_dme,"BERMUDA,BIDA"
BDB,EUROCONTROL NMOC,VOR DME,2,2,vor_dme,"BIR DARB,BODAYBO"
BDF,EUROCONTROL NMOC,VORTAC,2,2,vortac,"BARDUFOSS,BRADFORD"
BDR,EUROCONTROL NMOC,VOR DME,2,2,vor_dme,"BAHIR DAR,BIDAR"
BEL,EUROCONTROL NMOC,DME,2,2,dme,"BELLA,BELFAST"
BEL,EUROCONTROL NMOC,VOR DME,2,2,vor_dme,"BELFAST,BELEM"
BEN,EUROCONTROL NMOC,VOR DME,2,2,vor_dme,"BENBECULA,BENIN"
BET,EUROCONTROL NMOC,VORTAC,2,2,vortac,"BETHEL,BETONG"
BGD,EUROCONTROL NMOC,VOR DME,2,2,vor_dme,"BAGHDAD,BAGDOGRA"
BGR,EUROCONTROL NMOC,VORTAC,2,2,vortac,"BANGOR,BENGUERIR"
BIK,EUROCONTROL NMOC,VOR DME,2,2,vor_dme,"BIAK/FRANS KAISIEPO,BIRNIN KEBBI"
BIS,EUROCONTROL NMOC,VOR DME,2,2,vor_dme,"BISKRA,BISSAU"
BJ,EUROCONTROL NMOC,DME,2,2,dme,"BEJA,BELY"
BJA,EUROCONTROL NMOC,VOR DME,2,2,vor_dme,"BUJUMBURA,BEJAIA"
BKY,EUROCONTROL NMOC,VOR DME,2,2,vor_dme,"BOUAKE,BARKWAY"
BL,EUROCONTROL NMOC,DME,2,2,dme,"BRINGELAND,KHOROSHENKOYE"
BLT,EUROCONTROL NMOC,VOR DME,2,2,vor_dme,"GBADOLITE,BALTIM"
BNA,EUROCONTROL NMOC,DME,2,2,dme,"BENINA,BARCELONA"
BND,EUROCONTROL NMOC,DME,2,2,dme,"BREMEN,BANDAR ABBASS"
BND,EUROCONTROL NMOC,VOR DME,2,2,vor_dme,"BANDUNG/HUSEIN SASTRANEGARA,BANDAR ABBASS"
BNE,SERVICE DE LINFORMATION AERONAUTIQUE,VOR DME,2,2,vor_dme,BOULOGNE
BNS,EUROCONTROL NMOC,VOR DME,2,2,vor_dme,"BARINAS,BENSLIMANE"
BO,EUROCONTROL NMOC,DME,2,2,dme,"BRNO/TURANY DME 27,BODO"
BPN,EUROCONTROL NMOC,DME,2,2,dme,"BALIKPAPAN/SULTAN AJI MUHAMMAD SULAIMAN SEPINGGAN,BOPAN"
BRL,EUROCONTROL NMOC,VOR DME,2,2,vor_dme,"BURLINGTON,BAREILLY"
BRM,EUROCONTROL NMOC,DME,2,2,dme,"BROOME,BARQUISIMETO"
BRM,EUROCONTROL NMOC,VOR DME,2,2,vor_dme,"BURI RAM,BARQUISIMETO"
BRN,EUROCONTROL NMOC,VOR DME,2,2,vor_dme,"SIDI BARRANI,BIRJAND"
BRT,EUROCONTROL NMOC,DME,2,2,dme,"BIRATNAGAR,BRATSK"
BSR,EUROCONTROL NMOC,VORTAC,2,2,vortac,"BASRAH,BIG SUR"
BTG,EUROCONTROL NMOC,VORTAC,2,2,vortac,"BATTLE GROUND,BATAGAY"
BTO,EUROCONTROL NMOC,DME,2,2,dme,"BONITO,TANGERANG/BUDIARTO"
BUN,EUROCONTROL NMOC,VOR DME,2,2,vor_dme,"BUNIA,BUENAVENTURA"
BUT,EUROCONTROL NMOC,VOR DME,2,2,vor_dme,"BUTA-ZEGA,U-TAPAO"
CAR,EUROCONTROL NMOC,DME,2,2,dme,"CONCEPCION,CARBONARA"
CAR,EUROCONTROL NMOC,VOR DME,2,2,vor_dme,"CONCEPCION,CARNARVON"
CAT,EUROCONTROL NMOC,VOR DME,2,2,vor_dme,"EL SALVADOR,CATAMARCA"
CBA,EUROCONTROL NMOC,DME,2,2,dme,"COCHABAMBA,CASABLANCA / MOHAMED V"
CBA,EUROCONTROL NMOC,VOR DME,2,2,vor_dme,"CORDOBA / ING. A. TARABELLA,COCHABAMBA"
CBL,EUROCONTROL NMOC,VOR DME,2,2,vor_dme,"CIUDAD BOLIVAR,CASABLANCA / MOHAMMED V"
CEN,EUROCONTROL NMOC,VOR DME,2,2,vor_dme,"OBREGON,CENCUN"
CGO,EUROCONTROL NMOC,VOR DME,2,2,vor_dme,"XINZHENG,CONGONHAS"
CGT,EUROCONTROL NMOC,VORTAC,2,2,vortac,"CHICAGO HEIGHTS,CHONGGU"
CHE,EUROCONTROL NMOC,VOR DME,2,2,vor_dme,"CHITOSE,HAYDEN"
CHG,EUROCONTROL NMOC,VOR DME,2,2,vor_dme,"CHAOYANG,CHANDIGARH"
CIA,EUROCONTROL NMOC,VOR DME,2,2,vor_dme,"COCHIN,CUIABA"
CJS,EUROCONTROL NMOC,VOR DME,2,2,vor_dme,"JUAREZ,CARAJAS"
CKG,EUROCONTROL NMOC,VOR DME,2,2,vor_dme,"JAKARTA / SOEKARNO-HATTA,JIANGBEI"
CLA,EUROCONTROL NMOC,VOR DME,2,2,vor_dme,"CHICLAYO,CHU LAI"
CMA,EUROCONTROL NMOC,VOR DME,2,2,vor_dme,"CHIANG MAI,CANAIMA"
CMP,EUROCONTROL NMOC,DME,2,2,dme,"CZEMPIN,CHUM PHAE"
CN,EUROCONTROL NMOC,DME,2,2,dme,"KRISTIANSAND/KJEVIK,PIESTANY"
COL,EUROCONTROL NMOC,VOR DME,2,2,vor_dme,"COLIMA,COLA"
CSL,EUROCONTROL NMOC,VOR DME,2,2,vor_dme,"CASELLE,LUCAS"
CSN,EUROCONTROL NMOC,VORTAC,2,2,vortac,"CASANOVA,CON SON"
CTB,EUROCONTROL NMOC,VOR DME,2,2,vor_dme,"CURITIBA,CUT BANK"
CTG,EUROCONTROL NMOC,VOR DME,2,2,vor_dme,"CHATTOGRAM,CARTAGENA"
CTR,EUROCONTROL NMOC,VOR DME,2,2,vor_dme,"CHIANG RAI,CHESTER"
CUN,EUROCONTROL NMOC,VOR DME,2,2,vor_dme,"CANCUN,YECHEON"
DAR,EUROCONTROL NMOC,VOR DME,2,2,vor_dme,"DARLOWO,DARBAND"
DBL,EUROCONTROL NMOC,VOR DME,2,2,vor_dme,"DALIAN,RED TABLE"
DBN,EUROCONTROL NMOC,VORTAC,2,2,vortac,"DUBLIN,DIEN BIEN"
DGO,EUROCONTROL NMOC,VOR DME,2,2,vor_dme,"DURANGO,SANTO DOMINGO"
DGP,EUROCONTROL NMOC,VOR DME,2,2,vor_dme,"DAUGAVPILS,DURGAPUR"
DHN,EUROCONTROL NMOC,VOR DME,2,2,vor_dme,"DAHUSHAN,DEHNAMAK"
DIL,EUROCONTROL NMOC,VOR DME,2,2,vor_dme,"TANDIL,DILI"
DMN,EUROCONTROL NMOC,DME,2,2,dme,"MUENCHEN,DAMAN"
DMN,EUROCONTROL NMOC,VORTAC,2,2,vortac,"DEMING,DAMAN"
DMT,EUROCONTROL NMOC,DME,2,2,dme,"DIAMANTINA,MONTARGIL"
DOH,EUROCONTROL NMOC,VOR DME,2,2,vor_dme,"DONG HOI,DOHA/HAMAD INTL"
DPR,EUROCONTROL NMOC,DME,2,2,dme,"PEREIRO,DUPREE"
DSH,EUROCONTROL NMOC,VOR DME,2,2,vor_dme,"DANGSHAN,DASHOGUZ"
ELD,EUROCONTROL NMOC,VOR DME,2,2,vor_dme,"EL DORADO,ELDORET"
ESP,EUROCONTROL NMOC,VOR DME,2,2,vor_dme,"ESPERANCE,ESPICHEL"
FFM,EUROCONTROL NMOC,VORTAC,2,2,vortac,"FERGUS FALLS,FRANKFURT"
FLG,EUROCONTROL NMOC,VOR DME,2,2,vor_dme,"FULING,FLAGSTAFF"
FSA,EUROCONTROL NMOC,VOR DME,2,2,vor_dme,FORMOSA
FYU,EUROCONTROL NMOC,VORTAC,2,2,vortac,"FORT YUKON,FUYU"
GAD,EUROCONTROL NMOC,VOR DME,2,2,vor_dme,"GHADAMES,GADSDEN"
GAO,EUROCONTROL NMOC,VOR DME,2,2,vor_dme,"NANCHONG,GAO/KOROGOUSSOU"
GFK,EUROCONTROL NMOC,VOR DME,2,2,vor_dme,"GRAND FORKS,LIANYUNGANG"
GNA,EUROCONTROL NMOC,VOR DME,2,2,vor_dme,"GUAYANA,ELGENIENA"
GNV,EUROCONTROL NMOC,DME,2,2,dme,"GOIANIA,GELENDZHIK"
GRD,EUROCONTROL NMOC,VOR DME,2,2,vor_dme,"CAMPO GRANDE,HRODNA"
GV,EUROCONTROL NMOC,DME,2,2,dme,"NGONG HILLS,SURGUT"
HA,EUROCONTROL NMOC,DME,2,2,dme,"HAMMERFEST,HALLI"
HAB,EUROCONTROL NMOC,VORTAC,2,2,vortac,"KHABAROVSK,HAMADAN / NOGEH"
HAI,EUROCONTROL NMOC,VOR DME,2,2,vor_dme,"MORONI P.S.I,HAIMA"
HCH,EUROCONTROL NMOC,VOR DME,2,2,vor_dme,"HINCH MOUNTAIN,HUANGCHENG"
HCN,EUROCONTROL NMOC,VOR DME,2,2,vor_dme,"HENGCHUN,CAP-HAITIEN"
HIA,EUROCONTROL NMOC,VOR DME,2,2,vor_dme,"WHITEHALL,HYDERABAD"
HL,EUROCONTROL NMOC,DME,2,2,dme,"HELSINKI-VANTAA,VESTMANNAEYJAR"
HLC,EUROCONTROL NMOC,VORTAC,2,2,vortac,"HILL CITY,HUILONG"
HME,EUROCONTROL NMOC,VOR DME,2,2,vor_dme,"HASSI MESSAOUD,HANEDA"
HOT,EUROCONTROL NMOC,VOR DME,2,2,vor_dme,"HOT SPRINGS,XILINHOT"
IAL,EUROCONTROL NMOC,DME,2,2,"ils_dme,dme",DME 10 SGA
IAR,EUROCONTROL NMOC,DME,2,2,"ils_dme,dme",AKUREYRI RWY 19
IBK,EUROCONTROL NMOC,DME,2,2,dme,"BRASILIA,VILNIUS"
IFSW,EUROCONTROL NMOC,DME,2,2,dme,"FRANKFURT IFSW,ROMA/FIUMICINO"
IKM,EUROCONTROL NMOC,DME,2,2,dme,"KAUNAS,KAMENKA"
IKO,EUROCONTROL NMOC,DME,2,2,"ils_dme,dme",KOSTINO
ILB,EUROCONTROL NMOC,DME,2,2,dme,"LISBOA,BISTRICA"
ILI,EUROCONTROL NMOC,DME,2,2,dme,"LISBOA,ILIAMNA"
ILM,EUROCONTROL NMOC,VORTAC,2,2,vortac,"ILAM,WILMINGTON"
IRE,EUROCONTROL NMOC,DME,2,2,dme,"ROENNE,REYKJAVIK"
ISPA,EUROCONTROL NMOC,DME,2,2,dme,"SPANGDAHLEM,SKRYDSTRUP"
JAC,EUROCONTROL NMOC,VOR DME,2,2,vor_dme,"JACKSON,JACAREACANGA"
JBL,EUROCONTROL NMOC,VOR DME,2,2,vor_dme,"JUBAIL,BALKANABAT"
JDG,EUROCONTROL NMOC,VOR DME,2,2,vor_dme,"JEDONG (JEJU),JIAODONG"
JDW,EUROCONTROL NMOC,VORTAC,2,2,vortac,"JEDDAH / KING ABDULAZIZ INTERNATIONAL,JIAOBEI"
KA,EUROCONTROL NMOC,VOR DME,2,2,vor_dme,"KARRATHA,KASESE"
KAD,EUROCONTROL NMOC,DME,2,2,dme,"KADIS,KALDE"
KAD,EUROCONTROL NMOC,VORTAC,2,2,vortac,"KALDE,KADENA"
KAM,EUROCONTROL NMOC,VORTAC,2,2,vortac,"KHAMIS MUSHAIT / KING KHALED AIR BASE,KAMISHLY"
KAT,EUROCONTROL NMOC,VOR DME,2,2,vor_dme,"KATSINA,KATUNAYAKE"
KFR,EUROCONTROL NMOC,VOR DME,2,2,vor_dme,"KUFRA,WAFRA"
KHG,EUROCONTROL NMOC,DME,2,2,dme,"EL KHARGA,KHARK ISLAND"
KIS,EUROCONTROL NMOC,VOR DME,2,2,vor_dme,"KISH ISLAND,KISHI"
KLP,EUROCONTROL NMOC,DME,2,2,dme,"KLAIPEDA,KOLPASHEVO"
KMC,EUROCONTROL NMOC,VORTAC,2,2,vortac,"KING SAUD AIR BASE,KOMATSU"
KNA,EUROCONTROL NMOC,VOR DME,2,2,vor_dme,"KENANA,KAUNAS"
KO,EUROCONTROL NMOC,DME,2,2,dme,"KUUSAMO,KARMANOVO"
KOS,EUROCONTROL NMOC,VOR DME,2,2,vor_dme,"KOS,SIHANOUK"
KR,EUROCONTROL NMOC,DME,2,2,dme,"KIRKENES,KARUP"
KRD,EUROCONTROL NMOC,DME,2,2,dme,"KARDLA,KALININGRAD/KHRABROVO"
KRD,EUROCONTROL NMOC,VOR DME,2,2,vor_dme,"KHORAM ABAD,KALININGRAD/KHRABROVO"
KRS,EUROCONTROL NMOC,DME,2,2,dme,"KURESSAARE,TURKMENBASHI"
KRS,EUROCONTROL NMOC,VOR DME,2,2,vor_dme,"KRASNOYARSK,TURKMENBASHI"
KTG,EUROCONTROL NMOC,DME,2,2,dme,"KENG TUNG,HENGCHUN"
KTG,EUROCONTROL NMOC,VOR DME,2,2,vor_dme,"KENG TUNG,KETAPANG/RAHADI OESMAN"
KTM,EUROCONTROL NMOC,VOR DME,2,2,vor_dme,"KHARTOUM,KATHMANDU"
KTN,EUROCONTROL NMOC,VOR DME,2,2,vor_dme,"PALMYRA,CHITA"
KUA,EUROCONTROL NMOC,VOR DME,2,2,vor_dme,"KADUNA,KUWAIT"
KWL,EUROCONTROL NMOC,VOR DME,2,2,vor_dme,"GUILIN,KIRKWALL"
LAM,EUROCONTROL NMOC,DME,2,2,dme,"LAMEZIA,LAMBOURNE"
LAM,EUROCONTROL NMOC,VOR DME,2,2,vor_dme,"LAMBOURNE,LAMERD"
LAP,EUROCONTROL NMOC,DME,2,2,dme,"LA PRAZ,LA PAZ"
LAP,EUROCONTROL NMOC,VOR DME,2,2,vor_dme,"LA PAZ,LAPA"
LAR,EUROCONTROL NMOC,VOR DME,2,2,vor_dme,"LA RIOJA,LAR"
LBN,EUROCONTROL NMOC,DME,2,2,dme,"TRAKSHI,CHELYABINSK/BALANDINO"
LBN,EUROCONTROL NMOC,VOR DME,2,2,vor_dme,"CHELYABINSK/BALANDINO,LAIBIN"
LIB,EUROCONTROL NMOC,VORTAC,2,2,vortac,"LIBERIA,LIBERTY"
LJA,EUROCONTROL NMOC,VOR DME,2,2,vor_dme,"LODJA,LIJIANG"
LKN,EUROCONTROL NMOC,VOR DME,2,2,vor_dme,"LUCKNOW,LESHUKONSKOE"
LLC,EUROCONTROL NMOC,VORTAC,2,2,vortac,"LAOLIANGCANG,LOVELOCK"
LM,EUROCONTROL NMOC,DME,2,2,dme,"CHAPAYEVO,LOME / GNASSINGBE EYADEMA"
LOA,EUROCONTROL NMOC,VORTAC,2,2,vortac,"CALAMA,LEONA"
LON,EUROCONTROL NMOC,DME,2,2,dme,"LONGZHOU,LONDON"
LP,EUROCONTROL NMOC,DME,2,2,dme,"LAPPEENRANTA,CHULKOVO"
LT,SERVICE DE LINFORMATION AERONAUTIQUE,DME,2,2,"ils_dme,dme",NOUMEA LA TONTOUTA
LTO,EUROCONTROL NMOC,VOR DME,2,2,vor_dme,"LORETO,NOUMEA LA TONTOUTA"
LYH,EUROCONTROL NMOC,VOR DME,2,2,vor_dme,"LYNCHBURG,LIUYANG"
MAH,EUROCONTROL NMOC,VOR DME,2,2,vor_dme,"MAISACH,BANDAR MAHSHAHR"
MAR,EUROCONTROL NMOC,DME,2,2,dme,"MARIE,MARIBOR"
MAV,EUROCONTROL NMOC,VOR DME,2,2,vor_dme,"MANDERA,MAUN"
MCT,EUROCONTROL NMOC,VOR DME,2,2,vor_dme,"MANCHESTER,MUSCAT"
MGA,EUROCONTROL NMOC,VOR DME,2,2,vor_dme,"MANAGUA,MAGALA"
MGR,EUROCONTROL NMOC,VOR DME,2,2,vor_dme,"MAGNITOGORSK,ESSAOUIRA / MOGADOR"
MH,EUROCONTROL NMOC,DME,2,2,dme,"MEHAMN,MIKHAYLOVSK"
MIA,EUROCONTROL NMOC,VOR DME,2,2,vor_dme,"MANDALAY INTL,MILDURA"
MID,EUROCONTROL NMOC,VOR DME,2,2,vor_dme,"MIDHURST,MERIDA"
MIL,EUROCONTROL NMOC,VOR DME,2,2,vor_dme,"MILOS,SORONG/DOMINE EDWARD OSOK"
MIS,EUROCONTROL NMOC,VORTAC,2,2,vortac,"MISRATA,MISAWA"
MK,EUROCONTROL NMOC,DME,2,2,dme,"MALKA,KRISTIANSTAD"
MKE,EUROCONTROL NMOC,VOR DME,2,2,vor_dme,"MUKAWA,MERAUKE/MOPAH"
MKN,EUROCONTROL NMOC,VOR DME,2,2,vor_dme,"MIKONOS,MYITKYINA"
MKS,EUROCONTROL NMOC,VOR DME,2,2,vor_dme,"MEKNES,MAKASSAR/SULTAN HASANUDDIN"
MLD,EUROCONTROL NMOC,DME,2,2,dme,"MOLDAVA,MALAD CITY"
MLD,EUROCONTROL NMOC,VOR DME,2,2,vor_dme,"MALINDI,MALAD CITY"
MML,EUROCONTROL NMOC,VOR DME,2,2,vor_dme,"MANGALURU,MARSHALL"
MNA,EUROCONTROL NMOC,VOR DME,2,2,vor_dme,"EL GOLEA,MINNA"
MNO,EUROCONTROL NMOC,VOR DME,2,2,vor_dme,"MANADO/SAM RATULANGI,SABETTA"
MNS,EUROCONTROL NMOC,VOR DME,2,2,vor_dme,"MINSK-2,MANAUS"
MNW,EUROCONTROL NMOC,VOR DME,2,2,vor_dme,"MINERALNYYE VODY,YUZHNO-KURILSK/MENDELEYEVO"
MOF,EUROCONTROL NMOC,VOR DME,2,2,vor_dme,"MAUMERE/FANSISKUS XAVERIUS SEDA,SAMARA/KURUMOCH"
MOL,EUROCONTROL NMOC,VOR DME,2,2,vor_dme,"MONTEBELLO,WARSZAWA/MODLIN"
MON,EUROCONTROL NMOC,VOR DME,2,2,vor_dme,"MONASTIR,PUERTO MONTT"
MOV,EUROCONTROL NMOC,VOR DME,2,2,vor_dme,"MOVEX,MONCLOVA"
MRB,EUROCONTROL NMOC,DME,2,2,dme,"MARABA,MURGAB"
MRB,EUROCONTROL NMOC,VORTAC,2,2,vortac,"MARABA,MARTINSBURG"
MS,EUROCONTROL NMOC,DME,2,2,dme,"MOSJOEN,MANIITSOQ"
MT,EUROCONTROL NMOC,VOR,2,2,vor,"TOAMASINA,MULTAN"
MTR,EUROCONTROL NMOC,VOR DME,2,2,vor_dme,"METRO,MONTERIA"
MUN,EUROCONTROL NMOC,VOR DME,2,2,vor_dme,"MATURIN,MUAN"
MVE,EUROCONTROL NMOC,VOR DME,2,2,vor_dme,"MONBETSU,MONTEVIDEO"
MZL,EUROCONTROL NMOC,VOR DME,2,2,vor_dme,"MANZHOULI,MANIZALES"
NA,EUROCONTROL NMOC,DME,2,2,dme,"NAMSOS,NIKOLAYEVSK-NA-AMURE"
NA,EUROCONTROL NMOC,VOR DME,2,2,vor_dme,"NAUSORI,NIKOLAYEVSK-NA-AMURE"
NEU,EUROCONTROL NMOC,TACAN,2,2,tacan,"NEUBURG,IWAKUNI"
NG,EUROCONTROL NMOC,DME,2,2,dme,"SHARANGA,GAELLIVARE"
NJL,EUROCONTROL NMOC,VORTAC,2,2,vortac,"LUKOU,KING ABDULAZIZ NAVAL BASE"
NK,EUROCONTROL NMOC,DME,2,2,dme,"NIKOLSKOYE,KRAMFORS"
NL,EUROCONTROL NMOC,DME,2,2,dme,"PONTA DELGADA,LYCKSELE"
NMA,EUROCONTROL NMOC,VOR DME,2,2,vor_dme,"BIMA/SULTAN MUHAMMAD SALAHUDIN,NAMANGAN"
NN,EUROCONTROL NMOC,VOR DME,2,2,vor_dme,"ENTEBBE,NADI"
NNK,EUROCONTROL NMOC,VOR DME,2,2,vor_dme,"NUNUKAN,KEMEROVO"
NQ,EUROCONTROL NMOC,DME,2,2,dme,"NARSARSUAQ,KIRUNA"
NSH,EUROCONTROL NMOC,VOR DME,2,2,vor_dme,"NINGSHAN,NOSHAHR"
NTL,EUROCONTROL NMOC,VOR DME,2,2,vor_dme,"NATAL,LOSINJ"
NX,EUROCONTROL NMOC,DME,2,2,dme,"NERL,ARVIDSJAUR"
OST,EUROCONTROL NMOC,DME,2,2,dme,"OSTIA,OSTASZE"
PAZ,EUROCONTROL NMOC,VOR DME,2,2,vor_dme,"POZA RICA,LA PAZ"
PG,EUROCONTROL NMOC,DME,2,2,dme,"PRAHA/RUZYNE DME 30,PANJGUR"
PG,EUROCONTROL NMOC,VOR DME,2,2,vor_dme,"PORT GENTIL,PANJGUR"
PL,EUROCONTROL NMOC,DME,2,2,dme,"PALANA,POLINA OSIPENKO"
PMA,EUROCONTROL NMOC,VOR DME,2,2,vor_dme,"MADINAH/PRINCE MOHAMMAD BIN ABDULAZIZ INTL,AMBON/PATTIMURA"
PNZ,EUROCONTROL NMOC,VOR DME,2,2,vor_dme,"PONZA,PENZA"
PO,EUROCONTROL NMOC,DME,2,2,dme,"PORI,POCHINOK"
POS,EUROCONTROL NMOC,VOR DME,2,2,vor_dme,"PIARCO,POSADAS"
PPN,EUROCONTROL NMOC,VOR DME,2,2,vor_dme,"POPAYAN,PUNE"
PR,EUROCONTROL NMOC,DME,2,2,dme,"PRAHA/RUZYNE DME 24,PORTO"
PRA,EUROCONTROL NMOC,VOR DME,2,2,vor_dme,"PRASLIN,PRATAPGARH"
PRG,EUROCONTROL NMOC,VOR DME,2,2,vor_dme,"PARAGUANA,PERSIAN GULF"
PRT,EUROCONTROL NMOC,DME,2,2,dme,"PERETOLA,PORTO"
PRT,EUROCONTROL NMOC,VOR DME,2,2,vor_dme,"PORTO,PRISTINA"
PSD,EUROCONTROL NMOC,VOR DME,2,2,vor_dme,"PORT SAID,PORT SUDAN"
PT,SERVICE DE LINFORMATION AERONAUTIQUE,DME,2,2,"ils_dme,dme",
PTA,EUROCONTROL NMOC,VOR DME,2,2,vor_dme,"LA PLATA,PUERTO PLATA"
PTC,EUROCONTROL NMOC,VOR DME,2,2,vor_dme,"PUERTO CARRENO,PONTECAGNANO"
PTH,EUROCONTROL NMOC,VOR DME,2,2,vor_dme,"PERTH,PHAN THIET"
PTS,EUROCONTROL NMOC,VOR DME,2,2,vor_dme,"PELOTAS,POTOSI"
PUL,EUROCONTROL NMOC,VOR DME,2,2,vor_dme,"PULA,PUCALLPA"
PUT,EUROCONTROL NMOC,VOR DME,2,2,vor_dme,"PHUKET,PUTNAM"
PWL,EUROCONTROL NMOC,VOR DME,2,2,vor_dme,"PUERTO WILLIAMS,PAWLING"
PZA,EUROCONTROL NMOC,VOR DME,2,2,vor_dme,"PUERTO ESPERANZA,PUERTO CABEZAS"
RAV,EUROCONTROL NMOC,DME,2,2,dme,"RAND,RAS AL KHAIMAH"
RAV,EUROCONTROL NMOC,VORTAC,2,2,vortac,"RAS AL KHAIMAH,RAVINE"
RO,EUROCONTROL NMOC,DME,2,2,dme,"ROROS,ROVANIEMI"
ROA,EUROCONTROL NMOC,VOR DME,2,2,vor_dme,"ROATAN,ROANOKE"
ROS,EUROCONTROL NMOC,DME,2,2,dme,"ROTTERDAM/ROTTERDAM,ROSTOV-NA-DONU/PLATOV"
ROS,EUROCONTROL NMOC,VOR DME,2,2,vor_dme,"ROSARIO,ROSTOV-NA-DONU/PLATOV"
RST,EUROCONTROL NMOC,VOR DME,2,2,vor_dme,"RASHT,ROCHESTER"
SAB,EUROCONTROL NMOC,VOR DME,2,2,vor_dme,"SAINT ABBS,ASABA"
SAM,EUROCONTROL NMOC,DME,2,2,dme,"SAMPLA,SOUTHAMPTON"
SAU,EUROCONTROL NMOC,VOR DME,2,2,vor_dme,"SIAULIAI,SAUSALITO"
SB,EUROCONTROL NMOC,DME,2,2,dme,"SAMBAVA,STOCKHOLM/BROMMA"
SD,EUROCONTROL NMOC,DME,2,2,dme,"MAARIANHAMINA,BORLAENGE"
SDE,EUROCONTROL NMOC,VOR DME,2,2,vor_dme,"SANTIAGO DEL ESTERO,SENDAI"
SER,EUROCONTROL NMOC,VOR DME,2,2,vor_dme,"LA SERENA,SERGELEN"
SFD,EUROCONTROL NMOC,VOR DME,2,2,vor_dme,"SEAFORD,SAN FERNANDO DE APURE"
SGR,EUROCONTROL NMOC,VOR DME,2,2,vor_dme,"SAGRES,SRINAGAR"
SH,EUROCONTROL NMOC,VOR DME,2,2,vor_dme,"SALEKHARD,ST HELENA"
SHA,EUROCONTROL NMOC,VORTAC,2,2,vortac,"HONGQIAO,SHARURAH"
SHD,EUROCONTROL NMOC,DME,2,2,dme,"SCHWAEBISCH HALL,SAHAND"
SHR,EUROCONTROL NMOC,VOR DME,2,2,vor_dme,"SHANGRAO,SHAHROUD"
SIA,EUROCONTROL NMOC,VORTAC,2,2,vortac,"SANGSTER,ISA"
SIE,EUROCONTROL NMOC,VORTAC,2,2,vortac,"SIEDLCE,SEA ISLE"
SIS,EUROCONTROL NMOC,VOR DME,2,2,vor_dme,"SAN ISIDRO,RESISTENCIA"
SJD,EUROCONTROL NMOC,VOR DME,2,2,vor_dme,"CABOS,YANGZHOU"
SJE,EUROCONTROL NMOC,VOR DME,2,2,vor_dme,"SAN JOSE DEL GUAVIARE,SHIMOJISHIMA"
SKD,EUROCONTROL NMOC,VOR DME,2,2,vor_dme,"SHAHRE KORD,SAMARKAND"
SLC,EUROCONTROL NMOC,VORTAC,2,2,vortac,"SLIAC,SALT LAKE CITY"
SLP,EUROCONTROL NMOC,VOR DME,2,2,vor_dme,"POTOSI,LUBUK LINGGAU / SILAMPARI"
SLT,EUROCONTROL NMOC,VORTAC,2,2,vortac,"SLATE RUN,SIALKOT"
SMR,EUROCONTROL NMOC,VOR DME,2,2,vor_dme,"SMARA,SIMARA"
SN,EUROCONTROL NMOC,DME,2,2,dme,"ROSKILDE,USINSK"
SNT,EUROCONTROL NMOC,DME,2,2,dme,"PRAIA,PORTO SANTO"
SOK,EUROCONTROL NMOC,VORTAC,2,2,vortac,"SOUTH KAUAI,SOKOTO"
SOT,EUROCONTROL NMOC,VORTAC,2,2,vortac,"SNOWBIRD,SONGTAN"
SPA,EUROCONTROL NMOC,DME,2,2,dme,"SLEIPNER A,LULEA"
SPL,EUROCONTROL NMOC,VOR DME,2,2,vor_dme,"AMSTERDAM/SCHIPHOL,SPLIT"
SPY,EUROCONTROL NMOC,DME,2,2,dme,"SPIJKERBOOR,ST PAUL ISLAND"
SRA,EUROCONTROL NMOC,VORTAC,2,2,vortac,"SAN RAFAEL / S.A. S.GERMANO,SINTRA"
STG,EUROCONTROL NMOC,VOR DME,2,2,vor_dme,"STUTTGART,SANTIAGO"
STM,EUROCONTROL NMOC,VOR DME,2,2,vor_dme,"SAO TOME,SANTAREM"
STN,EUROCONTROL NMOC,DME,2,2,dme,"SURAT THANI,STORNOWAY"
STV,EUROCONTROL NMOC,VORTAC,2,2,vortac,"STEFANOVIKION,STONEWALL"
STW,EUROCONTROL NMOC,DME,2,2,dme,"STAVROPOL/SHPAKOVSKOYE,STILLWATER"
SUL,EUROCONTROL NMOC,VOR DME,2,2,vor_dme,"SULZ,SULAIMANIYAH"
SUR,EUROCONTROL NMOC,DME,2,2,dme,"SURAT,SUR"
SV,EUROCONTROL NMOC,DME,2,2,dme,"ST. VINCENT,VISBY"
TAL,EUROCONTROL NMOC,VOR DME,2,2,vor_dme,"TALARA,TANANA"
TAN,EUROCONTROL NMOC,VOR DME,2,2,vor_dme,"TANF,YUANTAN"
TAP,EUROCONTROL NMOC,VOR DME,2,2,vor_dme,"TAPACHULA,TARAPOTO"
TBK,EUROCONTROL NMOC,DME,2,2,dme,"TAMBOLAKA / LEDE KALUMBANG,TABARKA/AIN DRAHAM"
TBS,EUROCONTROL NMOC,VOR DME,2,2,vor_dme,"TEBESSA,TABAS"
TCL,EUROCONTROL NMOC,DME,2,2,dme,"TOSONTSENGEL,TACHILEIK"
TCL,EUROCONTROL NMOC,VORTAC,2,2,vortac,"TUSCALOOSA,TACHILEIK"
TFE,EUROCONTROL NMOC,VOR DME,2,2,vor_dme,"MUSASHI,TEFE"
TGU,EUROCONTROL NMOC,DME,2,2,dme,"TOUGGOURT,TAUNGOO"
THA,EUROCONTROL NMOC,VOR DME,2,2,vor_dme,"THABLOTIN,TAOHUA"
THX,EUROCONTROL NMOC,DME,2,2,dme,"XIENGKHUANG,THO XUAN"
TIO,EUROCONTROL NMOC,VOR DME,2,2,vor_dme,"TIMIMOUN,EL COCO"
TNN,EUROCONTROL NMOC,VOR DME,2,2,vor_dme,"TAN-TAN/PLAGE BLANCHE,SIGANG"
TNT,EUROCONTROL NMOC,DME,2,2,dme,"TRENTO,TRENT"
TNV,EUROCONTROL NMOC,VOR DME,2,2,vor_dme,"ANTANANARIVO/IVATO,NAVASOTA"
TOL,EUROCONTROL NMOC,VOR DME,2,2,vor_dme,"TONGLU,TOLEMAIDA"
TOY,EUROCONTROL NMOC,VORTAC,2,2,vortac,"TONGOY,TROY"
TR,EUROCONTROL NMOC,DME,2,2,dme,"TROMSO/LANGNES,AARHUS"
TRE,EUROCONTROL NMOC,VOR DME,2,2,vor_dme,"TOTTORI,TRELEW"
TRL,EUROCONTROL NMOC,DME,2,2,dme,"TROLL,TRES LAGOAS"
TRO,EUROCONTROL NMOC,VOR DME,2,2,vor_dme,"TROMSO,TROMPETEROS"
TRT,EUROCONTROL NMOC,DME,2,2,dme,"TRENT,TRAT"
TU,EUROCONTROL NMOC,DME,2,2,dme,"TURKU,TURBAT"
TU,EUROCONTROL NMOC,VOR DME,2,2,vor_dme,"TOLIARY,TURBAT"
TUC,EUROCONTROL NMOC,VOR DME,2,2,vor_dme,"TUNIS,TUCUMAN / TTE. B. MATIENZO"
TV,EUROCONTROL NMOC,VOR DME,2,2,vor_dme,"STONY,TABORA"
UL,EUROCONTROL NMOC,DME,2,2,dme,"ULA,ULUNDI"
ULD,EUROCONTROL NMOC,VOR DME,2,2,vor_dme,"UBERLANDIA,ULAN-UDE/MUKHINO"
VAS,EUROCONTROL NMOC,VOR DME,2,2,vor_dme,"ASUNCION,ALOR STAR"
VBA,EUROCONTROL NMOC,VOR DME,2,2,vor_dme,"BARNA,BATU ARANG"
VBU,EUROCONTROL NMOC,VOR DME,2,2,vor_dme,"BULAWAYO/J.M. NKOMO,BINTULU"
VDO,EUROCONTROL NMOC,VOR DME,2,2,vor_dme,"OUJDA/ANGADS,VAN DON"
VEN,EUROCONTROL NMOC,VOR DME,2,2,vor_dme,"VENTSPILS,ENCARNACION"
VFA,EUROCONTROL NMOC,VOR DME,2,2,vor_dme,"FARO,VICTORIA FALLS"
VFL,EUROCONTROL NMOC,VORTAC,2,2,vortac,"VARDEFJELL,HORTA"
VIH,EUROCONTROL NMOC,VOR DME,2,2,vor_dme,"IPOH,VICHY"
VLI,EUROCONTROL NMOC,VOR DME,2,2,vor_dme,"HARRY MWAANGA NKUMBULA,PORT VILA"
VME,EUROCONTROL NMOC,VOR DME,2,2,vor_dme,"MCAL. ESTIGARRIBIA,MENONGUE"
VMG,EUROCONTROL NMOC,VOR DME,2,2,vor_dme,"SAO MIGUEL,MONGU"
VNA,EUROCONTROL NMOC,VORTAC,2,2,vortac,"LUANDA,VIENNA"
VSA,EUROCONTROL NMOC,DME,2,2,dme,"VITORIA DE SANTO ANTAO,VILLAHERMOSA"
VSA,EUROCONTROL NMOC,VOR DME,2,2,vor_dme,"VILLAHERMOSA,SAURIMO"
VSP,EUROCONTROL NMOC,VOR DME,2,2,vor_dme,"VISAKHAPATNAM,SEPANG"
VTN,EUROCONTROL NMOC,VOR DME,2,2,vor_dme,"VIENTIANE,VENTANAS"
WGD,EUROCONTROL NMOC,VOR DME,2,2,vor_dme,"VOLGOGRAD/GUMRAK,VOLOGDA"
WLD,EUROCONTROL NMOC,VOR DME,2,2,vor_dme,"BENI WALID,WALDA"
WOL,EUROCONTROL NMOC,DME,2,2,dme,"WOL,WOLVERHAMPTON/HALFPENNY GREEN"
ZAG,EUROCONTROL NMOC,VOR DME,2,2,vor_dme,"ZAGREB,ZAGORA"
