ident,data_originator,adet,farkli_koordinat,tablolar,isimler
TRN,EUROCONTROL NMOC,13,7,"vor_dme,dme","TURNBERRY,TEHRAN,TRANG,CAN THO,TERNATE/SULTAN BABULLAH,TONGREN,TALAKAN,TERNATE SULTAN BABULLAH"
MAK,EUROCONTROL NMOC,7,4,"vor_dme,dme","MARRAKECH / MENARA,MARSA ALAM,MAKASSAR/SULTAN HASANUDDIN,MAKU"
AND,EUROCONTROL NMOC,6,4,"vor_dme,dme","ANDAHUAYLAS,ANDONG,ANDOYA,TEPLYY KLYUCH"
CHI,EUROCONTROL NMOC,6,4,"vor_dme,dme","CHILLARKI,CHILLAN,CHANGHAI,CHIOGGIA"
DAR,EUROCONTROL NMOC,6,5,"vor_dme,dme,tacan","DARLOWO,DARBAND,DARKHAN,AROUCA,DARWIN"
LIN,EUROCONTROL NMOC,6,5,"vor_dme,dme","LINATE,LINDEN,LINLI,LININ"
PAL,EUROCONTROL NMOC,6,4,"vor_dme,dme","EL PALOMAR,PALU / MUTIARA SIS AL JUFRI,PALANQUERO,PALERMO/PUNTA RAISI"
RK,EUROCONTROL NMOC,6,4,"vor_dme,dme","RAHIM YAR KHAN,ROCKHAMPTON,SARATOV/GAGARIN,MARKOVO"
SAV,EUROCONTROL NMOC,6,4,"vortac,dme","SAVANNAKHET,SALINAS,SAVANNAH,SAVEH"
TD,EUROCONTROL NMOC,6,5,"vor_dme,dme","TAMBACOUNDA,TUNG LUNG,MOUNDOU,TRONDHEIM/VAERNES,TYNDA"
TNT,EUROCONTROL NMOC,6,6,"vor_dme,dme,tacan","TRENT,TONCONTIN,TRENTO,TACHIKAWA"
BNA,EUROCONTROL NMOC,5,3,"vor_dme,dme","BENINA,BANAK,BARCELONA"
BND,EUROCONTROL NMOC,5,4,"vor_dme,dme,tacan","BANDUNG/HUSEIN SASTRANEGARA,BANDAR ABBASS,BREMEN"
BPN,EUROCONTROL NMOC,5,3,"vor_dme,dme","BOPAN,BALIKPAPAN/SULTAN AJI MUHAMMAD SULAIMAN SEPINGGAN,BARAPANI"
BRT,EUROCONTROL NMOC,5,3,"vor_dme,dme","BRATSK,BIRATNAGAR,BREST"
BTO,EUROCONTROL NMOC,5,3,"vor_dme,dme","POTOU,BONITO,TANGERANG/BUDIARTO"
CMP,EUROCONTROL NMOC,5,4,"vor_dme,dme","CAMPAGNANO,CHUM PHAE,CZEMPIN"
GNV,EUROCONTROL NMOC,5,3,"vortac,dme","GATORS,GELENDZHIK,GOIANIA"
GV,EUROCONTROL NMOC,5,3,"vor_dme,dme","NGONG HILLS,GOVE,SURGUT"
KA,EUROCONTROL NMOC,5,5,"vor_dme,dme","KARRATHA,KASESE,KASTRUP,YAROSLAVL/TUNOSHNA"
KHG,EUROCONTROL NMOC,5,3,"vor_dme,dme","EL KHARGA,KASHI,KHARK ISLAND"
KLP,EUROCONTROL NMOC,5,3,"vor_dme,dme","KOLPASHEVO,KOLHAPUR,KLAIPEDA"
LM,EUROCONTROL NMOC,5,4,"vor_dme,dme","LAJES,LOME / GNASSINGBE EYADEMA,LEARMONTH,CHAPAYEVO"
LON,EUROCONTROL NMOC,5,3,"vor_dme,dme","LONDON,LONDRINA,LONGZHOU"
SAM,EUROCONTROL NMOC,5,3,"vor_dme,dme","SOUTHAMPTON,SAMOS,SAMPLA"
SNT,EUROCONTROL NMOC,5,4,"vor_dme,dme","PRAIA,PORTO SANTO,SAN ANTONIO DE ARECO"
STN,EUROCONTROL NMOC,5,3,"vor_dme,dme","STORNOWAY,SURAT THANI,SANTANA"
STW,EUROCONTROL NMOC,5,3,"vor_dme,dme","STILLWATER,SITTWE,STAVROPOL/SHPAKOVSKOYE"
SUR,EUROCONTROL NMOC,5,3,"vor_dme,dme","SUR,SUCRE,SURAT"
TBK,EUROCONTROL NMOC,5,3,"vortac,dme","TABARKA/AIN DRAHAM,TABUK / PRINCE SULTAN BIN ABDULAZIZ,TAMBOLAKA / LEDE KALUMBANG"
TGU,EUROCONTROL NMOC,5,3,"vortac,dme","TOUGGOURT,DALSEONG,TAUNGOO"
THX,EUROCONTROL NMOC,5,3,"vortac,dme","THREE RIVERS,XIENGKHUANG,THO XUAN"
AAR,EUROCONTROL NMOC,4,3,"vor_dme,dme","AMRITSAR,ARAR,AARHUS"
AD,EUROCONTROL NMOC,4,3,"vor_dme,dme","ABIDJAN / FELIX HOUPHOUET-BOIGNY,ADELAIDE,SANDANE/ANDA"
ALI,EUROCONTROL NMOC,4,3,"vor_dme,dme","ALICE,ALIGARH,AL NAJAF"
BAR,EUROCONTROL NMOC,4,4,"vor_dme,dme,tacan","SAN CARLOS DE BARILOCHE,BARI,BARUUN-URT,BARDUFOSS"
BEL,EUROCONTROL NMOC,4,3,"vor_dme,dme","BELFAST,BELEM,BELLA"
BNN,EUROCONTROL NMOC,4,3,"vor_dme,dme","BOVINGDON,BRONNOY,XISHUANGBANNA"
BRM,EUROCONTROL NMOC,4,3,"vor_dme,dme","BURI RAM,BARQUISIMETO,BROOME"
BT,EUROCONTROL NMOC,4,4,"vor,dme","BERBERATI,BATSFJORD,BUTURLINO,ALATYR"
BW,EUROCONTROL NMOC,4,4,dme,"CESKE BUDEJOVICE DME 27,BALAKOVO,VUKTYL,BERINGOVSKIY"
CAR,EUROCONTROL NMOC,4,3,"vor_dme,dme","CONCEPCION,CARNARVON,CARBONARA"
CBA,EUROCONTROL NMOC,4,3,"vor_dme,dme","CORDOBA / ING. A. TARABELLA,COCHABAMBA,CASABLANCA / MOHAMED V"
DMN,EUROCONTROL NMOC,4,3,"vortac,dme","DEMING,DAMAN,MUENCHEN"
HAM,EUROCONTROL NMOC,4,3,"vor_dme,dme","HAMADAN,HAMBURG,TAOJIAGONG"
IAL,EUROCONTROL NMOC,4,3,"ils_loc,ils_gp,ils_dme,dme",DME 10 SGA
IAR,EUROCONTROL NMOC,4,3,"ils_loc,ils_gp,ils_dme,dme",AKUREYRI RWY 19
IKO,EUROCONTROL NMOC,4,3,"ils_loc,ils_gp,ils_dme,dme",KOSTINO
IRK,EUROCONTROL NMOC,4,4,"ils_loc,ils_gp,ils_dme,vortac",KIRKSVILLE
KAD,EUROCONTROL NMOC,4,3,"vortac,dme","KALDE,KADENA,KADIS"
KRD,EUROCONTROL NMOC,4,3,"vor_dme,dme","KHORAM ABAD,KALININGRAD/KHRABROVO,KARDLA"
KRS,EUROCONTROL NMOC,4,3,"vor_dme,dme","KRASNOYARSK,TURKMENBASHI,KURESSAARE"
KTG,EUROCONTROL NMOC,4,3,"vor_dme,dme","KENG TUNG,KETAPANG/RAHADI OESMAN,HENGCHUN"
KU,EUROCONTROL NMOC,4,4,"vor_dme,dme","KUNUNURRA,SKURATOVO,BIYSK,KURGAN"
LAM,EUROCONTROL NMOC,4,3,"vor_dme,dme","LAMBOURNE,LAMERD,LAMEZIA"
LAP,EUROCONTROL NMOC,4,3,"vor_dme,dme","LA PAZ,LAPA,LA PRAZ"
LBN,EUROCONTROL NMOC,4,3,"vor_dme,dme","CHELYABINSK/BALANDINO,LAIBIN,TRAKSHI"
LT,SERVICE DE LINFORMATION AERONAUTIQUE,4,4,"ils_loc,ils_gp,ils_dme,dme",NOUMEA LA TONTOUTA
MLD,EUROCONTROL NMOC,4,3,"vor_dme,dme","MALINDI,MALAD CITY,MOLDAVA"
MRB,EUROCONTROL NMOC,4,3,"vortac,dme","MARABA,MARTINSBURG,MURGAB"
MTG,EUROCONTROL NMOC,4,3,"vor_dme,dme","MITIGA,MOUNT GAMBIER,MARTIGUES"
NA,EUROCONTROL NMOC,4,3,"vor_dme,dme","NAUSORI,NIKOLAYEVSK-NA-AMURE,NAMSOS"
PG,EUROCONTROL NMOC,4,3,"vor_dme,dme","PORT GENTIL,PANJGUR,PRAHA/RUZYNE DME 30"
PRT,EUROCONTROL NMOC,4,4,"vor_dme,dme","PORTO,PRISTINA,PERETOLA"
PT,SERVICE DE LINFORMATION AERONAUTIQUE,4,4,"ils_loc,ils_gp,ils_dme,dme",
RAV,EUROCONTROL NMOC,4,3,"vortac,dme","RAS AL KHAIMAH,RAVINE,RAND"
ROS,EUROCONTROL NMOC,4,3,"vor_dme,dme","ROSARIO,ROSTOV-NA-DONU/PLATOV,ROTTERDAM/ROTTERDAM"
SL,EUROCONTROL NMOC,4,4,dme,"STAVANGER/SOLA,LINKOEPING/SAAB,SUKHODOL,SREDNEBELAYA"
SPA,EUROCONTROL NMOC,4,4,"vortac,dme,tacan","SPARTANBURG,SLEIPNER A,LULEA,SPANGDAHLEM"
TCL,EUROCONTROL NMOC,4,3,"vortac,dme","TUSCALOOSA,TACHILEIK,TOSONTSENGEL"
TU,EUROCONTROL NMOC,4,3,"vor_dme,dme","TOLIARY,TURBAT,TURKU"
VSA,EUROCONTROL NMOC,4,3,"vor_dme,dme","VILLAHERMOSA,SAURIMO,VITORIA DE SANTO ANTAO"
ABA,EUROCONTROL NMOC,3,3,"vor_dme,dme","ARUBA,AMSTERDAM/SCHIPHOL,ALBANY"
ABD,EUROCONTROL NMOC,3,2,"vor_dme,dme","ABADAN,MALANG / ABDUL RACHMAN SALEH"
ADM,EUROCONTROL NMOC,3,2,"vortac,dme","AGADIR / AL MASSIRA,ARDMORE"
ADN,EUROCONTROL NMOC,3,2,"vor_dme,dme","ABERDEEN,ROBERTO"
ALB,EUROCONTROL NMOC,3,2,"vor_dme,dme","ALBENGA,ABU DHABI / AL BATEEN"
ANU,EUROCONTROL NMOC,3,2,"vor_dme,dme","V.C. BIRD,ANAMBRA"
ARD,EUROCONTROL NMOC,3,2,"vor_dme,dme","YARDLEY,ARADAH"
ARG,EUROCONTROL NMOC,3,3,"vortac,dme","ARGYLE,WALNUT RIDGE"
ARI,EUROCONTROL NMOC,3,2,"vor_dme,dme","NADOR / EL AROUI,ARICA"
AS,EUROCONTROL NMOC,3,3,"vor_dme,dme","AGADEZ / MANO DAYAK,ALICE SPRINGS,AASIAAT"
AST,EUROCONTROL NMOC,3,2,"vor_dme,dme","ASYUT,ASTRAKHAN"
AVS,ENAIRE,3,3,"ils_loc,ils_gp,ils_dme",
BA,CIVIL AVIATION AUTHORITY ISRAEL,3,2,"ils_loc,ils_gp,ils_dme",
BAL,BHANSA (ANSP),3,2,"ils_loc,ils_gp,ils_dme",
BAL,EUROCONTROL NMOC,3,2,"vor_dme,dme","BALMACEDA,B.A EL LIBERTADOR"
BAM,EUROCONTROL NMOC,3,2,"vor_dme,dme","BARMEN,BAM"
BAN,EUROCONTROL NMOC,3,3,"vor_dme,dme","SIDI BEN AOUN,BARNAUL/MIKHAYLOVKA,BARAHONA"
BBI,EUROCONTROL NMOC,3,3,"vor_dme,dme","BELLARY,BERLIN-BRANDENBURG"
BBS,EUROCONTROL NMOC,3,2,"vor_dme,dme","BENI ABBES,BHUBANESWAR"
BC,CIVIL AVIATION AUTHORITY ISRAEL,3,2,"ils_loc,ils_gp,ils_dme",
BCA,ENAIRE,3,2,"ils_loc,ils_gp,ils_dme",
BD,CIVIL AVIATION AUTHORITY ISRAEL,3,2,"ils_loc,ils_gp,ils_dme",
BDA,EUROCONTROL NMOC,3,2,"vor_dme,dme","BERMUDA,BIDA"
BDB,EUROCONTROL NMOC,3,2,"vor_dme,dme","BIR DARB,BODAYBO"
BDR,EUROCONTROL NMOC,3,2,"vor_dme,dme","BAHIR DAR,BIDAR"
BEN,EUROCONTROL NMOC,3,2,"vor_dme,dme","BENBECULA,BENIN"
BET,EUROCONTROL NMOC,3,2,"vortac,dme","BETHEL,BETONG"
BG,CIVIL AVIATION AUTHORITY ISRAEL,3,2,"ils_loc,ils_gp,ils_dme",
BG,EUROCONTROL NMOC,3,3,dme,"BERGEN/FLESLAND,BOGORODSKOYE,BELAYA GORA"
BGD,EUROCONTROL NMOC,3,2,"vor_dme,dme","BAGHDAD,BAGDOGRA"
BGR,EUROCONTROL NMOC,3,2,"vortac,dme","BANGOR,BENGUERIR"
BHS,BHANSA (ANSP),3,2,"ils_loc,ils_gp,ils_dme",
BIK,EUROCONTROL NMOC,3,2,"vor_dme,dme","BIAK/FRANS KAISIEPO,BIRNIN KEBBI"
BIS,EUROCONTROL NMOC,3,2,"vor_dme,dme","BISKRA,BISSAU"
BJ,EUROCONTROL NMOC,3,3,"vor_dme,dme","BANJUL,BEJA,BELY"
BJA,EUROCONTROL NMOC,3,2,"vor_dme,dme","BUJUMBURA,BEJAIA"
BKY,EUROCONTROL NMOC,3,2,"vor_dme,dme","BOUAKE,BARKWAY"
BL,EUROCONTROL NMOC,3,3,"vor_dme,dme","BELGOROD,BRINGELAND,KHOROSHENKOYE"
BLE,ENAIRE,3,2,"ils_loc,ils_gp,ils_dme",
BLT,ENAIRE,3,2,"ils_loc,ils_gp,ils_dme",
BLT,EUROCONTROL NMOC,3,2,"vor_dme,dme","GBADOLITE,BALTIM"
BLW,ENAIRE,3,2,"ils_loc,ils_gp,ils_dme",
BN,CIVIL AVIATION AUTHORITY ISRAEL,3,2,"ils_loc,ils_gp,ils_dme",
BNS,EUROCONTROL NMOC,3,2,"vor_dme,dme","BARINAS,BENSLIMANE"
BPL,HUNGAROCONTROL,3,3,"ils_loc,ils_gp,ils_dme",
BPR,HUNGAROCONTROL,3,3,"ils_loc,ils_gp,ils_dme",
BRL,EUROCONTROL NMOC,3,2,"vor_dme,dme","BURLINGTON,BAREILLY"
BRN,EUROCONTROL NMOC,3,2,"vor_dme,dme","SIDI BARRANI,BIRJAND"
BSI,AIR TRAFFIC AND NAVIGATION SERVICES COMPANY LIMITED (ATNS),3,2,"ils_loc,ils_gp,ils_dme",
BSR,EUROCONTROL NMOC,3,2,"vortac,dme","BASRAH,BIG SUR"
BTG,EUROCONTROL NMOC,3,2,"vortac,dme","BATTLE GROUND,BATAGAY"
BTJ,SERBIA AND MONTENEGRO AIR TRAFFIC SERVICES SMATSA LLC,3,2,"ils_loc,ils_gp,ils_dme",
BUN,EUROCONTROL NMOC,3,2,"vor_dme,dme","BUNIA,BUENAVENTURA"
CA,SERVICE DE LINFORMATION AERONAUTIQUE,3,2,"ils_loc,ils_gp,ils_dme",
CAT,EUROCONTROL NMOC,3,2,"vor_dme,dme","EL SALVADOR,CATAMARCA"
CBL,EUROCONTROL NMOC,3,2,"vor_dme,dme","CIUDAD BOLIVAR,CASABLANCA / MOHAMMED V"
CEN,EUROCONTROL NMOC,3,2,"vor_dme,dme","OBREGON,CENCUN"
CGO,EUROCONTROL NMOC,3,2,"vor_dme,dme","XINZHENG,CONGONHAS"
CGT,EUROCONTROL NMOC,3,2,"vortac,dme","CHICAGO HEIGHTS,CHONGGU"
CHE,EUROCONTROL NMOC,3,2,"vor_dme,dme","CHITOSE,HAYDEN"
CHG,EUROCONTROL NMOC,3,2,"vor_dme,dme","CHAOYANG,CHANDIGARH"
CIA,EUROCONTROL NMOC,3,2,"vor_dme,dme","COCHIN,CUIABA"
CJS,EUROCONTROL NMOC,3,2,"vor_dme,dme","JUAREZ,CARAJAS"
CKG,EUROCONTROL NMOC,3,2,"vor_dme,dme","JAKARTA / SOEKARNO-HATTA,JIANGBEI"
CLA,EUROCONTROL NMOC,3,2,"vor_dme,dme","CHICLAYO,CHU LAI"
CMA,EUROCONTROL NMOC,3,2,"vor_dme,dme","CHIANG MAI,CANAIMA"
COL,EUROCONTROL NMOC,3,2,"vor_dme,dme","COLIMA,COLA"
CSL,EUROCONTROL NMOC,3,2,"vor_dme,dme","CASELLE,LUCAS"
CSN,EUROCONTROL NMOC,3,2,"vortac,dme","CASANOVA,CON SON"
CTB,EUROCONTROL NMOC,3,2,"vor_dme,dme","CURITIBA,CUT BANK"
CTG,EUROCONTROL NMOC,3,2,"vor_dme,dme","CHATTOGRAM,CARTAGENA"
CTI,AIR TRAFFIC AND NAVIGATION SERVICES COMPANY LIMITED (ATNS),3,2,"ils_loc,ils_gp,ils_dme",
CTR,EUROCONTROL NMOC,3,2,"vor_dme,dme","CHIANG RAI,CHESTER"
CUN,EUROCONTROL NMOC,3,2,"vor_dme,dme","CANCUN,YECHEON"
DBL,EUROCONTROL NMOC,3,2,"vor_dme,dme","DALIAN,RED TABLE"
DBN,EUROCONTROL NMOC,3,2,"vortac,dme","DUBLIN,DIEN BIEN"
DCN,HUNGAROCONTROL,3,3,"ils_loc,ils_gp,ils_dme",
DGO,EUROCONTROL NMOC,3,2,"vor_dme,dme","DURANGO,SANTO DOMINGO"
DGP,EUROCONTROL NMOC,3,2,"vor_dme,dme","DAUGAVPILS,DURGAPUR"
DHN,EUROCONTROL NMOC,3,2,"vor_dme,dme","DAHUSHAN,DEHNAMAK"
DIL,EUROCONTROL NMOC,3,2,"vor_dme,dme","TANDIL,DILI"
DOH,EUROCONTROL NMOC,3,2,"vor_dme,dme","DONG HOI,DOHA/HAMAD INTL"
DSH,EUROCONTROL NMOC,3,2,"vor_dme,dme","DANGSHAN,DASHOGUZ"
ELD,EUROCONTROL NMOC,3,2,"vor_dme,dme","EL DORADO,ELDORET"
ELI,AIR TRAFFIC AND NAVIGATION SERVICES COMPANY LIMITED (ATNS),3,2,"ils_loc,ils_gp,ils_dme",
ESP,EUROCONTROL NMOC,3,2,"vor_dme,dme","ESPERANCE,ESPICHEL"
FER,HUNGAROCONTROL,3,3,"ils_loc,ils_gp,ils_dme",
FFM,EUROCONTROL NMOC,3,2,"vortac,dme","FERGUS FALLS,FRANKFURT"
FHL,HUNGAROCONTROL,3,3,"ils_loc,ils_gp,ils_dme",
FLG,EUROCONTROL NMOC,3,2,"vor_dme,dme","FULING,FLAGSTAFF"
FSA,EUROCONTROL NMOC,3,2,"vor_dme,dme",FORMOSA
FYU,EUROCONTROL NMOC,3,2,"vortac,dme","FORT YUKON,FUYU"
GAA,ENAIRE,3,2,"ils_loc,ils_gp,ils_dme",
GAD,EUROCONTROL NMOC,3,2,"vor_dme,dme","GHADAMES,GADSDEN"
GAO,EUROCONTROL NMOC,3,2,"vor_dme,dme","NANCHONG,GAO/KOROGOUSSOU"
GEI,AIR TRAFFIC AND NAVIGATION SERVICES COMPANY LIMITED (ATNS),3,3,"ils_loc,ils_gp,ils_dme",
GFK,EUROCONTROL NMOC,3,2,"vor_dme,dme","GRAND FORKS,LIANYUNGANG"
GGI,AIR TRAFFIC AND NAVIGATION SERVICES COMPANY LIMITED (ATNS),3,3,"ils_loc,ils_gp,ils_dme",
GMM,ENAIRE,3,2,"ils_loc,ils_gp,ils_dme",
GNA,EUROCONTROL NMOC,3,2,"vor_dme,dme","GUAYANA,ELGENIENA"
GPR,HUNGAROCONTROL,3,2,"ils_loc,ils_gp,ils_dme",
GRD,ENAIRE,3,2,"ils_loc,ils_gp,ils_dme",
GRD,EUROCONTROL NMOC,3,2,"vor_dme,dme","CAMPO GRANDE,HRODNA"
GRO,EUROCONTROL NMOC,3,3,"vor,dme,tacan","GROSSETO,GRONINGEN/EELDE"
HA,EUROCONTROL NMOC,3,3,"vor_dme,dme","KOMSOMOLSK-NA-AMURE/KHURBA,HAMMERFEST,HALLI"
HAB,EUROCONTROL NMOC,3,2,"vortac,dme","KHABAROVSK,HAMADAN / NOGEH"
HAI,EUROCONTROL NMOC,3,2,"vor_dme,dme","MORONI P.S.I,HAIMA"
HCH,EUROCONTROL NMOC,3,2,"vor_dme,dme","HINCH MOUNTAIN,HUANGCHENG"
HIA,EUROCONTROL NMOC,3,2,"vor_dme,dme","WHITEHALL,HYDERABAD"
HLC,EUROCONTROL NMOC,3,2,"vortac,dme","HILL CITY,HUILONG"
HME,EUROCONTROL NMOC,3,2,"vor_dme,dme","HASSI MESSAOUD,HANEDA"
HOT,EUROCONTROL NMOC,3,2,"vor_dme,dme","HOT SPRINGS,XILINHOT"
IAA,AIRWAYS CORPORATION OF NEW ZEALAND LTD,3,3,"ils_loc,ils_gp,ils_dme",
IAA,KAZAERONAVIGATSIA RSE,3,2,"ils_loc,ils_gp,ils_dme",
IABT,ENAIRE,3,2,"ils_loc,ils_gp,ils_dme",
IAC,AIRNAV IRELAND,3,2,"ils_loc,ils_gp,ils_dme",
IAD,ROMATSA - ROMANIAN AIR TRAFFIC SERVICES ADMINISTRATION,3,3,"ils_loc,ils_gp,ils_dme",
IAD,SKEYES,3,3,"ils_loc,ils_gp,ils_dme",
IADA,DHMI TURKIYE,3,2,"ils_loc,ils_gp,ils_dme",
IADY,DHMI TURKIYE,3,2,"ils_loc,ils_gp,ils_dme",
IAE,ENAIRE,3,2,"ils_loc,ils_gp,ils_dme",
IAGR,DHMI TURKIYE,3,2,"ils_loc,ils_gp,ils_dme",
IAK,KAZAERONAVIGATSIA RSE,3,2,"ils_loc,ils_gp,ils_dme",
IAKR,DHMI TURKIYE,3,2,"ils_loc,ils_gp,ils_dme",
IAL,KAZAERONAVIGATSIA RSE,3,2,"ils_loc,ils_gp,ils_dme",
IALR,ENAIRE,3,2,"ils_loc,ils_gp,ils_dme",
IALY,DHMI TURKIYE,3,2,"ils_loc,ils_gp,ils_dme",
IAM,ENAIRE,3,2,"ils_loc,ils_gp,ils_dme",
IAMN,JORDAN CIVIL AVIATION REGULATORY COMMISSION,3,2,"ils_loc,ils_gp,ils_dme",
IANK,DHMI TURKIYE,3,2,"ils_loc,ils_gp,ils_dme",
IAP,AIRWAYS CORPORATION OF NEW ZEALAND LTD,3,2,"ils_loc,ils_gp,ils_dme",
IAQA,JORDAN CIVIL AVIATION REGULATORY COMMISSION,3,2,"ils_loc,ils_gp,ils_dme",
IART,DHMI TURKIYE,3,2,"ils_loc,ils_gp,ils_dme",
IAT,ENAIRE,3,2,"ils_loc,ils_gp,ils_dme",
IAT,KAZAERONAVIGATSIA RSE,3,2,"ils_loc,ils_gp,ils_dme",
IATA,DHMI TURKIYE,3,2,"ils_loc,ils_gp,ils_dme",
IATY,DHMI TURKIYE,3,2,"ils_loc,ils_gp,ils_dme",
IAU,KAZAERONAVIGATSIA RSE,3,2,"ils_loc,ils_gp,ils_dme",
IAY,KAZAERONAVIGATSIA RSE,3,2,"ils_loc,ils_gp,ils_dme",
IAYT,DHMI TURKIYE,3,2,"ils_loc,ils_gp,ils_dme",
IB,AIRNAV IRELAND,3,2,"ils_loc,ils_gp,ils_dme",
IBA,AZERBAIJAN STATE CIVIL AVIATION ADMINISTRATION,3,2,"ils_loc,ils_gp,ils_dme",
IBAT,DHMI TURKIYE,3,2,"ils_loc,ils_gp,ils_dme",
IBC,ROMANIA CIVIL AVIATION AUTHORITY,3,3,"ils_loc,ils_gp,ils_dme",
IBCD,CIVIL AVIATION AUTHORITY OF THE PHILIPPINES,3,2,"ils_loc,ils_gp,ils_dme",
IBDA,EUROCONTROL NMOC,3,3,"ils_loc,ils_gp,ils_dme",
IBDM,DHMI TURKIYE,3,2,"ils_loc,ils_gp,ils_dme",
IBDR,DHMI TURKIYE,3,2,"ils_loc,ils_gp,ils_dme",
IBG,BULATSA-BULGARIAN AIR TRAFFIC SERVICES AUTHORITY,3,2,"ils_loc,ils_gp,ils_dme",
IBI,AZERBAIJAN STATE CIVIL AVIATION ADMINISTRATION,3,2,"ils_loc,ils_gp,ils_dme",
IBI,ENAIRE,3,3,"ils_loc,ils_gp,ils_dme",
IBI,SKEYES,3,3,"ils_loc,ils_gp,ils_dme",
IBIN,DHMI TURKIYE,3,2,"ils_loc,ils_gp,ils_dme",
IBK,KYRGYZAERONAVIGATSIA (KYRGYZ REPUBLIC ANSP),3,3,"ils_loc,ils_gp,ils_dme",
IBL,ENAIRE,3,2,"ils_loc,ils_gp,ils_dme",
IBL,NAV CANADA,3,3,"ils_loc,ils_gp,ils_dme",
IBL,SKEYES,3,3,"ils_loc,ils_gp,ils_dme",
IBM,ROMATSA - ROMANIAN AIR TRAFFIC SERVICES ADMINISTRATION,3,3,"ils_loc,ils_gp,ils_dme",
IBM,SKEYES,3,3,"ils_loc,ils_gp,ils_dme",
IBN,AZERBAIJAN STATE CIVIL AVIATION ADMINISTRATION,3,2,"ils_loc,ils_gp,ils_dme",
IBN,ROMANIA CIVIL AVIATION AUTHORITY,3,3,"ils_loc,ils_gp,ils_dme",
IBO,ENAIRE,3,3,"ils_loc,ils_gp,ils_dme",
IBOH,CIVIL AVIATION AUTHORITY OF THE PHILIPPINES,3,2,"ils_loc,ils_gp,ils_dme",
IBP,NAV CANADA,3,3,"ils_loc,ils_gp,ils_dme",
IBR,NAV CANADA,3,2,"ils_loc,ils_gp,ils_dme",
IBR,SKEYES,3,3,"ils_loc,ils_gp,ils_dme",
IBRI,DHMI TURKIYE,3,2,"ils_loc,ils_gp,ils_dme",
IBS,ROMANIA CIVIL AVIATION AUTHORITY,3,3,"ils_loc,ils_gp,ils_dme",
IBU,AZERBAIJAN STATE CIVIL AVIATION ADMINISTRATION,3,2,"ils_loc,ils_gp,ils_dme",
IBV,ROMATSA - ROMANIAN AIR TRAFFIC SERVICES ADMINISTRATION,3,3,"ils_loc,ils_gp,ils_dme",
IBW,NAV CANADA,3,3,"ils_loc,ils_gp,ils_dme",
IBX,SKEYES,3,3,"ils_loc,ils_gp,ils_dme",
IBZ,ENAIRE,3,3,"ils_loc,ils_gp,ils_dme",
ICA,CIVIL AVIATION AUTHORITY OF THE PHILIPPINES,3,2,"ils_loc,ils_gp,ils_dme",
ICD,NAV CANADA,3,3,"ils_loc,ils_gp,ils_dme",
ICH,AIRWAYS CORPORATION OF NEW ZEALAND LTD,3,3,"ils_loc,ils_gp,ils_dme",
ICIG,DHMI TURKIYE,3,2,"ils_loc,ils_gp,ils_dme",
ICK,AIRNAV IRELAND,3,3,"ils_loc,ils_gp,ils_dme",
ICK,CIVIL AVIATION AUTHORITY OF THE PHILIPPINES,3,2,"ils_loc,ils_gp,ils_dme",
ICK,ROMATSA - ROMANIAN AIR TRAFFIC SERVICES ADMINISTRATION,3,3,"ils_loc,ils_gp,ils_dme",
ICKR,DHMI TURKIYE,3,3,"ils_loc,ils_gp,ils_dme",
ICKU,DHMI TURKIYE,3,2,"ils_loc,ils_gp,ils_dme",
ICN,AIRNAV IRELAND,3,2,"ils_loc,ils_gp,ils_dme",
ICN,ENAIRE,3,3,"ils_loc,ils_gp,ils_dme",
ICNG,DHMI TURKIYE,3,2,"ils_loc,ils_gp,ils_dme",
ICNK,DHMI TURKIYE,3,2,"ils_loc,ils_gp,ils_dme",
ICRD,DHMI TURKIYE,3,2,"ils_loc,ils_gp,ils_dme",
ICRL,DHMI TURKIYE,3,2,"ils_loc,ils_gp,ils_dme",
ICRM,DHMI TURKIYE,3,2,"ils_loc,ils_gp,ils_dme",
ICS,AIRNAV IRELAND,3,2,"ils_loc,ils_gp,ils_dme",
ICV,ROMANIA CIVIL AVIATION AUTHORITY,3,3,"ils_loc,ils_gp,ils_dme",
IDAO,CIVIL AVIATION AUTHORITY OF THE PHILIPPINES,3,2,"ils_loc,ils_gp,ils_dme",
IDBN,DHMI TURKIYE,3,2,"ils_loc,ils_gp,ils_dme",
IDC,NAV CANADA,3,3,"ils_loc,ils_gp,ils_dme",
IDE,AIRNAV IRELAND,3,2,"ils_loc,ils_gp,ils_dme",
IDF,NAV CANADA,3,3,"ils_loc,ils_gp,ils_dme",
IDLM,DHMI TURKIYE,3,2,"ils_loc,ils_gp,ils_dme",
IDN,AIRWAYS CORPORATION OF NEW ZEALAND LTD,3,3,"ils_loc,ils_gp,ils_dme",
IDP,NAV CANADA,3,3,"ils_loc,ils_gp,ils_dme",
IDVO,CIVIL AVIATION AUTHORITY OF THE PHILIPPINES,3,2,"ils_loc,ils_gp,ils_dme",
IDW,AIRNAV IRELAND,3,2,"ils_loc,ils_gp,ils_dme",
IEB,AIRWAYS CORPORATION OF NEW ZEALAND LTD,3,3,"ils_loc,ils_gp,ils_dme",
IEBG,DHMI TURKIYE,3,2,"ils_loc,ils_gp,ils_dme",
IECR,KKTC SHD,3,2,"ils_loc,ils_gp,ils_dme",
IEKT,KKTC SHD,3,2,"ils_loc,ils_gp,ils_dme",
IELG,DHMI TURKIYE,3,2,"ils_loc,ils_gp,ils_dme",
IELZ,DHMI TURKIYE,3,2,"ils_loc,ils_gp,ils_dme",
IEN,KAZAERONAVIGATSIA RSE,3,2,"ils_loc,ils_gp,ils_dme",
IERZ,DHMI TURKIYE,3,2,"ils_loc,ils_gp,ils_dme",
IES,EUROCONTROL NMOC,3,3,"ils_loc,ils_gp,ils_dme",
IESB,DHMI TURKIYE,3,2,"ils_loc,ils_gp,ils_dme",
IESK,DHMI TURKIYE,3,2,"ils_loc,ils_gp,ils_dme",
IEV,AZERBAIJAN STATE CIVIL AVIATION ADMINISTRATION,3,2,"ils_loc,ils_gp,ils_dme",
IEV,NAV CANADA,3,3,"ils_loc,ils_gp,ils_dme",
IEZR,DHMI TURKIYE,3,2,"ils_loc,ils_gp,ils_dme",
IFA,ENAIRE,3,3,"ils_loc,ils_gp,ils_dme",
IFB,NAV CANADA,3,3,"ils_loc,ils_gp,ils_dme",
IFL,AZERBAIJAN STATE CIVIL AVIATION ADMINISTRATION,3,3,"ils_loc,ils_gp,ils_dme",
IFV,ENAIRE,3,2,"ils_loc,ils_gp,ils_dme",
IFZ,AZERBAIJAN STATE CIVIL AVIATION ADMINISTRATION,3,3,"ils_loc,ils_gp,ils_dme",
IFZ,NAV CANADA,3,3,"ils_loc,ils_gp,ils_dme",
IGA,ENAIRE,3,3,"ils_loc,ils_gp,ils_dme",
IGC,SKEYES,3,3,"ils_loc,ils_gp,ils_dme",
IGE,ENAIRE,3,2,"ils_loc,ils_gp,ils_dme",
IGL,AZERBAIJAN STATE CIVIL AVIATION ADMINISTRATION,3,2,"ils_loc,ils_gp,ils_dme",
IGML,DHMI TURKIYE,3,2,"ils_loc,ils_gp,ils_dme",
IGN,ENAIRE,3,3,"ils_loc,ils_gp,ils_dme",
IGN,KAZAERONAVIGATSIA RSE,3,2,"ils_loc,ils_gp,ils_dme",
IGNP,DHMI TURKIYE,3,2,"ils_loc,ils_gp,ils_dme",
IGO,ENAIRE,3,2,"ils_loc,ils_gp,ils_dme",
IGR,AZERBAIJAN STATE CIVIL AVIATION ADMINISTRATION,3,2,"ils_loc,ils_gp,ils_dme",
IGSA,CIVIL AVIATION AUTHORITY OF THE PHILIPPINES,3,2,"ils_loc,ils_gp,ils_dme",
IGY,NAV CANADA,3,3,"ils_loc,ils_gp,ils_dme",
IHA,UKRAINIAN STATE AIR TRAFFIC SERVICES ENTERPRISE,3,3,"ils_loc,ils_gp,ils_dme",
IHD,NAV CANADA,3,3,"ils_loc,ils_gp,ils_dme",
IHH,SKEYES,3,3,"ils_loc,ils_gp,ils_dme",
IHR,UKRAINIAN STATE AIR TRAFFIC SERVICES ENTERPRISE,3,3,"ils_loc,ils_gp,ils_dme",
IHU,NAV CANADA,3,3,"ils_loc,ils_gp,ils_dme",
IHW,AIRWAYS CORPORATION OF NEW ZEALAND LTD,3,3,"ils_loc,ils_gp,ils_dme",
IHZ,NAV CANADA,3,3,"ils_loc,ils_gp,ils_dme",
IIM,KAZAERONAVIGATSIA RSE,3,3,"ils_loc,ils_gp,ils_dme",
IIMR,DHMI TURKIYE,3,2,"ils_loc,ils_gp,ils_dme",
IIO,CIVIL AVIATION AUTHORITY OF THE PHILIPPINES,3,3,"ils_loc,ils_gp,ils_dme",
IIS,ROMATSA - ROMANIAN AIR TRAFFIC SERVICES ADMINISTRATION,3,3,"ils_loc,ils_gp,ils_dme",
IIST,DHMI TURKIYE,3,2,"ils_loc,ils_gp,ils_dme",
IJR,ENAIRE,3,3,"ils_loc,ils_gp,ils_dme",
IJS,NAV CANADA,3,3,"ils_loc,ils_gp,ils_dme",
IKA,KAZAERONAVIGATSIA RSE,3,2,"ils_loc,ils_gp,ils_dme",
IKA,NAV CANADA,3,3,"ils_loc,ils_gp,ils_dme",
IKAR,DHMI TURKIYE,3,2,"ils_loc,ils_gp,ils_dme",
IKAS,DHMI TURKIYE,3,2,"ils_loc,ils_gp,ils_dme",
IKF,EUROCONTROL NMOC,3,2,"ils_loc,ils_gp,ils_dme",
IKFK,DHMI TURKIYE,3,2,"ils_loc,ils_gp,ils_dme",
IKFZ,DHMI TURKIYE,3,2,"ils_loc,ils_gp,ils_dme",
IKH,NAV CANADA,3,3,"ils_loc,ils_gp,ils_dme",
IKHA,JORDAN CIVIL AVIATION REGULATORY COMMISSION,3,2,"ils_loc,ils_gp,ils_dme",
IKI,UKRAINIAN STATE AIR TRAFFIC SERVICES ENTERPRISE,3,3,"ils_loc,ils_gp,ils_dme",
IKL,KYRGYZAERONAVIGATSIA (KYRGYZ REPUBLIC ANSP),3,2,"ils_loc,ils_gp,ils_dme",
IKLC,DHMI TURKIYE,3,2,"ils_loc,ils_gp,ils_dme",
IKN,EUROCONTROL NMOC,3,2,"ils_loc,ils_gp,ils_dme",
IKNY,DHMI TURKIYE,3,2,"ils_loc,ils_gp,ils_dme",
IKR,AIRNAV IRELAND,3,3,"ils_loc,ils_gp,ils_dme",
IKSR,DHMI TURKIYE,3,2,"ils_loc,ils_gp,ils_dme",
IKT,KAZAERONAVIGATSIA RSE,3,2,"ils_loc,ils_gp,ils_dme",
IKV,UKRAINIAN STATE AIR TRAFFIC SERVICES ENTERPRISE,3,3,"ils_loc,ils_gp,ils_dme",
IKW,EUROCONTROL NMOC,3,2,"ils_loc,ils_gp,ils_dme",
IKW,KAZAERONAVIGATSIA RSE,3,2,"ils_loc,ils_gp,ils_dme",
IKZ,KAZAERONAVIGATSIA RSE,3,2,"ils_loc,ils_gp,ils_dme",
ILC,CYPRUS DEPARTMENT OF CIVIL AVIATION,3,2,"ils_loc,ils_gp,ils_dme",
ILD,MOLDAVIAN AIR TRAFFIC SERVICE PROVIDER (MOLDATSA),3,2,"ils_loc,ils_gp,ils_dme",
ILE,ENAIRE,3,2,"ils_loc,ils_gp,ils_dme",
ILE,SKEYES,3,2,"ils_loc,ils_gp,ils_dme",
ILG,NAV CANADA,3,2,"ils_loc,ils_gp,ils_dme",
ILG,SKEYES,3,3,"ils_loc,ils_gp,ils_dme",
ILGD,CIVIL AVIATION AUTHORITY OF THE PHILIPPINES,3,2,"ils_loc,ils_gp,ils_dme",
ILL,ENAIRE,3,2,"ils_loc,ils_gp,ils_dme",
ILM,AZERBAIJAN STATE CIVIL AVIATION ADMINISTRATION,3,2,"ils_loc,ils_gp,ils_dme",
ILM,EUROCONTROL NMOC,3,2,"vortac,dme","ILAM,WILMINGTON"
ILM,KAZAERONAVIGATSIA RSE,3,2,"ils_loc,ils_gp,ils_dme",
ILO,ENAIRE,3,2,"ils_loc,ils_gp,ils_dme",
ILO,UKRAINIAN STATE AIR TRAFFIC SERVICES ENTERPRISE,3,2,"ils_loc,ils_gp,ils_dme",
ILP,ENAIRE,3,2,"ils_loc,ils_gp,ils_dme",
ILRA,DHMI TURKIYE,3,2,"ils_loc,ils_gp,ils_dme",
ILV,UKRAINIAN STATE AIR TRAFFIC SERVICES ENTERPRISE,3,2,"ils_loc,ils_gp,ils_dme",
ILW,NAV CANADA,3,3,"ils_loc,ils_gp,ils_dme",
ILW,SKEYES,3,2,"ils_loc,ils_gp,ils_dme",
IMA,CIVIL AVIATION AUTHORITY OF THE PHILIPPINES,3,2,"ils_loc,ils_gp,ils_dme",
IMA,KAZAERONAVIGATSIA RSE,3,2,"ils_loc,ils_gp,ils_dme",
IMB,KAZAERONAVIGATSIA RSE,3,2,"ils_loc,ils_gp,ils_dme",
IMCT,CIVIL AVIATION AUTHORITY OF THE PHILIPPINES,3,2,"ils_loc,ils_gp,ils_dme",
IMEN,DHMI TURKIYE,3,2,"ils_loc,ils_gp,ils_dme",
IMG,AIRWAYS CORPORATION OF NEW ZEALAND LTD,3,3,"ils_loc,ils_gp,ils_dme",
IMG,ENAIRE,3,2,"ils_loc,ils_gp,ils_dme",
IMH,ENAIRE,3,3,"ils_loc,ils_gp,ils_dme",
IMI,SKEYES,3,3,"ils_loc,ils_gp,ils_dme",
IMJ,NAV CANADA,3,3,"ils_loc,ils_gp,ils_dme",
IMK,NAV CANADA,3,3,"ils_loc,ils_gp,ils_dme",
IML,CIVIL AVIATION AUTHORITY OF THE PHILIPPINES,3,2,"ils_loc,ils_gp,ils_dme",
IML,ENAIRE,3,3,"ils_loc,ils_gp,ils_dme",
IMLY,DHMI TURKIYE,3,2,"ils_loc,ils_gp,ils_dme",
IMN,AIRWAYS CORPORATION OF NEW ZEALAND LTD,3,3,"ils_loc,ils_gp,ils_dme",
IMN,KYRGYZAERONAVIGATSIA (KYRGYZ REPUBLIC ANSP),3,2,"ils_loc,ils_gp,ils_dme",
IMO,KAZAERONAVIGATSIA RSE,3,2,"ils_loc,ils_gp,ils_dme",
IMP,AIRWAYS CORPORATION OF NEW ZEALAND LTD,3,3,"ils_loc,ils_gp,ils_dme",
IMR,ENAIRE,3,3,"ils_loc,ils_gp,ils_dme",
IMRD,DHMI TURKIYE,3,2,"ils_loc,ils_gp,ils_dme",
IMRF,ENAIRE,3,2,"ils_loc,ils_gp,ils_dme",
IMRI,DHMI TURKIYE,3,2,"ils_loc,ils_gp,ils_dme",
IMT,CIVIL AVIATION AUTHORITY OF THE PHILIPPINES,3,2,"ils_loc,ils_gp,ils_dme",
IMUS,DHMI TURKIYE,3,2,"ils_loc,ils_gp,ils_dme",
INA,KAZAERONAVIGATSIA RSE,3,2,"ils_loc,ils_gp,ils_dme",
INDL,AIRNAV IRELAND,3,2,"ils_loc,ils_gp,ils_dme",
INDR,AIRNAV IRELAND,3,2,"ils_loc,ils_gp,ils_dme",
INL,AZERBAIJAN STATE CIVIL AVIATION ADMINISTRATION,3,2,"ils_loc,ils_gp,ils_dme",
INO,AZERBAIJAN STATE CIVIL AVIATION ADMINISTRATION,3,2,"ils_loc,ils_gp,ils_dme",
INOR,ENAIRE,3,2,"ils_loc,ils_gp,ils_dme",
INR,AZERBAIJAN STATE CIVIL AVIATION ADMINISTRATION,3,2,"ils_loc,ils_gp,ils_dme",
INT,AZERBAIJAN STATE CIVIL AVIATION ADMINISTRATION,3,2,"ils_loc,ils_gp,ils_dme",
INV,NAV CANADA,3,3,"ils_loc,ils_gp,ils_dme",
IOA,NAV CANADA,3,3,"ils_loc,ils_gp,ils_dme",
IOD,UKRAINIAN STATE AIR TRAFFIC SERVICES ENTERPRISE,3,2,"ils_loc,ils_gp,ils_dme",
IOE,UKRAINIAN STATE AIR TRAFFIC SERVICES ENTERPRISE,3,2,"ils_loc,ils_gp,ils_dme",
IOGR,DHMI TURKIYE,3,3,"ils_loc,ils_gp,ils_dme",
IOH,AIRWAYS CORPORATION OF NEW ZEALAND LTD,3,3,"ils_loc,ils_gp,ils_dme",
IOS,SKEYES,3,3,"ils_loc,ils_gp,ils_dme",
IOT,KAZAERONAVIGATSIA RSE,3,3,"ils_loc,ils_gp,ils_dme",
IOU,KYRGYZAERONAVIGATSIA (KYRGYZ REPUBLIC ANSP),3,2,"ils_loc,ils_gp,ils_dme",
IOW,NAV CANADA,3,3,"ils_loc,ils_gp,ils_dme",
IPA,CYPRUS DEPARTMENT OF CIVIL AVIATION,3,2,"ils_loc,ils_gp,ils_dme",
IPAL,ENAIRE,3,3,"ils_loc,ils_gp,ils_dme",
IPN,ENAIRE,3,2,"ils_loc,ils_gp,ils_dme",
IPR,NAV CANADA,3,3,"ils_loc,ils_gp,ils_dme",
IPT,KAZAERONAVIGATSIA RSE,3,2,"ils_loc,ils_gp,ils_dme",
IPW,KAZAERONAVIGATSIA RSE,3,2,"ils_loc,ils_gp,ils_dme",
IQA,JORDAN CIVIL AVIATION REGULATORY COMMISSION,3,2,"ils_loc,ils_gp,ils_dme",
IQAN,JORDAN CIVIL AVIATION REGULATORY COMMISSION,3,2,"ils_loc,ils_gp,ils_dme",
IQAR,JORDAN CIVIL AVIATION REGULATORY COMMISSION,3,2,"ils_loc,ils_gp,ils_dme",
IQG,NAV CANADA,3,3,"ils_loc,ils_gp,ils_dme",
IQH,NAV CANADA,3,3,"ils_loc,ils_gp,ils_dme",
IQL,AZERBAIJAN STATE CIVIL AVIATION ADMINISTRATION,3,2,"ils_loc,ils_gp,ils_dme",
IQR,AZERBAIJAN STATE CIVIL AVIATION ADMINISTRATION,3,2,"ils_loc,ils_gp,ils_dme",
IQX,NAV CANADA,3,3,"ils_loc,ils_gp,ils_dme",
IRAT,DHMI TURKIYE,3,2,"ils_loc,ils_gp,ils_dme",
IRB,NAV CANADA,3,3,"ils_loc,ils_gp,ils_dme",
IRD,NAV CANADA,3,3,"ils_loc,ils_gp,ils_dme",
IRF,NAV CANADA,3,3,"ils_loc,ils_gp,ils_dme",
IRG,KAZAERONAVIGATSIA RSE,3,3,"ils_loc,ils_gp,ils_dme",
IRG,MOLDAVIAN AIR TRAFFIC SERVICE PROVIDER (MOLDATSA),3,2,"ils_loc,ils_gp,ils_dme",
IRM,AIRWAYS CORPORATION OF NEW ZEALAND LTD,3,3,"ils_loc,ils_gp,ils_dme",
IRM,ENAIRE,3,2,"ils_loc,ils_gp,ils_dme",
IRR,ENAIRE,3,3,"ils_loc,ils_gp,ils_dme",
IRR,ROMATSA - ROMANIAN AIR TRAFFIC SERVICES ADMINISTRATION,3,3,"ils_loc,ils_gp,ils_dme",
IRS,ENAIRE,3,3,"ils_loc,ils_gp,ils_dme",
ISAB,DHMI TURKIYE,3,3,"ils_loc,ils_gp,ils_dme",
ISAN,DHMI TURKIYE,3,2,"ils_loc,ils_gp,ils_dme",
ISBH,DHMI TURKIYE,3,2,"ils_loc,ils_gp,ils_dme",
ISDP,DHMI TURKIYE,3,2,"ils_loc,ils_gp,ils_dme",
ISE,AIRNAV IRELAND,3,2,"ils_loc,ils_gp,ils_dme",
ISE,ENAIRE,3,2,"ils_loc,ils_gp,ils_dme",
ISF,BULATSA-BULGARIAN AIR TRAFFIC SERVICES AUTHORITY,3,2,"ils_loc,ils_gp,ils_dme",
ISGB,DHMI TURKIYE,3,2,"ils_loc,ils_gp,ils_dme",
ISGN,DHMI TURKIYE,3,2,"ils_loc,ils_gp,ils_dme",
ISI,KAZAERONAVIGATSIA RSE,3,2,"ils_loc,ils_gp,ils_dme",
ISJ,ENAIRE,3,2,"ils_loc,ils_gp,ils_dme",
ISK,KAZAERONAVIGATSIA RSE,3,2,"ils_loc,ils_gp,ils_dme",
ISL,BULATSA-BULGARIAN AIR TRAFFIC SERVICES AUTHORITY,3,2,"ils_loc,ils_gp,ils_dme",
ISNK,DHMI TURKIYE,3,2,"ils_loc,ils_gp,ils_dme",
ISO,ENAIRE,3,3,"ils_loc,ils_gp,ils_dme",
ISO,NAV CANADA,3,3,"ils_loc,ils_gp,ils_dme",
ISP,KAZAERONAVIGATSIA RSE,3,2,"ils_loc,ils_gp,ils_dme",
ISR,ENAIRE,3,3,"ils_loc,ils_gp,ils_dme",
ISR,NAV CANADA,3,3,"ils_loc,ils_gp,ils_dme",
ISUR,DHMI TURKIYE,3,2,"ils_loc,ils_gp,ils_dme",
ISUR,ENAIRE,3,2,"ils_loc,ils_gp,ils_dme",
ISV,ENAIRE,3,2,"ils_loc,ils_gp,ils_dme",
ISV,ROMATSA - ROMANIAN AIR TRAFFIC SERVICES ADMINISTRATION,3,3,"ils_loc,ils_gp,ils_dme",
ISVS,DHMI TURKIYE,3,2,"ils_loc,ils_gp,ils_dme",
ISW,AIRNAV IRELAND,3,2,"ils_loc,ils_gp,ils_dme",
ITA,KAZAERONAVIGATSIA RSE,3,2,"ils_loc,ils_gp,ils_dme",
ITBZ,DHMI TURKIYE,3,3,"ils_loc,ils_gp,ils_dme",
ITF,ENAIRE,3,2,"ils_loc,ils_gp,ils_dme",
ITJA,ENAIRE,3,3,"ils_loc,ils_gp,ils_dme",
ITK,KAZAERONAVIGATSIA RSE,3,2,"ils_loc,ils_gp,ils_dme",
ITKA,DHMI TURKIYE,3,2,"ils_loc,ils_gp,ils_dme",
ITL,ENAIRE,3,3,"ils_loc,ils_gp,ils_dme",
ITL,NAV CANADA,3,3,"ils_loc,ils_gp,ils_dme",
ITM,KYRGYZAERONAVIGATSIA (KYRGYZ REPUBLIC ANSP),3,2,"ils_loc,ils_gp,ils_dme",
ITO,NAV CANADA,3,2,"ils_loc,ils_gp,ils_dme",
ITR,AIR NAVIGATION SERVICES OF ALBANIA,3,3,"ils_loc,ils_gp,ils_dme",
ITR,KAZAERONAVIGATSIA RSE,3,2,"ils_loc,ils_gp,ils_dme",
ITS,ENAIRE,3,3,"ils_loc,ils_gp,ils_dme",
ITU,KAZAERONAVIGATSIA RSE,3,2,"ils_loc,ils_gp,ils_dme",
ITY,KAZAERONAVIGATSIA RSE,3,2,"ils_loc,ils_gp,ils_dme",
ITZ,NAV CANADA,3,3,"ils_loc,ils_gp,ils_dme",
ITZK,DHMI TURKIYE,3,2,"ils_loc,ils_gp,ils_dme",
IUCA,DHMI TURKIYE,3,2,"ils_loc,ils_gp,ils_dme",
IUCB,DHMI TURKIYE,3,2,"ils_loc,ils_gp,ils_dme",
IUCC,DHMI TURKIYE,3,2,"ils_loc,ils_gp,ils_dme",
IUCD,DHMI TURKIYE,3,2,"ils_loc,ils_gp,ils_dme",
IUCE,DHMI TURKIYE,3,2,"ils_loc,ils_gp,ils_dme",
IUCF,DHMI TURKIYE,3,2,"ils_loc,ils_gp,ils_dme",
IUL,NAV CANADA,3,3,"ils_loc,ils_gp,ils_dme",
IUR,KAZAERONAVIGATSIA RSE,3,2,"ils_loc,ils_gp,ils_dme",
IUS,KAZAERONAVIGATSIA RSE,3,2,"ils_loc,ils_gp,ils_dme",
IVC,ENAIRE,3,2,"ils_loc,ils_gp,ils_dme",
IVD,ENAIRE,3,2,"ils_loc,ils_gp,ils_dme",
IVL,NAV CANADA,3,3,"ils_loc,ils_gp,ils_dme",
IVR,NAV CANADA,3,3,"ils_loc,ils_gp,ils_dme",
IWD,AIRNAV IRELAND,3,3,"ils_loc,ils_gp,ils_dme",
IWI,AIRWAYS CORPORATION OF NEW ZEALAND LTD,3,3,"ils_loc,ils_gp,ils_dme",
IWK,NAV CANADA,3,3,"ils_loc,ils_gp,ils_dme",
IWN,BULATSA-BULGARIAN AIR TRAFFIC SERVICES AUTHORITY,3,3,"ils_loc,ils_gp,ils_dme",
IWP,AIRWAYS CORPORATION OF NEW ZEALAND LTD,3,3,"ils_loc,ils_gp,ils_dme",
IXC,NAV CANADA,3,3,"ils_loc,ils_gp,ils_dme",
IXS,NAV CANADA,3,3,"ils_loc,ils_gp,ils_dme",
IXT,NAV CANADA,3,3,"ils_loc,ils_gp,ils_dme",
IXY,NAV CANADA,3,3,"ils_loc,ils_gp,ils_dme",
IYC,NAV CANADA,3,3,"ils_loc,ils_gp,ils_dme",
IYE,NAV CANADA,3,3,"ils_loc,ils_gp,ils_dme",
IYEN,DHMI TURKIYE,3,2,"ils_loc,ils_gp,ils_dme",
IYL,KAZAERONAVIGATSIA RSE,3,2,"ils_loc,ils_gp,ils_dme",
IYQ,NAV CANADA,3,3,"ils_loc,ils_gp,ils_dme",
IZCA,DHMI TURKIYE,3,2,"ils_loc,ils_gp,ils_dme",
IZFE,DHMI TURKIYE,3,2,"ils_loc,ils_gp,ils_dme",
IZFR,DHMI TURKIYE,3,2,"ils_loc,ils_gp,ils_dme",
IZG,AZERBAIJAN STATE CIVIL AVIATION ADMINISTRATION,3,2,"ils_loc,ils_gp,ils_dme",
IZIR,DHMI TURKIYE,3,2,"ils_loc,ils_gp,ils_dme",
IZK,AZERBAIJAN STATE CIVIL AVIATION ADMINISTRATION,3,2,"ils_loc,ils_gp,ils_dme",
IZN,AZERBAIJAN STATE CIVIL AVIATION ADMINISTRATION,3,2,"ils_loc,ils_gp,ils_dme",
IZP,UKRAINIAN STATE AIR TRAFFIC SERVICES ENTERPRISE,3,2,"ils_loc,ils_gp,ils_dme",
IZZA,ENAIRE,3,3,"ils_loc,ils_gp,ils_dme",
JAC,EUROCONTROL NMOC,3,2,"vor_dme,dme","JACKSON,JACAREACANGA"
JBI,AIR TRAFFIC AND NAVIGATION SERVICES COMPANY LIMITED (ATNS),3,2,"ils_loc,ils_gp,ils_dme",
JBL,EUROCONTROL NMOC,3,2,"vor_dme,dme","JUBAIL,BALKANABAT"
JDG,EUROCONTROL NMOC,3,2,"vor_dme,dme","JEDONG (JEJU),JIAODONG"
JDW,EUROCONTROL NMOC,3,2,"vortac,dme","JEDDAH / KING ABDULAZIZ INTERNATIONAL,JIAOBEI"
KAM,EUROCONTROL NMOC,3,2,"vortac,dme","KHAMIS MUSHAIT / KING KHALED AIR BASE,KAMISHLY"
KAT,EUROCONTROL NMOC,3,2,"vor_dme,dme","KATSINA,KATUNAYAKE"
KE,EUROCONTROL NMOC,3,3,dme,"KEMI-TORNIO,KEDROVY,KOSICE"
KEE,HUNGAROCONTROL,3,2,"ils_loc,ils_gp,ils_dme",
KEW,HUNGAROCONTROL,3,2,"ils_loc,ils_gp,ils_dme",
KFR,EUROCONTROL NMOC,3,2,"vor_dme,dme","KUFRA,WAFRA"
KIS,EUROCONTROL NMOC,3,2,"vor_dme,dme","KISH ISLAND,KISHI"
KMC,EUROCONTROL NMOC,3,2,"vortac,tacan","KING SAUD AIR BASE,KOMATSU"
KNA,EUROCONTROL NMOC,3,2,"vor_dme,dme","KENANA,KAUNAS"
KOS,EUROCONTROL NMOC,3,2,"vor_dme,dme","KOS,SIHANOUK"
KSI,AIR TRAFFIC AND NAVIGATION SERVICES COMPANY LIMITED (ATNS),3,2,"ils_loc,ils_gp,ils_dme",
KTM,EUROCONTROL NMOC,3,2,"vor_dme,dme","KHARTOUM,KATHMANDU"
KTN,EUROCONTROL NMOC,3,2,"vor_dme,dme","PALMYRA,CHITA"
KWL,EUROCONTROL NMOC,3,2,"vor_dme,dme","GUILIN,KIRKWALL"
LAI,AIR TRAFFIC AND NAVIGATION SERVICES COMPANY LIMITED (ATNS),3,3,"ils_loc,ils_gp,ils_dme",
LAR,EUROCONTROL NMOC,3,2,"vor_dme,dme","LA RIOJA,LAR"
LCO,ENAIRE,3,2,"ils_loc,ils_gp,ils_dme",
LIB,EUROCONTROL NMOC,3,2,"vortac,dme","LIBERIA,LIBERTY"
LKN,EUROCONTROL NMOC,3,2,"vor_dme,dme","LUCKNOW,LESHUKONSKOE"
LLC,EUROCONTROL NMOC,3,2,"vortac,dme","LAOLIANGCANG,LOVELOCK"
LM,MALTA ATS,3,3,"ils_loc,ils_gp,ils_dme",
LOA,EUROCONTROL NMOC,3,2,"vortac,dme","CALAMA,LEONA"
LQ,MALTA ATS,3,3,"ils_loc,ils_gp,ils_dme",
LTO,EUROCONTROL NMOC,3,2,"vor_dme,dme","LORETO,NOUMEA LA TONTOUTA"
MAA,ENAIRE,3,2,"ils_loc,ils_gp,ils_dme",
MAH,EUROCONTROL NMOC,3,2,"vor_dme,dme","MAISACH,BANDAR MAHSHAHR"
MAO,ENAIRE,3,2,"ils_loc,ils_gp,ils_dme",
MAR,EUROCONTROL NMOC,3,3,"vor_dme,dme","MARACAIBO,MARIE,MARIBOR"
MAV,EUROCONTROL NMOC,3,2,"vor_dme,dme","MANDERA,MAUN"
MBB,ENAIRE,3,3,"ils_loc,ils_gp,ils_dme",
MCT,EUROCONTROL NMOC,3,2,"vor_dme,dme","MANCHESTER,MUSCAT"
MGA,EUROCONTROL NMOC,3,2,"vor_dme,dme","MANAGUA,MAGALA"
MGR,EUROCONTROL NMOC,3,2,"vor_dme,dme","MAGNITOGORSK,ESSAOUIRA / MOGADOR"
MIA,EUROCONTROL NMOC,3,2,"vor_dme,dme","MANDALAY INTL,MILDURA"
MID,EUROCONTROL NMOC,3,2,"vor_dme,dme","MIDHURST,MERIDA"
MIL,EUROCONTROL NMOC,3,2,"vor_dme,dme","MILOS,SORONG/DOMINE EDWARD OSOK"
MIS,EUROCONTROL NMOC,3,2,"vortac,dme","MISRATA,MISAWA"
MK,EUROCONTROL NMOC,3,3,"vor_dme,dme","MACKAY,MALKA,KRISTIANSTAD"
MKE,EUROCONTROL NMOC,3,2,"vor_dme,dme","MUKAWA,MERAUKE/MOPAH"
MKN,EUROCONTROL NMOC,3,2,"vor_dme,dme","MIKONOS,MYITKYINA"
MML,EUROCONTROL NMOC,3,2,"vor_dme,dme","MANGALURU,MARSHALL"
MNA,EUROCONTROL NMOC,3,2,"vor_dme,dme","EL GOLEA,MINNA"
MNO,EUROCONTROL NMOC,3,2,"vor_dme,dme","MANADO/SAM RATULANGI,SABETTA"
MNS,EUROCONTROL NMOC,3,2,"vor_dme,dme","MINSK-2,MANAUS"
MNW,EUROCONTROL NMOC,3,2,"vor_dme,dme","MINERALNYYE VODY,YUZHNO-KURILSK/MENDELEYEVO"
MOF,EUROCONTROL NMOC,3,2,"vor_dme,dme","MAUMERE/FANSISKUS XAVERIUS SEDA,SAMARA/KURUMOCH"
MOL,EUROCONTROL NMOC,3,2,"vor_dme,dme","MONTEBELLO,WARSZAWA/MODLIN"
MON,EUROCONTROL NMOC,3,2,"vor_dme,dme","MONASTIR,PUERTO MONTT"
MOS,BHANSA (ANSP),3,2,"ils_loc,ils_gp,ils_dme",
MOV,EUROCONTROL NMOC,3,2,"vor_dme,dme","MOVEX,MONCLOVA"
MSK,M-NAV,3,2,"ils_loc,ils_gp,ils_dme",
MT,EUROCONTROL NMOC,3,3,"vor,dme","TOAMASINA,MULTAN,HALMSTAD"
MTR,EUROCONTROL NMOC,3,3,"vor_dme,tacan","METRO,MONTERIA,MONTE REAL"
MUN,EUROCONTROL NMOC,3,2,"vor_dme,dme","MATURIN,MUAN"
MVE,EUROCONTROL NMOC,3,2,"vor_dme,dme","MONBETSU,MONTEVIDEO"
MZL,EUROCONTROL NMOC,3,2,"vor_dme,dme","MANZHOULI,MANIZALES"
NEU,EUROCONTROL NMOC,3,3,"vor_dme,tacan","NEUQUEN / PTE. PERON,NEUBURG,IWAKUNI"
NJL,EUROCONTROL NMOC,3,2,"vortac,dme","LUKOU,KING ABDULAZIZ NAVAL BASE"
NMA,EUROCONTROL NMOC,3,2,"vor_dme,dme","BIMA/SULTAN MUHAMMAD SALAHUDIN,NAMANGAN"
NN,EUROCONTROL NMOC,3,3,"vor_dme,dme","ENTEBBE,NADI"
NNK,EUROCONTROL NMOC,3,2,"vor_dme,dme","NUNUKAN,KEMEROVO"
NSH,EUROCONTROL NMOC,3,2,"vor_dme,dme","NINGSHAN,NOSHAHR"
NTL,EUROCONTROL NMOC,3,2,"vor_dme,dme","NATAL,LOSINJ"
PAA,ENAIRE,3,2,"ils_loc,ils_gp,ils_dme",
PAZ,EUROCONTROL NMOC,3,2,"vor_dme,dme","POZA RICA,LA PAZ"
PCD,HUNGAROCONTROL,3,2,"ils_loc,ils_gp,ils_dme",
PCN,HUNGAROCONTROL,3,2,"ils_loc,ils_gp,ils_dme",
PCS,HUNGAROCONTROL,3,2,"ils_loc,ils_gp,ils_dme",
PKI,AIR TRAFFIC AND NAVIGATION SERVICES COMPANY LIMITED (ATNS),3,2,"ils_loc,ils_gp,ils_dme",
PLM,ENAIRE,3,2,"ils_loc,ils_gp,ils_dme",
PMA,EUROCONTROL NMOC,3,2,"vor_dme,dme","MADINAH/PRINCE MOHAMMAD BIN ABDULAZIZ INTL,AMBON/PATTIMURA,MADINAH / PRINCE MOHAMMAD BIN ABDULAZIZ INTL"
POS,EUROCONTROL NMOC,3,2,"vor_dme,dme","PIARCO,POSADAS"
PPI,AIR TRAFFIC AND NAVIGATION SERVICES COMPANY LIMITED (ATNS),3,2,"ils_loc,ils_gp,ils_dme",
PPN,EUROCONTROL NMOC,3,2,"vor_dme,dme","POPAYAN,PUNE"
PR,CIVIL AVIATION AUTHORITY OF THE PHILIPPINES,3,3,"ils_loc,ils_gp,vor_dme",PUERTO PRINCESA
PRA,EUROCONTROL NMOC,3,2,"vor_dme,dme","PRASLIN,PRATAPGARH"
PRG,EUROCONTROL NMOC,3,2,"vor_dme,dme","PARAGUANA,PERSIAN GULF"
PSD,EUROCONTROL NMOC,3,2,"vor_dme,dme","PORT SAID,PORT SUDAN"
PTC,EUROCONTROL NMOC,3,3,"vor_dme,dme","PUERTO CARRENO,PONTECAGNANO"
PTS,EUROCONTROL NMOC,3,2,"vor_dme,dme","PELOTAS,POTOSI"
PUL,EUROCONTROL NMOC,3,2,"vor_dme,dme","PULA,PUCALLPA"
PUT,EUROCONTROL NMOC,3,2,"vor_dme,dme","PHUKET,PUTNAM"
PWL,EUROCONTROL NMOC,3,2,"vor_dme,dme","PUERTO WILLIAMS,PAWLING"
QAA,ENAIRE,3,2,"ils_loc,ils_gp,ils_dme",
RB,CIVIL AVIATION AUTHORITY ISRAEL,3,2,"ils_loc,ils_gp,ils_dme",
RC,CIVIL AVIATION AUTHORITY ISRAEL,3,2,"ils_loc,ils_gp,ils_dme",
RLP,ENAIRE,3,3,"ils_loc,ils_gp,ils_dme",
ROA,EUROCONTROL NMOC,3,2,"vor_dme,dme","ROATAN,ROANOKE"
RST,EUROCONTROL NMOC,3,2,"vor_dme,dme","RASHT,ROCHESTER"
SAB,EUROCONTROL NMOC,3,2,"vor_dme,dme","SAINT ABBS,ASABA"
SAU,EUROCONTROL NMOC,3,2,"vor_dme,dme","SIAULIAI,SAUSALITO"
SD,SERVICE DE LINFORMATION AERONAUTIQUE,3,3,"ils_loc,ils_gp,ils_dme",
SER,EUROCONTROL NMOC,3,2,"vor_dme,dme","LA SERENA,SERGELEN"
SFD,EUROCONTROL NMOC,3,2,"vor_dme,dme","SEAFORD,SAN FERNANDO DE APURE"
SGR,EUROCONTROL NMOC,3,3,"vor_dme,dme","SAGRES,SRINAGAR"
SH,EUROCONTROL NMOC,3,3,"vor_dme,dme","SALEKHARD,ST HELENA"
SHA,EUROCONTROL NMOC,3,2,"vortac,dme","HONGQIAO,SHARURAH"
SHR,EUROCONTROL NMOC,3,2,"vor_dme,dme","SHANGRAO,SHAHROUD"
SIA,EUROCONTROL NMOC,3,3,"vortac,dme","SANGSTER,ISA"
SIE,EUROCONTROL NMOC,3,2,"vortac,dme","SIEDLCE,SEA ISLE"
SIS,EUROCONTROL NMOC,3,2,"vor_dme,dme","SAN ISIDRO,RESISTENCIA"
SJD,EUROCONTROL NMOC,3,2,"vor_dme,dme","CABOS,YANGZHOU"
SJE,EUROCONTROL NMOC,3,2,"vor_dme,dme","SAN JOSE DEL GUAVIARE,SHIMOJISHIMA"
SKD,EUROCONTROL NMOC,3,2,"vor_dme,dme","SHAHRE KORD,SAMARKAND"
SLC,EUROCONTROL NMOC,3,3,"vortac,dme","SLIAC,SALT LAKE CITY"
SLP,EUROCONTROL NMOC,3,2,"vor_dme,dme","POTOSI,LUBUK LINGGAU / SILAMPARI"
SLT,EUROCONTROL NMOC,3,2,"vortac,dme","SLATE RUN,SIALKOT"
SMK,HUNGAROCONTROL,3,2,"ils_loc,ils_gp,ils_dme",
SMR,EUROCONTROL NMOC,3,2,"vor_dme,dme","SMARA,SIMARA"
SOK,EUROCONTROL NMOC,3,2,"vortac,dme","SOUTH KAUAI,SOKOTO"
SOT,EUROCONTROL NMOC,3,2,"vortac,tacan","SNOWBIRD,SONGTAN"
SP,SERVICE DE LINFORMATION AERONAUTIQUE,3,2,"ils_loc,ils_gp,ils_dme",
SPL,EUROCONTROL NMOC,3,2,"vor_dme,dme","AMSTERDAM/SCHIPHOL,SPLIT"
SRA,EUROCONTROL NMOC,3,2,"vortac,dme","SAN RAFAEL / S.A. S.GERMANO,SINTRA,SAN RAFAEL / S.A. S. GERMANO"
STA,ENAIRE,3,2,"ils_loc,ils_gp,ils_dme",
STG,EUROCONTROL NMOC,3,2,"vor_dme,dme","STUTTGART,SANTIAGO"
STM,EUROCONTROL NMOC,3,2,"vor_dme,dme","SAO TOME,SANTAREM"
SV,EUROCONTROL NMOC,3,3,"vor_dme,dme","SOROTI,ST. VINCENT,VISBY"
TAN,EUROCONTROL NMOC,3,2,"vor_dme,dme","TANF,YUANTAN"
TAP,EUROCONTROL NMOC,3,2,"vor_dme,dme","TAPACHULA,TARAPOTO"
TBS,EUROCONTROL NMOC,3,2,"vor_dme,dme","TEBESSA,TABAS"
TFE,EUROCONTROL NMOC,3,2,"vor_dme,dme","MUSASHI,TEFE"
THA,EUROCONTROL NMOC,3,2,"vor_dme,dme","THABLOTIN,TAOHUA"
TIO,EUROCONTROL NMOC,3,2,"vor_dme,dme","TIMIMOUN,EL COCO"
TLA,BHANSA (ANSP),3,2,"ils_loc,ils_gp,ils_dme",
TNN,EUROCONTROL NMOC,3,2,"vor_dme,dme","TAN-TAN/PLAGE BLANCHE,SIGANG"
TNV,EUROCONTROL NMOC,3,2,"vor_dme,dme","ANTANANARIVO/IVATO,NAVASOTA"
TOL,EUROCONTROL NMOC,3,2,"vor_dme,dme","TONGLU,TOLEMAIDA"
TOY,EUROCONTROL NMOC,3,2,"vortac,dme","TONGOY,TROY"
TRE,EUROCONTROL NMOC,3,2,"vor_dme,dme","TOTTORI,TRELEW"
TRL,EUROCONTROL NMOC,3,3,"vor_dme,dme","TRIPOLIS,TROLL,TRES LAGOAS"
TUC,EUROCONTROL NMOC,3,2,"vor_dme,dme","TUNIS,TUCUMAN / TTE. B. MATIENZO"
TV,EUROCONTROL NMOC,3,3,"vor_dme,dme","STONY,TABORA"
ULD,EUROCONTROL NMOC,3,2,"vor_dme,dme","UBERLANDIA,ULAN-UDE/MUKHINO"
VAS,EUROCONTROL NMOC,3,2,"vor_dme,dme","ASUNCION,ALOR STAR"
VBA,EUROCONTROL NMOC,3,3,"vor_dme,dme","BARNA,BATU ARANG"
VBU,EUROCONTROL NMOC,3,2,"vor_dme,dme","BULAWAYO/J.M. NKOMO,BINTULU"
VDO,EUROCONTROL NMOC,3,2,"vor_dme,dme","OUJDA/ANGADS,VAN DON"
VEN,EUROCONTROL NMOC,3,2,"vor_dme,dme","VENTSPILS,ENCARNACION"
VFA,EUROCONTROL NMOC,3,2,"vor_dme,dme","FARO,VICTORIA FALLS"
VIG,ENAIRE,3,3,"ils_loc,ils_gp,ils_dme",
VIH,EUROCONTROL NMOC,3,2,"vor_dme,dme","IPOH,VICHY"
VLI,EUROCONTROL NMOC,3,2,"vor_dme,dme","HARRY MWAANGA NKUMBULA,PORT VILA"
VLN,ENAIRE,3,2,"ils_loc,ils_gp,ils_dme",
VME,EUROCONTROL NMOC,3,2,"vor_dme,dme","MCAL. ESTIGARRIBIA,MENONGUE"
VMG,EUROCONTROL NMOC,3,2,"vor_dme,dme","SAO MIGUEL,MONGU"
VNA,EUROCONTROL NMOC,3,2,"vortac,dme","LUANDA,VIENNA"
VSP,EUROCONTROL NMOC,3,2,"vor_dme,dme","VISAKHAPATNAM,SEPANG"
VTN,EUROCONTROL NMOC,3,2,"vor_dme,dme","VIENTIANE,VENTANAS"
VTO,ENAIRE,3,2,"ils_loc,ils_gp,ils_dme",
WGD,EUROCONTROL NMOC,3,2,"vor_dme,dme","VOLGOGRAD/GUMRAK,VOLOGDA"
WLD,EUROCONTROL NMOC,3,2,"vor_dme,dme","BENI WALID,WALDA"
YBG,SERBIA AND MONTENEGRO AIR TRAFFIC SERVICES SMATSA LLC,3,3,"ils_loc,ils_gp,ils_dme",
YNI,SERBIA AND MONTENEGRO AIR TRAFFIC SERVICES SMATSA LLC,3,3,"ils_loc,ils_gp,ils_dme",
YUB,SERBIA AND MONTENEGRO AIR TRAFFIC SERVICES SMATSA LLC,3,2,"ils_loc,ils_gp,ils_dme",
ZAG,EUROCONTROL NMOC,3,2,"vor_dme,dme","ZAGREB,ZAGORA"
AAT,EUROCONTROL NMOC,2,2,"vor_dme,dme","AGARTALA,AGATTI"
AHR,EUROCONTROL NMOC,2,2,"vor_dme,dme","HERAT,ARVAIKHEER"
AKT,EUROCONTROL NMOC,2,2,"vor_dme,tacan","PREVEZA,AKENO"
ALD,EUROCONTROL NMOC,2,2,"vortac,dme","AL UDAID,ALLGAEU"
AMB,EUROCONTROL NMOC,2,2,"vor_dme,tacan","SANTIAGO,AMBERLEY"
AMS,EUROCONTROL NMOC,2,2,"vor_dme,dme","MAZAR E SHARIF,AMSTERDAM"
AN,EUROCONTROL NMOC,2,2,dme,"ANNABA,ANDOYA"
ARH,EUROCONTROL NMOC,2,2,"vor_dme,tacan","EL ARISH,FORT HUACHUCA"
AT,EUROCONTROL NMOC,2,2,dme,"ALTA,ARTEMOVSKIY"
ATA,AVINOR ORGANISATION FOR EAD,2,2,"vor,dme",ALTA
AVE,EUROCONTROL NMOC,2,1,"vortac,dme",AVENAL
AYT,DHMI TURKIYE,2,2,"vor_dme,tacan",ANTALYA
BA,EUROCONTROL NMOC,2,2,dme,"BANAK,BAKCHAR"
BAT,DHMI TURKIYE,2,2,"vor_dme,tacan",BATMAN
BD,EUROCONTROL NMOC,2,2,"vor_dme,dme","BOBO-DIOULASSO,BODO"
BDF,EUROCONTROL NMOC,2,2,vortac,"BARDUFOSS,BRADFORD"
BF,EUROCONTROL NMOC,2,2,"vor_dme,dme","BAFOUSSAM,BARDUFOSS"
BGS,EUROCONTROL NMOC,2,2,"vor_dme,dme","NIZHNEKAMSK/BEGISHEVO,BARRA DO GARCAS"
BIA,EUROCONTROL NMOC,2,2,"vor_dme,dme","BENGALURU,LEGNICA"
BIL,EUROCONTROL NMOC,2,2,"vortac,dme","BILLINGS,BILLUND"
BNE,SERVICE DE LINFORMATION AERONAUTIQUE,2,2,vor_dme,BOULOGNE
BO,EUROCONTROL NMOC,2,2,dme,"BRNO/TURANY DME 27,BODO"
BRC,EUROCONTROL NMOC,2,2,"vor_dme,dme","BERNICE,BRAC"
BRI,DHMI TURKIYE,2,2,"vor_dme,tacan",BALIKESIR/MERKEZ
BUT,EUROCONTROL NMOC,2,2,vor_dme,"BUTA-ZEGA,U-TAPAO"
BUZ,EUROCONTROL NMOC,2,2,"vor_dme,tacan",BUSHEHR
CAI,EUROCONTROL NMOC,2,2,"vor_dme,dme","CAIRO,CANOUAN"
CAL,EUROCONTROL NMOC,2,2,"vor_dme,dme","CALABAR,CALDAS NOVAS"
CAM,EUROCONTROL NMOC,2,2,"vor_dme,tacan","CAMBRIDGE,CAMERI"
CBH,EUROCONTROL NMOC,2,2,"vor_dme,tacan",CHAH BAHAR
CF,EUROCONTROL NMOC,2,2,"vor_dme,dme","MAKOUA,CASLAV DME 31"
CIM,EUROCONTROL NMOC,2,2,"vortac,dme","CIMARRON,SOENDERBORG"
CIV,SKEYES,2,2,"vor,tacan",CHIEVRES
CN,EUROCONTROL NMOC,2,2,dme,"KRISTIANSAND/KJEVIK,PIESTANY"
CNK,DHMI TURKIYE,2,2,"vor_dme,tacan",CANAKKALE
COM,EUROCONTROL NMOC,2,2,"vor_dme,dme","COMISO,COOMA"
CPN,EUROCONTROL NMOC,2,2,"vor_dme,dme","CHUM PHON,CAMPINAS"
CRD,DHMI TURKIYE,2,2,"vor_dme,tacan",CARDAK
CTN,EUROCONTROL NMOC,2,2,"vor_dme,dme","EL CANTON,CATANIA/FONTANAROSSA"
CVA,EUROCONTROL NMOC,2,2,"vortac,dme","DAVENPORT,CORVATSCH"
CVO,EUROCONTROL NMOC,2,2,"vor_dme,dme","CAIRO,CURVELO"
CVS,EUROCONTROL NMOC,2,2,"vor_dme,tacan","SAL/AMILCAR CABRAL,CANNON"
CZA,EUROCONTROL NMOC,2,2,"vor_dme,dme","KAUA,CZAPLINEK"
DAL,DHMI TURKIYE,2,2,"vor_dme,tacan",DALAMAN
DET,EUROCONTROL NMOC,2,1,"vor,dme",DETLING
DHT,EUROCONTROL NMOC,2,2,"vortac,dme","DALHART,MONTE DA GUIA"
DIA,EUROCONTROL NMOC,2,2,"vor_dme,dme","DOHA/DOHA INTL,DZIALYN"
DMR,EUROCONTROL NMOC,2,2,"vor_dme,dme","DIMAPUR,MARAO"
DMT,EUROCONTROL NMOC,2,2,dme,"DIAMANTINA,MONTARGIL"
DOB,EUROCONTROL NMOC,2,2,"vor_dme,tacan","DOB,DOBBINS"
DPR,EUROCONTROL NMOC,2,2,dme,"PEREIRO,DUPREE"
DSC,EUROCONTROL NMOC,2,2,"vor_dme,dme","YARKANT,SANTA CRUZ - FLORES"
DSK,EUROCONTROL NMOC,2,2,"vor_dme,dme","DARA SAKOR,DASHKI"
DUT,EUROCONTROL NMOC,2,2,"vor_dme,dme","DUTSE,DUTCH HARBOR"
DZF,EUROCONTROL NMOC,2,2,"vor_dme,tacan",DEZFUL
EFD,EUROCONTROL NMOC,2,2,"dme,tacan","ERFURT,ELLINGTON"
EKN,EUROCONTROL NMOC,2,2,"vortac,dme","ELKINS,STOCKHOLM/SKAVSTA"
ELB,EUROCONTROL NMOC,2,1,"vortac,dme",EL BANCO
ELO,FAA LOADER (EAD SP),2,1,"vor,dme",ELY
ERH,DHMI TURKIYE,2,2,"vor_dme,tacan","MALATYA,ERHAC"
ERZ,DHMI TURKIYE,2,2,"vor_dme,tacan",ERZURUM
ESL,EUROCONTROL NMOC,2,2,"vor_dme,tacan","KESSEL,EAST SALE"
FLO,AVINOR ORGANISATION FOR EAD,2,2,"vor,dme",FLORO
FLW,EUROCONTROL NMOC,2,1,"vor,dme",FELLOWS
FMD,AUSTRO CONTROL GMBH,2,1,"vor,dme",FISCHAMEND
FRS,EUROCONTROL NMOC,2,2,"vor_dme,dme",FLORES
GBR,EUROCONTROL NMOC,2,2,"vor_dme,tacan","SAO GABRIEL DA CACHOEIRA,GIBRALTAR"
GLB,EUROCONTROL NMOC,2,2,"vor_dme,dme","LIBO,HLYBOKAJE"
GME,EUROCONTROL NMOC,2,2,"vor_dme,dme","GOMBE,OSLO/GARDERMOEN"
GOT,EUROCONTROL NMOC,2,2,"vor_dme,tacan","GOTEM,DAIGO"
GRA,EUROCONTROL NMOC,2,2,"vor_dme,tacan","RIO GRANDE,GRAZZANISE"
GRS,EUROCONTROL NMOC,2,2,"vor,dme","GHRISS,GROSSETO"
GRZ,AUSTRO CONTROL GMBH,2,2,"vor,dme",GRAZ
HCN,EUROCONTROL NMOC,2,2,vor_dme,"HENGCHUN,CAP-HAITIEN"
HEL,EUROCONTROL NMOC,2,1,"vor,dme",HELSINKI
HL,EUROCONTROL NMOC,2,2,dme,"HELSINKI-VANTAA,VESTMANNAEYJAR"
HMN,EUROCONTROL NMOC,2,2,"vor_dme,tacan","KHANTY-MANSIYSK,HOLLOMAN"
HN,EUROCONTROL NMOC,2,2,"vor_dme,dme","HONIARA,ORSTA-VOLDA/HOVDEN"
HND,EUROCONTROL NMOC,2,2,"vor_dme,dme","HINDAN,KHUJAND"
HSA,EUROCONTROL NMOC,2,2,"vortac,dme","AL AHSA,ESFAHAN/HESA"
HSI,AIR TRAFFIC AND NAVIGATION SERVICES COMPANY LIMITED (ATNS),2,2,"ils_loc,ils_gp",
HTY,EUROCONTROL NMOC,2,2,"vor_dme,tacan",HAT YAI
IAB,NAV CANADA,2,2,"ils_loc,ils_gp",
IAK,CYPRUS DEPARTMENT OF CIVIL AVIATION,2,2,"ils_loc,ils_gp",
IAM,NAV CANADA,2,2,"ils_loc,ils_gp",
IAOG,ENAIRE,2,2,"ils_loc,ils_gp",
IAQ,NAV CANADA,2,2,"ils_loc,ils_gp",
IBBE,SKEYES,2,2,"ils_loc,ils_gp",
IBBL,SKEYES,2,2,"ils_loc,ils_gp",
IBC,NAV CANADA,2,2,"ils_loc,ils_gp",
IBEV,SKEYES,2,2,"ils_loc,ils_gp",
IBFS,SKEYES,2,2,"ils_loc,ils_gp",
IBG,NAV CANADA,2,2,"ils_loc,ils_gp",
IBI,UKRAINIAN STATE AIR TRAFFIC SERVICES ENTERPRISE,2,2,"ils_loc,ils_gp",
IBK,EUROCONTROL NMOC,2,2,dme,"BRASILIA,VILNIUS"
IBX,NAV CANADA,2,2,"ils_loc,ils_dme",
ICN,UKRAINIAN STATE AIR TRAFFIC SERVICES ENTERPRISE,2,2,"ils_loc,ils_gp",
ICR,UKRAINIAN STATE AIR TRAFFIC SERVICES ENTERPRISE,2,2,"ils_loc,ils_gp",
ICV,NAV CANADA,2,2,"ils_loc,ils_gp",
ICV,SKEYES,2,2,"ils_loc,ils_gp",
ICX,NAV CANADA,2,2,"ils_loc,ils_gp",
ICX,ROMATSA - ROMANIAN AIR TRAFFIC SERVICES ADMINISTRATION,2,2,"ils_loc,ils_gp",
IDAN,DHMI TURKIYE,2,2,"ils_loc,ils_gp",
IDET,EUROCONTROL NMOC,2,2,"ils_loc,ils_gp",
IDM,NAV CANADA,2,2,"ils_loc,ils_gp",
IDMI,EUROCONTROL NMOC,2,2,"ils_loc,ils_gp",
IDMN,DHMI TURKIYE,2,2,"ils_loc,ils_dme",
IDNA,DHMI TURKIYE,2,2,"ils_loc,ils_gp",
IDP,UKRAINIAN STATE AIR TRAFFIC SERVICES ENTERPRISE,2,2,"ils_loc,ils_gp",
IDR,UKRAINIAN STATE AIR TRAFFIC SERVICES ENTERPRISE,2,2,"ils_loc,ils_gp",
IDTW,EUROCONTROL NMOC,2,2,"ils_loc,ils_gp",
IDU,EUROCONTROL NMOC,2,2,"vortac,dme","INDUSTRY,DME 29 DUB"
IDWC,EUROCONTROL NMOC,2,2,"ils_loc,ils_gp",
IEG,NAV CANADA,2,2,"ils_loc,ils_gp",
IEJR,EUROCONTROL NMOC,2,2,"ils_loc,ils_gp",
IEM,NAV CANADA,2,2,"ils_loc,ils_gp",
IEPA,EUROCONTROL NMOC,2,2,"ils_loc,ils_gp",
IESR,DHMI TURKIYE,2,2,"ils_loc,ils_gp",
IETI,DHMI TURKIYE,2,2,"ils_loc,ils_gp",
IEZC,DHMI TURKIYE,2,1,"ils_loc,ils_dme",
IFG,NAV CANADA,2,2,"ils_loc,ils_gp",
IFLR,SKEYES,2,2,"ils_loc,ils_gp",
IFN,AIRNAV IRELAND,2,2,"ils_loc,ils_dme",
IFP,NAV CANADA,2,2,"ils_loc,ils_gp",
IFSW,EUROCONTROL NMOC,2,2,dme,"FRANKFURT IFSW,ROMA/FIUMICINO"
IGK,NAV CANADA,2,2,"ils_loc,ils_gp",
IGM,GENERAL DEPARTMENT OF CIVIL AVIATION,2,2,"ils_loc,ils_gp",
IGN,NAV CANADA,2,2,"ils_loc,ils_gp",
IGO,UKRAINIAN STATE AIR TRAFFIC SERVICES ENTERPRISE,2,2,"ils_loc,ils_gp",
IGZP,DHMI TURKIYE,2,1,"ils_loc,ils_dme",
IHE,UKRAINIAN STATE AIR TRAFFIC SERVICES ENTERPRISE,2,2,"ils_loc,ils_gp",
IHJT,EUROCONTROL NMOC,2,2,"ils_loc,ils_gp",
IHUU,EUROCONTROL NMOC,2,2,"ils_loc,ils_gp",
IHV,NAV CANADA,2,2,"ils_loc,ils_gp",
IHY,NAV CANADA,2,2,"ils_loc,ils_gp",
IIF,NAV CANADA,2,2,"ils_loc,ils_dme",
IIF,UKRAINIAN STATE AIR TRAFFIC SERVICES ENTERPRISE,2,2,"ils_loc,ils_gp",
IIGD,DHMI TURKIYE,2,1,"ils_loc,ils_dme",
IIT,NAV CANADA,2,2,"ils_loc,ils_gp",
IIV,UKRAINIAN STATE AIR TRAFFIC SERVICES ENTERPRISE,2,2,"ils_loc,ils_gp",
IJG,NAV CANADA,2,2,"ils_loc,ils_gp",
IJKI,EUROCONTROL NMOC,2,2,"ils_loc,ils_gp",
IJT,NAV CANADA,2,2,"ils_loc,ils_gp",
IKAH,DHMI TURKIYE,2,1,"ils_loc,ils_dme",
IKB,NAV CANADA,2,2,"ils_loc,ils_gp",
IKB,UKRAINIAN STATE AIR TRAFFIC SERVICES ENTERPRISE,2,2,"ils_loc,ils_gp",
IKE,UKRAINIAN STATE AIR TRAFFIC SERVICES ENTERPRISE,2,2,"ils_loc,ils_gp",
IKF,NAV CANADA,2,2,"ils_loc,ils_gp",
IKM,EUROCONTROL NMOC,2,2,dme,"KAUNAS,KAMENKA"
IKNB,SKEYES,2,2,"ils_loc,ils_gp",
IKP,NAV CANADA,2,2,"ils_loc,ils_gp",
ILB,EUROCONTROL NMOC,2,2,dme,"LISBOA,BISTRICA"
ILC,UKRAINIAN STATE AIR TRAFFIC SERVICES ENTERPRISE,2,2,"ils_loc,ils_gp",
ILE,NAV CANADA,2,2,"ils_loc,ils_gp",
ILI,EUROCONTROL NMOC,2,2,dme,"LISBOA,ILIAMNA"
ILL,ROMATSA - ROMANIAN AIR TRAFFIC SERVICES ADMINISTRATION,2,2,"ils_loc,ils_gp",
ILP,NAV CANADA,2,2,"ils_loc,ils_gp",
IMB,EUROCONTROL NMOC,2,2,"vor_dme,dme","KIMBERLY,MALBORK"
IMM,NAV CANADA,2,2,"ils_loc,ils_gp",
IMP,NAV CANADA,2,2,"ils_loc,ils_gp",
IMQ,NAV CANADA,2,2,"ils_loc,ils_gp",
INI,UKRAINIAN STATE AIR TRAFFIC SERVICES ENTERPRISE,2,2,"ils_loc,ils_gp",
INO,UKRAINIAN STATE AIR TRAFFIC SERVICES ENTERPRISE,2,2,"ils_loc,ils_gp",
INP,NAV CANADA,2,2,"ils_loc,ils_gp",
INS,EUROCONTROL NMOC,2,2,"vor_dme,tacan","INVERNESS,INDIAN SPRINGS"
INT,NAV CANADA,2,2,"ils_loc,ils_gp",
IOD,NAV CANADA,2,2,"ils_loc,ils_gp",
IOD,ROMANIA CIVIL AVIATION AUTHORITY,2,2,"ils_loc,ils_gp",
IOE,ROMATSA - ROMANIAN AIR TRAFFIC SERVICES ADMINISTRATION,2,2,"ils_loc,ils_gp",
IOGN,DHMI TURKIYE,2,1,"ils_loc,ils_dme",
IOP,ROMATSA - ROMANIAN AIR TRAFFIC SERVICES ADMINISTRATION,2,2,"ils_loc,ils_gp",
IPA,NAV CANADA,2,2,"ils_loc,ils_gp",
IPD,BULATSA-BULGARIAN AIR TRAFFIC SERVICES AUTHORITY,2,2,"ils_loc,ils_gp",
IPG,NAV CANADA,2,2,"ils_loc,ils_gp",
IPTK,EUROCONTROL NMOC,2,2,"ils_loc,ils_gp",
IQB,NAV CANADA,2,2,"ils_loc,ils_gp",
IQL,NAV CANADA,2,2,"ils_loc,ils_gp",
IQM,NAV CANADA,2,2,"ils_loc,ils_gp",
IQQ,NAV CANADA,2,2,"ils_loc,ils_gp",
IQR,NAV CANADA,2,2,"ils_loc,ils_gp",
IQT,NAV CANADA,2,2,"ils_loc,ils_gp",
IQU,NAV CANADA,2,2,"ils_loc,ils_gp",
IQY,NAV CANADA,2,2,"ils_loc,ils_gp",
IRE,EUROCONTROL NMOC,2,2,dme,"ROENNE,REYKJAVIK"
IRO,UKRAINIAN STATE AIR TRAFFIC SERVICES ENTERPRISE,2,2,"ils_loc,ils_gp",
IRP,NAV CANADA,2,2,"ils_loc,ils_gp",
IRW,NAV CANADA,2,2,"ils_loc,ils_gp",
ISB,NAV CANADA,2,2,"ils_loc,ils_gp",
ISB,ROMATSA - ROMANIAN AIR TRAFFIC SERVICES ADMINISTRATION,2,2,"ils_loc,ils_gp",
ISJ,NAV CANADA,2,2,"ils_loc,ils_gp",
ISM,ROMATSA - ROMANIAN AIR TRAFFIC SERVICES ADMINISTRATION,2,2,"ils_loc,ils_gp",
ISN,EUROCONTROL NMOC,2,2,"vor_dme,dme","ESFAHAN,SWIDWIN"
ISPA,EUROCONTROL NMOC,2,2,dme,"SPANGDAHLEM,SKRYDSTRUP"
ISPT,DHMI TURKIYE,2,1,"ils_loc,ils_dme",
IST,NAV CANADA,2,2,"ils_loc,ils_gp",
ISTR,DHMI TURKIYE,2,1,"ils_loc,ils_dme",
ITC,ROMATSA - ROMANIAN AIR TRAFFIC SERVICES ADMINISTRATION,2,2,"ils_loc,ils_gp",
ITF,NAV CANADA,2,2,"ils_loc,ils_dme",
ITH,NAV CANADA,2,2,"ils_loc,ils_gp",
ITM,ROMATSA - ROMANIAN AIR TRAFFIC SERVICES ADMINISTRATION,2,2,"ils_loc,ils_gp",
ITO,EUROCONTROL NMOC,2,2,"vortac,dme","HILO,PALERMO/PUNTA RAISI"
ITR,NAV CANADA,2,2,"ils_loc,ils_gp",
ITR,ROMATSA - ROMANIAN AIR TRAFFIC SERVICES ADMINISTRATION,2,2,"ils_loc,ils_gp",
ITRB,DHMI TURKIYE,2,1,"ils_loc,ils_dme",
ITS,NAV CANADA,2,2,"ils_loc,ils_gp",
ITS,ROMATSA - ROMANIAN AIR TRAFFIC SERVICES ADMINISTRATION,2,2,"ils_loc,ils_gp",
ITV,NAV CANADA,2,2,"ils_loc,ils_gp",
ITX,NAV CANADA,2,2,"ils_loc,ils_gp",
IUY,NAV CANADA,2,2,"ils_loc,ils_dme",
IVAN,DHMI TURKIYE,2,1,"ils_loc,ils_dme",
IVO,NAV CANADA,2,2,"ils_loc,ils_gp",
IVP,NAV CANADA,2,2,"ils_loc,ils_gp",
IVQM,EUROCONTROL NMOC,2,2,"ils_loc,ils_gp",
IWG,NAV CANADA,2,2,"ils_loc,ils_gp",
IWN,EUROCONTROL NMOC,2,2,"ils_loc,ils_gp",
IXJ,NAV CANADA,2,2,"ils_loc,ils_gp",
IXU,NAV CANADA,2,2,"ils_loc,ils_gp",
IXX,NAV CANADA,2,2,"ils_loc,ils_gp",
IYB,NAV CANADA,2,2,"ils_loc,ils_gp",
IYF,NAV CANADA,2,2,"ils_loc,ils_dme",
IYG,NAV CANADA,2,2,"ils_loc,ils_gp",
IYJ,NAV CANADA,2,2,"ils_loc,ils_gp",
IYR,NAV CANADA,2,2,"ils_loc,ils_gp",
IYT,NAV CANADA,2,2,"ils_loc,ils_gp",
IYZ,NAV CANADA,2,2,"ils_loc,ils_gp",
IZA,UKRAINIAN STATE AIR TRAFFIC SERVICES ENTERPRISE,2,2,"ils_loc,ils_gp",
IZF,NAV CANADA,2,2,"ils_loc,ils_gp",
IZP,NAV CANADA,2,2,"ils_loc,ils_gp",
IZR,GENERAL DEPARTMENT OF CIVIL AVIATION,2,2,"ils_loc,ils_gp",
IZT,NAV CANADA,2,2,"ils_loc,ils_gp",
IZV,NAV CANADA,2,2,"ils_loc,ils_gp",
IZX,NAV CANADA,2,2,"ils_loc,ils_gp",
IZZ,NAV CANADA,2,2,"ils_loc,ils_gp",
JAI,AIR TRAFFIC AND NAVIGATION SERVICES COMPANY LIMITED (ATNS),2,2,"ils_loc,ils_gp",
JBT,EUROCONTROL NMOC,2,2,"dme,tacan","TAITUNG/FONGNIAN,OMURA"
JNI,AIR TRAFFIC AND NAVIGATION SERVICES COMPANY LIMITED (ATNS),2,2,"ils_loc,ils_gp",
JSI,AIR TRAFFIC AND NAVIGATION SERVICES COMPANY LIMITED (ATNS),2,2,"ils_loc,ils_gp",
JXN,FAA LOADER (EAD SP),2,1,"vor,dme",JACKSON
KCE,EUROCONTROL NMOC,2,1,"vor,dme",KOBE
KER,EUROCONTROL NMOC,2,2,"vor_dme,tacan",KERMAN
KFK,DHMI TURKIYE,2,2,"vor_dme,tacan",AFYON
KFV,EUROCONTROL NMOC,2,1,"vortac,dme",KEFLAVIK
KG,EUROCONTROL NMOC,2,2,"vor_dme,dme","KALGOORLIE,KRASNAYA GORBATKA"
KMI,EUROCONTROL NMOC,2,2,"vor,dme","KALEMIE,KMIECIN"
KMN,EUROCONTROL NMOC,2,2,"vor_dme,dme","KAIMANA / UTAROM,KAMYSHIN"
KND,EUROCONTROL NMOC,2,2,"vor_dme,dme","KRASNODAR/PASHKOVSKIY,KANDLA"
KO,EUROCONTROL NMOC,2,2,dme,"KUUSAMO,KARMANOVO"
KPS,EUROCONTROL NMOC,2,2,"vor_dme,tacan",KAMPHAENG SAEN
KR,EUROCONTROL NMOC,2,2,dme,"KIRKENES,KARUP"
KRG,EUROCONTROL NMOC,2,2,"vor_dme,dme","KORHOGO,KARGOPOL"
KRH,EUROCONTROL NMOC,2,2,"vor_dme,dme","KARLSRUHE,KERCH"
KRK,EUROCONTROL NMOC,2,2,"vor_dme,tacan","KERKIRA,KIRKUK"
KRN,EUROCONTROL NMOC,2,2,"vor_dme,dme","KIRENSK,KARNICE"
KRT,EUROCONTROL NMOC,2,2,"vor_dme,tacan",KHORAT
KSH,EUROCONTROL NMOC,2,2,"vor_dme,tacan","KUSHINAGAR,KERMANSHAH"
KSM,EUROCONTROL NMOC,2,2,"vor_dme,dme","SEOUL,MAROVKA"
KSR,DHMI TURKIYE,2,2,"vor_dme,tacan",KAYSERI
KTS,GEORGIAN AIR NAVIGATION - SAKAERONAVIGATSIA LTD,2,1,"vor,dme","DVOR,DME"
KUA,EUROCONTROL NMOC,2,2,vor_dme,"KADUNA,KUWAIT"
KV,EUROCONTROL NMOC,2,2,"vor_dme,dme","KILIMANJARO,ROSKILDE"
LA,EUROCONTROL NMOC,2,2,"vor_dme,dme","LAHORE,NAMEST DME 30"
LAA,EUROCONTROL NMOC,2,2,"vor_dme,dme","LAMAR,LAPA-PR"
LAG,EUROCONTROL NMOC,2,2,"vor_dme,tacan","LAGOS,LAAGE"
LBR,EUROCONTROL NMOC,2,2,"vor_dme,dme","LILABARI,LABREA"
LCH,EUROCONTROL NMOC,2,2,"vortac,tacan","LAKE CHARLES,LECHFELD"
LHT,EUROCONTROL NMOC,2,2,"vor_dme,tacan","ERENHOT,HAMAMATSU"
LJA,EUROCONTROL NMOC,2,2,vor_dme,"LODJA,LIJIANG"
LJB,EUROCONTROL NMOC,2,2,"vor_dme,dme","WANCHANG,LJUBLJANA"
LLR,LATVIJAS GAISA SATIKSME,2,1,"vor,tacan",LIELVARDE
LND,EUROCONTROL NMOC,2,2,"vor_dme,dme","LAND'S END,SCHKEUDITZ NORD"
LNZ,AUSTRO CONTROL GMBH,2,2,"vor,dme",LINZ
LOB,EUROCONTROL NMOC,2,2,"dme,tacan","LOB,LOP BURI"
LP,EUROCONTROL NMOC,2,2,dme,"LAPPEENRANTA,CHULKOVO"
LRD,EUROCONTROL NMOC,2,2,"vortac,dme","LAREDO,LAHR"
LTV,EUROCONTROL NMOC,2,2,"vor_dme,dme","LATACUNGA,MAKHADO (MIL)"
LWI,AIR TRAFFIC AND NAVIGATION SERVICES COMPANY LIMITED (ATNS),2,2,"ils_loc,ils_gp",
LYH,EUROCONTROL NMOC,2,2,vor_dme,"LYNCHBURG,LIUYANG"
MA,EUROCONTROL NMOC,2,2,"vor_dme,dme","MOUNT ISA,MIKHAYLOVKA"
MAG,EUROCONTROL NMOC,2,2,"vor_dme,dme","MAGDEBURG,MANDALGOBI"
MAS,AIR TRAFFIC CONTROL - THE NETHERLANDS (LVNL),2,1,"vor,dme",MAASTRICHT
MDI,EUROCONTROL NMOC,2,2,"vor_dme,dme","MADURAI,MORRO DA IGREJA"
MEN,DHMI TURKIYE,2,2,"vor_dme,tacan","IZMIR,ADNAN MENDERES"
MER,EUROCONTROL NMOC,2,2,"vor_dme,dme","MERCADERES,MERIMBULA"
MES,AVINOR ORGANISATION FOR EAD,2,2,"vor,dme",MESNALI
MF,EUROCONTROL NMOC,2,2,"vor,dme","MAMFE,VAGAR"
MGW,FAA LOADER (EAD SP),2,1,"vor,dme",MORGANTOWN
MH,EUROCONTROL NMOC,2,2,dme,"MEHAMN,MIKHAYLOVSK"
MKS,EUROCONTROL NMOC,2,2,vor_dme,"MEKNES,MAKASSAR/SULTAN HASANUDDIN"
ML,EUROCONTROL NMOC,2,2,"vor_dme,dme","MELBOURNE,MOLDE"
MLP,EUROCONTROL NMOC,2,2,"vor_dme,dme","MULLAN PASS,MILANO/MALPENSA"
MLT,EUROCONTROL NMOC,2,2,"vor_dme,tacan","DONGMULANTOU,MINAMI TORISHIMA"
MND,EUROCONTROL NMOC,2,2,"vor_dme,dme","MUNDRA,MANNHEIM"
MNI,DHMI TURKIYE,2,2,"vor_dme,tacan",MERZIFON
MOE,EUROCONTROL NMOC,2,2,"vor_dme,dme","OYAMA,MOMOTE"
MOH,M-NAV,2,2,"ils_loc,ils_gp",
MOR,EUROCONTROL NMOC,2,2,"vor_dme,dme","MOROZOVSK,MOORE-MURRELL"
MOS,EUROCONTROL NMOC,2,2,"vor_dme,tacan","MOSTAGANEM,MOSJOEN"
MR,EUROCONTROL NMOC,2,2,"vor_dme,dme","MOSCOW/SHEREMETYEVO,MURAVEYKA"
MRN,ENAIRE,2,2,"vor_dme,tacan",SEVILLA/MORON
MRN,EUROCONTROL NMOC,2,2,"vor_dme,dme","MARINILLA,MARYINO"
MS,EUROCONTROL NMOC,2,2,dme,"MOSJOEN,MANIITSOQ"
MSD,EUROCONTROL NMOC,2,2,"vor_dme,tacan",MASHHAD
MUS,DHMI TURKIYE,2,2,"vor_dme,tacan",MUS
MZT,EUROCONTROL NMOC,2,2,"vor_dme,tacan","MAZATLAN,MAIZURU"
MZV,EUROCONTROL NMOC,2,2,"vor_dme,dme","MAZENOD (MASERU),MOLINE"
NDD,EUROCONTROL NMOC,2,2,"vor_dme,dme","NANDED,NIEDERSTETTEN"
NG,EUROCONTROL NMOC,2,2,dme,"SHARANGA,GAELLIVARE"
NGA,CIVIL AVIATION AUTHORITY OF THE PHILIPPINES,2,2,"vor,dme",NAGA
NH,EUROCONTROL NMOC,2,2,"vor_dme,dme","NAWABSHAH,NIKOLSK"
NID,EUROCONTROL NMOC,2,2,"dme,tacan","NIEDERRHEIN,CHINA LAKE"
NK,EUROCONTROL NMOC,2,2,dme,"NIKOLSKOYE,KRAMFORS"
NL,EUROCONTROL NMOC,2,2,dme,"PONTA DELGADA,LYCKSELE"
NQ,EUROCONTROL NMOC,2,2,dme,"NARSARSUAQ,KIRUNA"
NSA,EUROCONTROL NMOC,2,2,"vor_dme,dme","NISA,ARLANDA"
NTA,EUROCONTROL NMOC,2,2,"vor_dme,dme","NATUNA/RANAI,NOWY TARG"
NX,EUROCONTROL NMOC,2,2,dme,"NERL,ARVIDSJAUR"
NYL,EUROCONTROL NMOC,2,2,"vor_dme,tacan","NYALA,YUMA"
OBI,AIR TRAFFIC AND NAVIGATION SERVICES COMPANY LIMITED (ATNS),2,2,"ils_loc,ils_gp",
OEL,EUROCONTROL NMOC,2,2,"vor_dme,dme","CHOELE CHOEL,LINZ-RWY26"
OG,EUROCONTROL NMOC,2,2,"vor_dme,dme","OUAGADOUGOU,OGUR"
OK,EUROCONTROL NMOC,2,2,"vor_dme,dme","OAKEY,OKTYABRSKIY"
OOM,EUROCONTROL NMOC,2,2,"vortac,dme","HOOSIER,MOOMBA"
OSA,EUROCONTROL NMOC,2,2,"vor_dme,dme","SANTA ROSA,OSA"
OSB,EUROCONTROL NMOC,2,2,"vor_dme,tacan","OSUBI,OSNABRUECK"
OST,EUROCONTROL NMOC,2,2,dme,"OSTIA,OSTASZE"
OUK,EUROCONTROL NMOC,2,1,"vor,dme",OULU
PAD,EUROCONTROL NMOC,2,2,"vor_dme,dme","PARSABADE MOGHAN,PADERBORN-LIPPSTADT"
PAM,EUROCONTROL NMOC,2,2,"dme,tacan","PAMPUS,TYNDALL"
PCK,EUROCONTROL NMOC,2,2,"dme,tacan","PLOCK,PRACHUAP"
PDI,AIR TRAFFIC AND NAVIGATION SERVICES COMPANY LIMITED (ATNS),2,2,"ils_loc,ils_gp",
PE,EUROCONTROL NMOC,2,2,"vor_dme,dme","NOUADHIBOU,PETROVSKOYE"
PEI,AIR TRAFFIC AND NAVIGATION SERVICES COMPANY LIMITED (ATNS),2,2,"ils_loc,ils_gp",
PGS,EUROCONTROL NMOC,2,1,"vor,dme",PEACH SPRINGS
PH,EUROCONTROL NMOC,2,2,"vor_dme,dme","PERTH,PRAHA/RUZYNE DME 06"
PIR,EUROCONTROL NMOC,2,2,"vor_dme,dme","PIRASSUNUNGA,PIRKKA"
PKN,EUROCONTROL NMOC,2,2,"vor_dme,dme","PANGKALAN BUN/ISKANDAR,MATSU/BEIGAN"
PL,EUROCONTROL NMOC,2,2,dme,"PALANA,POLINA OSIPENKO"
PLG,EUROCONTROL NMOC,2,2,"vor_dme,dme","PUERTO LEGUIZAMO,PALANGA"
PNK,EUROCONTROL NMOC,2,2,"vor_dme,dme","PONTIANAK/SUPADIO,PINSK"
PNT,EUROCONTROL NMOC,2,2,"vor_dme,dme","PUERTO NATALES,PORTO ALEGRE DO NORTE"
PNZ,EUROCONTROL NMOC,2,2,vor_dme,"PONZA,PENZA"
PO,EUROCONTROL NMOC,2,2,dme,"PORI,POCHINOK"
PR,EUROCONTROL NMOC,2,2,dme,"PRAHA/RUZYNE DME 24,PORTO"
PRI,EUROCONTROL NMOC,2,1,"vor,dme",PREVIK
PTA,EUROCONTROL NMOC,2,2,vor_dme,"LA PLATA,PUERTO PLATA"
PTH,EUROCONTROL NMOC,2,2,vor_dme,"PERTH,PHAN THIET"
PTN,EUROCONTROL NMOC,2,2,"vor_dme,dme","PATHEIN,PANTNAGAR"
PZA,EUROCONTROL NMOC,2,2,vor_dme,"PUERTO ESPERANZA,PUERTO CABEZAS"
RAF,EUROCONTROL NMOC,2,2,"vor_dme,dme","RAFHA,RAFSANJAN"
RCA,EUROCONTROL NMOC,2,2,"dme,tacan","REGGIO CALABRIA,ELLSWORTH"
RGI,EUROCONTROL NMOC,2,2,"vor_dme,dme","RACH GIA,REGISTRO"
RN,EUROCONTROL NMOC,2,2,"vor_dme,dme","ISLAMABAD,BOGUSLAVETS"
RO,EUROCONTROL NMOC,2,2,dme,"ROROS,ROVANIEMI"
SAE,EUROCONTROL NMOC,2,2,"vor_dme,dme","SEARLE,SAELEN"
SAL,EUROCONTROL NMOC,2,2,"vor_dme,dme","SALTA,SAELEN"
SB,EUROCONTROL NMOC,2,2,dme,"SAMBAVA,STOCKHOLM/BROMMA"
SBG,AUSTRO CONTROL GMBH,2,2,"vor,dme",SALZBURG
SCE,PANSA,2,1,"vor,dme",SZCZECIN/GOLENIOW
SD,EUROCONTROL NMOC,2,2,dme,"MAARIANHAMINA,BORLAENGE"
SDA,AVINOR ORGANISATION FOR EAD,2,1,"vor,dme",SEIDA
SDE,EUROCONTROL NMOC,2,2,vor_dme,"SANTIAGO DEL ESTERO,SENDAI"
SGH,FAA LOADER (EAD SP),2,1,"vor,dme",SPRINGFIELD
SHD,EUROCONTROL NMOC,2,2,dme,"SCHWAEBISCH HALL,SAHAND"
SIG,AVINOR ORGANISATION FOR EAD,2,1,"vor,dme",SIGDAL
SKA,EUROCONTROL NMOC,2,2,"vor_dme,tacan","SAKRAS,FAIRCHILD"
SLG,EUROCONTROL NMOC,2,2,"vor_dme,dme","SIBORONGBORONG/RAJA SISINGAMANGARAJA XII,SETE LAGOAS"
SLK,EUROCONTROL NMOC,2,2,"vor_dme,dme","CASABLANCA / MOHAMED V,SOLODNIKI"
SML,EUROCONTROL NMOC,2,2,"vor_dme,dme","ABU SIMBEL,SEMELISKES"
SMN,EUROCONTROL NMOC,2,2,"vor_dme,dme","SIDI SLIMANE,SEMNAN"
SN,EUROCONTROL NMOC,2,2,dme,"ROSKILDE,USINSK"
SND,EUROCONTROL NMOC,2,2,"vor_dme,dme","SAINSHAND,MORIYA"
SOA,EUROCONTROL NMOC,2,2,"vor_dme,tacan","SOACHA,SOLA"
SPY,EUROCONTROL NMOC,2,2,dme,"SPIJKERBOOR,ST PAUL ISLAND"
SRN,EUROCONTROL NMOC,2,2,"vor_dme,dme","SARANSK,SARAVAN"
SRT,EUROCONTROL NMOC,2,2,"vor_dme,tacan","SIRTE,SURAT THANI"
STD,EUROCONTROL NMOC,2,2,"vor,dme","STORD,SHODO"
STV,EUROCONTROL NMOC,2,2,vortac,"STEFANOVIKION,STONEWALL"
SU,EUROCONTROL NMOC,2,2,"vor_dme,dme","SUNSHINE COAST,ESKILSTUNA"
SUL,EUROCONTROL NMOC,2,2,vor_dme,"SULZ,SULAIMANIYAH"
SYZ,EUROCONTROL NMOC,2,2,"vor_dme,tacan",SHIRAZ
SZY,EUROCONTROL NMOC,2,2,"vor_dme,dme","SHAZIYING,OLSZTYN - MAZURY"
TAL,EUROCONTROL NMOC,2,2,vor_dme,"TALARA,TANANA"
TBN,EUROCONTROL NMOC,2,2,"vor_dme,dme","TABON,GLUCHOW GORNY"
TBS,GEORGIAN AIR NAVIGATION - SAKAERONAVIGATSIA LTD,2,1,"vor,dme","DVOR,DME"
TBZ,EUROCONTROL NMOC,2,2,"vor_dme,tacan",TABRIZ
TGA,AVINOR ORGANISATION FOR EAD,2,1,"vor,dme",TOLGA
TGI,AIR TRAFFIC AND NAVIGATION SERVICES COMPANY LIMITED (ATNS),2,2,"ils_loc,ils_gp",
THT,NAVIAIR ATS,2,1,"vor,tacan",PITUFFIK
TIK,EUROCONTROL NMOC,2,2,"vor_dme,tacan","MUNDO MAYA,TINKER"
TIR,EUROCONTROL NMOC,2,2,"vor_dme,tacan","TIREE,INOWROCLAW"
TIV,SERBIA AND MONTENEGRO AIR TRAFFIC SERVICES SMATSA LLC,2,2,"ils_loc,ils_dme",
TKT,EUROCONTROL NMOC,2,2,"vor_dme,tacan","TASHKENT,TOKACHI"
TNI,AIR TRAFFIC AND NAVIGATION SERVICES COMPANY LIMITED (ATNS),2,2,"ils_loc,ils_gp",
TOP,EUROCONTROL NMOC,2,2,"vortac,dme","TOPEKA,TORINO"
TQA,EUROCONTROL NMOC,2,2,"vor_dme,dme","TUSCOLA,TAQUARA"
TQO,EUROCONTROL NMOC,2,1,"vor,dme",TULUM
TR,EUROCONTROL NMOC,2,2,dme,"TROMSO/LANGNES,AARHUS"
TRK,EUROCONTROL NMOC,2,2,"vor_dme,dme","TARAKAN/JUWATA,TIKHORETSK"
TRO,EUROCONTROL NMOC,2,2,vor_dme,"TROMSO,TROMPETEROS"
TRT,EUROCONTROL NMOC,2,2,dme,"TRENT,TRAT"
TUN,AUSTRO CONTROL GMBH,2,1,"vor,dme",TULLN
UBL,EUROCONTROL NMOC,2,2,"vor_dme,tacan","UBON RATCHATHANI,UBON"
UDN,EUROCONTROL NMOC,2,2,"vor_dme,tacan","UDON THANI,UDON"
UL,EUROCONTROL NMOC,2,2,dme,"ULA,ULUNDI"
ULT,NAV CANADA,2,2,"dme,tacan",ALERT
VAL,EUROCONTROL NMOC,2,1,"vor,dme",VALENCIA
VBV,ROMATSA - ROMANIAN AIR TRAFFIC SERVICES ADMINISTRATION,2,2,"vor,dme",
VFL,EUROCONTROL NMOC,2,2,vortac,"VARDEFJELL,HORTA"
VIL,EUROCONTROL NMOC,2,2,"vortac,dme","VILLAFRANCA,VILMAS"
VKL,EUROCONTROL NMOC,2,2,"vor_dme,tacan","KUALA LUMPUR,VOLKEL"
VLC,EUROCONTROL NMOC,2,2,"vor_dme,dme","LICHINGA,VALENCA"
VNO,EUROCONTROL NMOC,2,2,"vor_dme,dme","VILNIUS,VANIMO"
WGM,AUSTRO CONTROL GMBH,2,2,"vor,dme",WAGRAM
WLK,EUROCONTROL NMOC,2,2,"vor_dme,dme","VLADIKAVKAZ/BESLAN,VOLCHANKA"
WNK,EUROCONTROL NMOC,2,2,"vor_dme,dme","MOSCOW/VNUKOVO,VESHENSKAYA"
WOL,EUROCONTROL NMOC,2,2,dme,"WOL,WOLVERHAMPTON/HALFPENNY GREEN"
WTM,EUROCONTROL NMOC,2,2,"vor_dme,tacan","TIANMEN,WITTMUNDHAFEN"
YAA,DHMI TURKIYE,2,2,"vor_dme,tacan",YALOVA
YBE,SERBIA AND MONTENEGRO AIR TRAFFIC SERVICES SMATSA LLC,2,2,"ils_loc,ils_gp",
YUI,SERBIA AND MONTENEGRO AIR TRAFFIC SERVICES SMATSA LLC,2,2,"ils_loc,ils_gp",
YXY,NAV CANADA,2,2,"vor,dme",WHITEHORSE
YZD,EUROCONTROL NMOC,2,2,"vor_dme,tacan",YAZD
YZF,NAV CANADA,2,1,"vor,dme",YELLOWKNIFE
ZMN,EUROCONTROL NMOC,2,2,"vor_dme,dme","ZAAMIN CVOR DME,ZEMETCHINO"
ZV,EUROCONTROL NMOC,2,2,"vor_dme,dme","ZANZIBAR,STAVANGER/SOLA"
