code_id,data_originator,adet,farkli_koordinat,tablolar,isimler
RW12,NAV CANADA,49,49,dp_adhp,RW12
RW08,NAV CANADA,48,48,dp_adhp,RW08
RW30,NAV CANADA,48,48,dp_adhp,RW30
RW26,NAV CANADA,47,47,dp_adhp,RW26
RW13,NAV CANADA,46,46,dp_adhp,"RW13,RW12"
RW31,NAV CANADA,46,46,dp_adhp,"RW31,RW13"
RW09,NAV CANADA,41,41,dp_adhp,RW09
RW10,NAV CANADA,41,41,dp_adhp,RW10
RW27,NAV CANADA,40,40,dp_adhp,"RW27,RW26"
RW28,NAV CANADA,40,40,dp_adhp,RW28
RW06,NAV CANADA,39,39,dp_adhp,"RW06,RW06R"
N,DFS DEUTSCHE FLUGSICHERUNG GMBH,38,38,dp_other,"EDAH NOVEMBER,EDDC NOVEMBER,EDDE NOVEMBER 1,EDDE NOVEMBER 2,EDDF NOVEMBER,EDDG NOVEMBER 1,EDDG NOVEMBER 2,EDDH NOVEMBER 1,EDDH NOVEMBER 2,EDDK NOVEMBER 1,EDDL NOVEMBER,EDDN NOVEMBER,EDDP NOVEMBER 1,EDDR NOVEMBER 1,EDDR NOVEMBER 2,EDDV NOVEMBER 1,EDDV NOVEMBER 2,EDDW NOVEMBER,EDFH NOVEMBER,EDHL NOVEMBER,EDJA NOVEMBER 1,EDJA NOVEMBER 2,EDLP NOVEMBER,EDLV NOVEMBER,EDLW NOVEMBER,EDMA NOVEMBER 1,EDMA NOVEMBER 2,EDNY NOVEMBER,EDQM NOVEMBER,EDSB NOVEMBER,EDVE NOVEMBER 1,EDVE NOVEMBER 2,EDVK NOVEMBER 1,EDVK NOVEMBER 2,EDXW NOVEMBER,EDDP NOVEMBER 2,EDDB NOVEMBER,EDDK NOVEMBER 2"
RW24,NAV CANADA,38,38,dp_adhp,RW24
RW25,NAV CANADA,37,37,dp_adhp,RW25
RW07,NAV CANADA,36,36,dp_adhp,RW07
S,DFS DEUTSCHE FLUGSICHERUNG GMBH,35,35,dp_other,"EDAH SIERRA,EDDE SIERRA 1,EDDE SIERRA 2,EDDF SIERRA,EDDG SIERRA,EDDK SIERRA 1,EDDL SIERRA,EDDN SIERRA,EDDP SIERRA 1,EDDR SIERRA,EDDS SIERRA,EDDW SIERRA 1,EDDW SIERRA 2,EDFH SIERRA,EDFM SIERRA,EDHL SIERRA 1,EDHL SIERRA 2,EDJA SIERRA,EDLP SIERRA,EDLV SIERRA,EDLW SIERRA,EDMA SIERRA 1,EDMA SIERRA 2,EDNY SIERRA,EDQM SIERRA,EDSB SIERRA,EDTL SIERRA 1,EDTL SIERRA 2,EDVE SIERRA,EDVK SIERRA 1,EDVK SIERRA 2,EDXW SIERRA 1,EDXW SIERRA 2,EDDP SIERRA 2,EDDK SIERRA 2"
ARC01,NAV CANADA,34,34,dp_adhp,ARC01
ARC02,NAV CANADA,32,32,dp_adhp,ARC02
RW15,NAV CANADA,31,31,dp_adhp,RW15
RW14,NAV CANADA,30,30,dp_adhp,"RW14,RW15"
RW32,NAV CANADA,30,30,dp_adhp,RW32
RW11,NAV CANADA,29,29,dp_adhp,RW11
RW33,NAV CANADA,29,29,dp_adhp,"RW33,RW32"
ECHO,DFS DEUTSCHE FLUGSICHERUNG GMBH,28,28,dp_other,"EDAH ECHO,EDDC ECHO,EDDG ECHO,EDDK ECHO 1,EDDL ECHO,EDDR ECHO 1,EDDR ECHO 2,EDDS ECHO,EDDV ECHO 1,EDDV ECHO 2,EDFH ECHO,EDFM ECHO,EDLW ECHO,EDMO ECHO 1,EDMO ECHO 2,EDPR ECHO,EDQM ECHO,EDSB ECHO,EDTL ECHO,EDVE ECHO 1,EDVE ECHO 2,EDVK ECHO 1,EDVK ECHO 2,EDWN ECHO,EDXW ECHO 1,EDXW ECHO 2,EDLP ECHO,EDDK ECHO 2"
RW05,NAV CANADA,28,28,dp_adhp,RW05
RW23,NAV CANADA,28,28,dp_adhp,RW23
RW29,NAV CANADA,28,28,dp_adhp,RW29
ARC03,NAV CANADA,27,27,dp_adhp,ARC03
RW18,NAV CANADA,26,26,dp_adhp,RW18
W,DFS DEUTSCHE FLUGSICHERUNG GMBH,26,26,dp_other,"EDAH WHISKEY,EDDG WHISKEY,EDDS WHISKEY,EDDV WHISKEY 1,EDDV WHISKEY 2,EDDW WHISKEY,EDFH WHISKEY,EDFM WHISKEY,EDHL WHISKEY,EDLN WHISKEY,EDLP WHISKEY 1,EDLP WHISKEY 2,EDLW WHISKEY,EDMA WHISKEY 1,EDMA WHISKEY 2,EDMO WHISKEY,EDNY WHISKEY,EDPR WHISKEY,EDSB WHISKEY,EDTL WHISKEY,EDVE WHISKEY 1,EDVE WHISKEY 2,EDVK WHISKEY 1,EDVK WHISKEY 2,EDWN WHISKEY,EDXW WHISKEY"
RW16,NAV CANADA,24,24,dp_adhp,RW16
RW34,NAV CANADA,24,24,dp_adhp,RW34
ARC04,NAV CANADA,23,23,dp_adhp,ARC04
RW36,NAV CANADA,23,23,dp_adhp,RW36
RW35,NAV CANADA,20,20,dp_adhp,RW35
ARC05,NAV CANADA,19,19,dp_adhp,"ARC05,ARC06"
RW17,NAV CANADA,19,19,dp_adhp,RW17
RW21,NAV CANADA,19,19,dp_adhp,RW21
RW02,NAV CANADA,18,18,dp_adhp,"RW02,RW03"
RW03,NAV CANADA,18,18,dp_adhp,RW03
RW27,EUROCONTROL NMOC,18,18,dp_other,"MAPT,MAPT GPS RWY 27,MAPT RW27,THR RWY 27,RW27,MAPT RNP27"
RW04,NAV CANADA,17,17,dp_adhp,RW04
RW20,NAV CANADA,17,17,dp_adhp,"RW20,RW21,RW02"
RW22,NAV CANADA,17,17,dp_adhp,"RW22,RW21"
ARC06,NAV CANADA,15,15,dp_adhp,ARC06
TP2,EUROCONTROL NMOC,15,15,dp_other,"13.4 DME FHH/21,TP 12.9 DME MUN,GRETCHEN TP 2,GRETCHEN LOW TP 2,JOJO TP 2,KIM LONG TP 2,KIM SHORT TP 2,ANGIE TP 2,VIRGIN TP 2,JANIN TP 2,TINA TP 2,MERLE TP 2,SAXON TP 2,NELE TP 2,LUCA TP2"
ARC07,NAV CANADA,14,14,dp_adhp,ARC07
RW09,EUROCONTROL NMOC,14,14,dp_other,"THR RWY 09,RW09,MAPT RW09,MAPT RNP RWY 09,MAPT,MAPT RW09 RNP"
RW26,EUROCONTROL NMOC,14,14,dp_other,"MAPT,RW26 MAPT,MAPT GPS RWY26,RW26"
W,AUSTRO CONTROL GMBH,14,14,dp_other,"W (LOAV),WHISKEY (LOWZ),WHISKEY (LOLW),W (LOIH),WHISKEY (LOGG),W (LOAB),W (LOAR),WHISKEY (LOGK),WHISKEY (LOGT),W (LOGO),W (LOIR),WHISKEY (LOKL),W (LOLG),WHISKEY (LOWS)"
AP1,EUROCONTROL NMOC,13,13,dp_other,"ANGIE AP 1,GRETCHEN AP 1,GRETCHEN LOW AP 1,JOJO AP 1,KIM LONG AP 1,KIM SHORT AP 1,SAXON AP 1,VIRGIN AP 1,JANIN AP 1,TINA AP 1,MERLE AP 1,NELE AP 1,LUCA AP1"
AP2,EUROCONTROL NMOC,13,13,dp_other,"GRETCHEN AP 2,GRETCHEN LOW AP 2,JOJO AP 2,KIM LONG AP 2,KIM SHORT AP 2,ANGIE AP 2,SAXON AP 2,VIRGIN AP 2,JANIN AP 2,TINA AP 2,MERLE AP 2,NELE AP 2,LUCA AP2"
RW01,NAV CANADA,13,13,dp_adhp,RW01
RW08,EUROCONTROL NMOC,13,13,"dp_icao,dp_other","RW08,MAPT,MAPT GPS RWY08"
TP1,EUROCONTROL NMOC,13,13,dp_other,"TP R265 MUN,SID27 6.0 DME MND,ANGIE TP 1,GRETCHEN TP 1,GRETCHEN LOW TP 1,JOJO TP 1,SAXON TP 1,VIRGIN TP 1,JANIN TP 1,TINA TP 1,MERLE TP 1,NELE TP 1,LUCA TP1"
S,AUSTRO CONTROL GMBH,12,12,dp_other,"SIERRA (LOWK),SIERRA (LOWI),SIERRA (LOWS),S (LOAV),SIERRA (LOWL),SIERRA (LOWZ),S (LOIH),S (LOAB),SIERRA (LOGG),SIERRA (LOGK),SIERRA (LOGT),S (LOLG)"
RW01,EUROCONTROL NMOC,11,11,dp_other,RW01
RW03,EUROCONTROL NMOC,11,11,dp_other,"RW03,MAPT MM 1.2 DME FHH,MAPT RW03,MAPT"
RW19,NAV CANADA,11,11,dp_adhp,RW19
ARC08,NAV CANADA,10,10,dp_adhp,"ARC08,ARC01"
E,AUSTRO CONTROL GMBH,10,10,dp_other,"E (LOAN),E (LOAV),ECHO (LOWZ),ECHO (LOLW),ECHO (LOGG),E (LOIR),E (LOGO),ECHO (LOKL),O (LOLG),E"
RW19,EUROCONTROL NMOC,10,10,dp_other,RW19
RW21,EUROCONTROL NMOC,10,10,dp_other,"MAPT RW21,MAPT,RW21"
RW06,EUROCONTROL NMOC,9,9,dp_other,"MAPT RWY 06,MAPT GPS RWY06,MAPT RNAV (GPS) RWY06,THR RW 06,MAPT RW06,RW06"
RW30,EUROCONTROL NMOC,9,9,dp_other,"MAPT,RW30"
SAN,CIVIL AVIATION AUTHORITY OF THE PHILIPPINES,9,9,dp_other,"SAN MIGUEL BAY,SAN PABLO,SAN MIG,SAN ENRIQUE,SANTO NINO,SAN JOSE,SANTANDER,SAN ROQUE DAM"
N,AUSTRO CONTROL GMBH,8,8,dp_other,"NOVEMBER (LOWZ),N (LOAB),NOVEMBER (LOGG),N (LOAR),N (LOAG),NOVEMBER (LOGT),NOVEMBER (LOGK),N (LOLG)"
RW12,EUROCONTROL NMOC,8,8,dp_other,RW12
RW14,EUROCONTROL NMOC,8,8,dp_other,"RW14,MAPT"
RW24,EUROCONTROL NMOC,8,8,dp_other,"MAPT RWY 24,MAPT RNAV (GPS) RWY24,THR RW 24,MAPT LOC RWY24 0.2 DME IAMW / 1.0 DME ALD,RW24"
RW29,EUROCONTROL NMOC,8,8,dp_other,"RW29,MAPT RW29,RWY29 MAPT"
RW32,EUROCONTROL NMOC,8,8,dp_other,"RW32,MAPT"
OSCAR,DFS DEUTSCHE FLUGSICHERUNG GMBH,7,7,dp_other,"EDDN OSCAR,EDDS OSCAR,EDMA OSCAR 1,EDMA OSCAR 2,EDNY OSCAR,EDTL OSCAR 1,EDTL OSCAR 2"
RW25,EUROCONTROL NMOC,7,7,dp_other,"MAPT RW25 RNAV/GPS,MAWP RNAV (GPS) RWY 25,RW25,MAPT RW25,THR RWY 25/MAPT"
HS1,AIRWAYS CORPORATION OF NEW ZEALAND LTD,6,6,dp_other,HOT SPOT 1
KILO,DFS DEUTSCHE FLUGSICHERUNG GMBH,6,6,dp_other,"EDFM KILO,EDLN KILO 2,EDLN KILO 1,EDDK KILO 2,EDDK KILO 1,EDLP KILO"
LIMA,DFS DEUTSCHE FLUGSICHERUNG GMBH,6,6,dp_other,"EDDF LIMA,EDDS LIMA,EDDV LIMA,EDHL LIMA,EDMA LIMA,EDXW LIMA"
MAG,CIVIL AVIATION AUTHORITY OF THE PHILIPPINES,6,6,dp_other,"MAGSAYSAY,MAGALLANES,MAGUINDA,MAGALONA PORT"
RW10,EUROCONTROL NMOC,6,6,dp_other,"MAWP,RW10"
RW18,EUROCONTROL NMOC,6,6,dp_other,"RW18,THR 18"
RW36,EUROCONTROL NMOC,6,6,dp_other,"MAPT GPS RWY36,RW36"
DUM,CIVIL AVIATION AUTHORITY OF THE PHILIPPINES,5,5,dp_other,"DUMAGUIT PORT,DUMALAG,DUMARAO,DUMANGAS,DUMANPALIT ISLAND"
HOTEL,DFS DEUTSCHE FLUGSICHERUNG GMBH,5,5,dp_other,"EDDM HOTEL 1,EDDM HOTEL 2,EDOY HOTEL,EDXW HOTEL,EDLP HOTEL"
MA31,NAV CANADA,5,5,dp_adhp,"YZP129000,UAB292006,VLN137017,MA31"
RW04,EUROCONTROL NMOC,5,5,dp_other,"MAPT GPS APCH RWY04,MAPT RWY04,MAPT,RW04"
RW05,EUROCONTROL NMOC,5,5,dp_other,"RW05,MAPT,FTP/LTP"
RW07,EUROCONTROL NMOC,5,5,dp_other,"THR RWY 07/MAPT,MAWP RNAV (GPS) RWY 07,RW07"
RW11,EUROCONTROL NMOC,5,5,dp_other,"RW11,RWY11 MAPT,RWY11"
RW22,EUROCONTROL NMOC,5,5,dp_other,"MAPT RW22,MAPT GPS APCH RWY22,MAPT RWY22,MAPT,RW22"
RW28,EUROCONTROL NMOC,5,5,dp_other,"MAWP,RW28"
ARC09,NAV CANADA,4,4,dp_adhp,ARC09
ARC10,NAV CANADA,4,4,dp_adhp,ARC10
BAL,CIVIL AVIATION AUTHORITY OF THE PHILIPPINES,4,4,dp_other,"BALASAN,BALARING,BALETE,BALIANGAO"
FF13,NAV CANADA,4,4,dp_adhp,"YGL317005,YJQ286004,YRT301005,YCB308005"
FF23,NAV CANADA,4,4,dp_adhp,"YRQ067005,4G057005,YVV226005,FF23"
FF26,NAV CANADA,4,4,dp_adhp,"YLL084005,UYR084001,YRL076005,YPA072005"
K,AUSTRO CONTROL GMBH,4,4,dp_other,"K (LOAV),KILO (LOWL),K (LOIH),KILO (LOWI)"
MA08,NAV CANADA,4,4,dp_adhp,"UZX089001,UZX260001,YPA265001,ITZ265001"
MA12,NAV CANADA,4,4,dp_adhp,"MA12,UZX288001,UQQ311001,YUX294004"
MA16,NAV CANADA,4,4,dp_adhp,"XC344002,MA16,ILW339002"
MA26,NAV CANADA,4,4,"dp_icao,dp_adhp","UZX255001,IGV083001,YPA072000,UZX026001"
MAL,CIVIL AVIATION AUTHORITY OF THE PHILIPPINES,4,4,dp_other,"MALAMAWI,MALABON,MALAWIG POINT,MALOLOS FLYOVER"
MAN,CIVIL AVIATION AUTHORITY OF THE PHILIPPINES,4,4,dp_other,"MANICAHAN,MANGGAHAN FLOODWAY,MANGLET ISLAND,MANUKAN"
MIKE,DFS DEUTSCHE FLUGSICHERUNG GMBH,4,4,dp_other,"EDDC MIKE,EDLN MIKE,EDVE MIKE,EDDB MIKE"
N1,AUSTRO CONTROL GMBH,4,4,dp_other,"N1 (LOWK),NOVEMBER 1 (LOWI),N1 (LOIR),N1 (LOGG)"
ROMEO,DFS DEUTSCHE FLUGSICHERUNG GMBH,4,4,dp_other,"EDDF ROMEO 1,EDFM ROMEO,EDLN ROMEO,EDSB ROMEO"
RW06R,NAV CANADA,4,4,dp_adhp,RW06R
RW15,EUROCONTROL NMOC,4,4,dp_other,RW15
RW16,EUROCONTROL NMOC,4,4,dp_other,RW16
RW21,AIRWAYS CORPORATION OF NEW ZEALAND LTD,4,4,dp_adhp,RW21
RW27,CIVIL AVIATION AUTHORITY OF THE PHILIPPINES,4,4,dp_adhp,"RW27,RW27 MAPT"
RW33,EUROCONTROL NMOC,4,4,dp_other,RW33
RW34,EUROCONTROL NMOC,4,4,dp_other,RW34
RW35,EUROCONTROL NMOC,4,4,dp_other,RW35
SANDY,EUROCONTROL NMOC,4,4,dp_icao,SANDY
SILVA,EUROCONTROL NMOC,4,4,dp_icao,SILVA
W1,AUSTRO CONTROL GMBH,4,4,dp_other,"W1 (LOWK),WHISKEY 1 (LOWI),W1 (LOAU),W1 (LOGG)"
WHALE,EUROCONTROL NMOC,4,4,dp_icao,WHALE
AP1,BUNDESWEHR,3,3,dp_other,"NORTHSEA AP 1,LILLY AP 1,SANDRA AP1"
AP2,BUNDESWEHR,3,3,dp_other,"NORTHSEA AP 2,LILLY AP 2,SANDRA AP2"
ARC12,NAV CANADA,3,3,dp_adhp,ARC12
BARTN,EUROCONTROL NMOC,3,3,dp_icao,BARTN
BERTI,EUROCONTROL NMOC,3,3,dp_icao,BERTI
BIN,CIVIL AVIATION AUTHORITY OF THE PHILIPPINES,3,3,dp_other,"BINAHIAN PORT,BINAYAN,BINAKAYAN"
BUNNY,EUROCONTROL NMOC,3,3,dp_icao,BUNNY
CAL,CIVIL AVIATION AUTHORITY OF THE PHILIPPINES,3,3,dp_other,"CALABANGA,CALINAN,CALATONG"
CAROL,EUROCONTROL NMOC,3,3,dp_icao,CAROL
CEDAR,EUROCONTROL NMOC,3,3,dp_icao,CEDAR
COTON,EUROCONTROL NMOC,3,3,dp_icao,COTON
DAVID,EUROCONTROL NMOC,3,3,"dp_icao,dp_adhp",DAVID
DELTA,EUROCONTROL NMOC,3,3,dp_icao,DELTA
DRAKE,EUROCONTROL NMOC,3,3,dp_icao,DRAKE
DUFFY,EUROCONTROL NMOC,3,3,dp_icao,DUFFY
E1,AUSTRO CONTROL GMBH,3,3,dp_other,"E1 (LOWK),E1 (LOAU),ECHO 1 (LOGK)"
E2,AUSTRO CONTROL GMBH,3,3,dp_other,"E2 (LOWK),E2 (LOAU),ECHO 2 (LOGK)"
END08,MOLDAVIAN AIR TRAFFIC SERVICE PROVIDER (MOLDATSA),3,3,dp_other,"END IAP ILS CAT I/II RWY 08 LUKK,END IAP VOR RWY 08 LUKK,END IAP LOC RWY 08 LUKK"
END26,MOLDAVIAN AIR TRAFFIC SERVICE PROVIDER (MOLDATSA),3,3,dp_other,"END IAP VOR/DME RWY 26 LUKK,END IAP ILS CAT I RWY 26 LUKK,END IAP LOC RWY 26 LUKK"
F,AUSTRO CONTROL GMBH,3,3,dp_other,"FOXTROT (LOWI),F (LOAN),F (LOAB)"
F,DFS DEUTSCHE FLUGSICHERUNG GMBH,3,3,dp_other,"EDDM FOXTROT 1,EDDM FOXTROT 2,EDDN FOXTROT"
FAF09,BULATSA-BULGARIAN AIR TRAFFIC SERVICES AUTHORITY,3,3,dp_adhp,"LBWN FAF LOC RWY 09,LBWN FAF VOR RWY 09,LBGO FAF VOR RWY 09"
FAF27,BULATSA-BULGARIAN AIR TRAFFIC SERVICES AUTHORITY,3,3,dp_adhp,"LBSF FAF  ILS/LOC/VOR RWY 27,LBWN FAF VOR RWY27,LBGO FAF VOR RWY 27"
FARES,EUROCONTROL NMOC,3,3,dp_icao,FARES
FF21,NAV CANADA,3,3,dp_adhp,"YTS005022,YAS042005,GW010005"
FF32,NAV CANADA,3,3,dp_adhp,"YMO144005,YNA118005,YTL299005"
FREDY,EUROCONTROL NMOC,3,3,"dp_icao,dp_adhp",FREDY
G,AUSTRO CONTROL GMBH,3,3,dp_other,"GOLF (LOWI),G (LOAN),G (LOAV)"
GAMBA,EUROCONTROL NMOC,3,3,dp_icao,GAMBA
GAMMA,EUROCONTROL NMOC,3,3,dp_icao,GAMMA
GASAN,EUROCONTROL NMOC,3,3,dp_icao,GASAN
H,AUSTRO CONTROL GMBH,3,3,dp_other,"H (LOAN),HOTEL (LOWI),H (LOIR)"
HANKY,EUROCONTROL NMOC,3,3,dp_icao,HANKY
HAZEL,EUROCONTROL NMOC,3,3,dp_icao,HAZEL
HOTEL,EUROCONTROL NMOC,3,3,dp_icao,HOTEL
HS2,AIRWAYS CORPORATION OF NEW ZEALAND LTD,3,3,dp_other,HOT SPOT 2
I18RV,EUROCONTROL NMOC,3,3,dp_coord,"RV ILS 18 FAP 4000,RV ILS 18 FAP 2000,RV ILS 18 FAP 1500"
I36RV,EUROCONTROL NMOC,3,3,dp_coord,"RV ILS 36 FAP 2000,RV ILS 36 FAP 4000,RV ILS 36 FAP 1500"
IF08,MOLDAVIAN AIR TRAFFIC SERVICE PROVIDER (MOLDATSA),3,3,dp_other,"IF IAP ILS CAT I/II RWY 08 LUKK,IF IAP LOC RWY 08 LUKK,IF IAP VOR/DME RWY 08 LUKK"
IF26,MOLDAVIAN AIR TRAFFIC SERVICE PROVIDER (MOLDATSA),3,3,dp_other,"IF IAP VOR/DME RWY 26 LUKK,IF IAP ILS CAT I RWY 26 LUKK,IF IAP LOC RWY 26 LUKK"
IF27,BULATSA-BULGARIAN AIR TRAFFIC SERVICES AUTHORITY,3,3,dp_adhp,"LBSF IF ILS/LOC/VOR RWY 27,LBWN IF VOR RWY 27,LBGO IF VOR RWY 27"
INDIA,EUROCONTROL NMOC,3,3,dp_icao,INDIA
JOKER,EUROCONTROL NMOC,3,3,dp_icao,JOKER
KELLY,EUROCONTROL NMOC,3,3,dp_icao,KELLY
KONGO,EUROCONTROL NMOC,3,3,"dp_icao,dp_other","KONGO,KONGOLO"
LAMMA,EUROCONTROL NMOC,3,3,dp_icao,LAMMA
LOGAN,EUROCONTROL NMOC,3,3,dp_icao,LOGAN
MA07,NAV CANADA,3,3,dp_adhp,"YQU065005,YMJ286001,UAU241000"
MA11,NAV CANADA,3,3,dp_adhp,"XBG297001,YMJ0991,YUL317006"
MA24,NAV CANADA,3,3,dp_adhp,"YTR243006,YQL257004,YEV074002"
MA25,NAV CANADA,3,3,dp_adhp,"GH208001,UAU080001,YVP080004"
MA32,NAV CANADA,3,3,dp_adhp,"E2328002,YFS107002,MA32"
MAA,CIVIL AVIATION AUTHORITY OF THE PHILIPPINES,3,3,dp_other,"MAAYON,MAASIN,MAASIM"
MANDA,EUROCONTROL NMOC,3,3,dp_icao,MANDA
MAP08,MOLDAVIAN AIR TRAFFIC SERVICE PROVIDER (MOLDATSA),3,3,dp_other,"MAPT IAP ILS CAT I/II RWY 08 LUKK,MAPT IAP LOC RWY 08 LUKK,MAPT IAP VOR/DME RWY 08 LUKK"
MAP09,BULATSA-BULGARIAN AIR TRAFFIC SERVICES AUTHORITY,3,3,dp_adhp,"MAPT LBSF VOR RWY09,LBWN MAPT VOR RWY 09,MAPT LBSF LOC RWY09"
MAP26,MOLDAVIAN AIR TRAFFIC SERVICE PROVIDER (MOLDATSA),3,3,dp_other,"MAPT IAP VOR/DME RWY 26 LUKK,MAPT IAP ILS CAT I RWY 26 LUKK,MAPT IAP LOC RWY 26 LUKK"
MAPLE,EUROCONTROL NMOC,3,3,dp_icao,MAPLE
MER,CIVIL AVIATION AUTHORITY OF THE PHILIPPINES,3,3,dp_other,"MERCEDES OVAL,MERALCO,MERALCO CHIMNEYS"
MITCH,EUROCONTROL NMOC,3,3,dp_icao,MITCH
N2,AUSTRO CONTROL GMBH,3,3,dp_other,"N2 (LOWK),NOVEMBER 2 (LOWI),N2 (LOIR)"
O,AUSTRO CONTROL GMBH,3,3,dp_other,"O (LOAN),OSCAR (LOWL),O (LOIH)"
PAN,CIVIL AVIATION AUTHORITY OF THE PHILIPPINES,3,3,dp_other,"PANABO PORT,PANIT-AN,PANDANON"
PEARL,EUROCONTROL NMOC,3,3,dp_icao,PEARL
RIVER,EUROCONTROL NMOC,3,3,"dp_icao,dp_adhp",RIVER
ROB,CIVIL AVIATION AUTHORITY OF THE PHILIPPINES,3,3,dp_other,"ROBINSONS,ROBINSON"
ROBIN,EUROCONTROL NMOC,3,3,dp_icao,ROBIN
ROMAN,EUROCONTROL NMOC,3,3,dp_icao,ROMAN
ROMEO,EUROCONTROL NMOC,3,3,dp_icao,ROMEO
ROVER,EUROCONTROL NMOC,3,3,dp_icao,ROVER
RP,EUROCONTROL NMOC,3,3,dp_other,"NORTHSEA RP,ANGIE RP,SAXON RP"
RW02,EUROCONTROL NMOC,3,3,dp_other,"RW02,LPVR RWY02"
RW03,AIRWAYS CORPORATION OF NEW ZEALAND LTD,3,3,dp_adhp,RW03
RW06L,NAV CANADA,3,3,dp_adhp,RW06L
RW07,DFS DEUTSCHE FLUGSICHERUNG GMBH,3,3,dp_other,"RW07,MAPT 0.6 DME ILUE,FTP"
RW08L,EUROCONTROL NMOC,3,3,dp_other,"MAWP,MAPT,RW08L"
RW11,AIRWAYS CORPORATION OF NEW ZEALAND LTD,3,3,dp_adhp,RW11
RW13,EUROCONTROL NMOC,3,3,dp_other,"MAPT,MAPT RW13,RW13"
RW16,AIRWAYS CORPORATION OF NEW ZEALAND LTD,3,3,dp_adhp,RW16
RW18,AIRWAYS CORPORATION OF NEW ZEALAND LTD,3,3,dp_adhp,RW18
RW23,EUROCONTROL NMOC,3,3,dp_other,RW23
RW24,SKEYES,3,3,dp_adhp,RW24
RW24L,NAV CANADA,3,3,dp_adhp,RW24L
RW24R,NAV CANADA,3,3,dp_adhp,RW24R
RW25,DFS DEUTSCHE FLUGSICHERUNG GMBH,3,3,dp_other,"RW25,MAPT 0.5 DME ILUE,FTP"
RW26R,EUROCONTROL NMOC,3,3,dp_other,"MAWP,MAPT,RW26R"
RW31,EUROCONTROL NMOC,3,3,dp_other,"MAPT,MAPT RW31,RW31"
RW36,AIRWAYS CORPORATION OF NEW ZEALAND LTD,3,3,dp_adhp,RW36
SAILA,EUROCONTROL NMOC,3,3,dp_icao,SAILA
SHELL,EUROCONTROL NMOC,3,3,dp_icao,SHELL
SIERA,SKEYES,3,3,dp_adhp,"EBLG VFR REP POINT SIERA,ELLX VFR REP POINT SIERA,EBST VFR REP POINT SIERA"
SOUTH,CIVIL AVIATION AUTHORITY OF THE PHILIPPINES,3,3,dp_other,"SOUTHMALL,SOUTH HARBOR,SOUTH OF SIQUIJOR"
STA,CIVIL AVIATION AUTHORITY OF THE PHILIPPINES,3,3,dp_other,"STA. CRUZ,STA. BARBARA,STA RITA TOLL GATE"
STELA,EUROCONTROL NMOC,3,3,dp_icao,STELA
TEDDY,EUROCONTROL NMOC,3,3,"dp_icao,dp_adhp",TEDDY
TIGER,EUROCONTROL NMOC,3,3,dp_icao,TIGER
TP1,BUNDESWEHR,3,3,dp_other,"NORTHSEA TP 1,LILLY TP 1,SANDRA TP1"
TP2,BUNDESWEHR,3,3,dp_other,"NORTHSEA TP 2,LILLY TP 2,SANDRA TP2"
TULIP,EUROCONTROL NMOC,3,3,dp_icao,TULIP
VEGAR,EUROCONTROL NMOC,3,3,dp_icao,VEGAR
W2,AUSTRO CONTROL GMBH,3,3,dp_other,"W2 (LOWK),WHISKEY 2 (LOWI),W2 (LOAU)"
AAA20,ENAV,2,2,dp_icao,"BAU,CIAO"
ABASA,EUROCONTROL NMOC,2,2,dp_icao,ABASA
ABBEY,EUROCONTROL NMOC,2,2,dp_icao,ABBEY
ABLAN,EUROCONTROL NMOC,2,2,dp_icao,ABLAN
ABM,CIVIL AVIATION AUTHORITY OF THE PHILIPPINES,2,2,dp_other,"ABM CALINOG,ABM LAKAWON"
ABUMI,EUROCONTROL NMOC,2,2,dp_icao,ABUMI
ACORD,EUROCONTROL NMOC,2,2,dp_icao,ACORD
ACTOR,EUROCONTROL NMOC,2,2,dp_icao,ACTOR
ADDUM,EUROCONTROL NMOC,2,2,dp_icao,ADDUM
ADMIS,EUROCONTROL NMOC,2,2,dp_icao,ADMIS
AGADA,EUROCONTROL NMOC,2,2,dp_icao,AGADA
AILEY,EUROCONTROL NMOC,2,2,dp_icao,AILEY
AKAGI,EUROCONTROL NMOC,2,2,dp_icao,AKAGI
AKASE,EUROCONTROL NMOC,2,2,dp_icao,AKASE
AKAYU,EUROCONTROL NMOC,2,2,dp_icao,AKAYU
AKOMA,EUROCONTROL NMOC,2,2,dp_icao,AKOMA
ALAKA,EUROCONTROL NMOC,2,2,dp_icao,ALAKA
ALCOT,EUROCONTROL NMOC,2,2,dp_icao,ALCOT
ALDEL,EUROCONTROL NMOC,2,2,dp_icao,ALDEL
ALDEN,EUROCONTROL NMOC,2,2,dp_icao,ALDEN
ALI,CIVIL AVIATION AUTHORITY OF THE PHILIPPINES,2,2,dp_other,"ALIMODIAN,ALIGUAY"
ALLEE,EUROCONTROL NMOC,2,2,dp_icao,ALLEE
ALLEY,EUROCONTROL NMOC,2,2,dp_icao,ALLEY
ALMUS,EUROCONTROL NMOC,2,2,dp_icao,ALMUS
ALTON,EUROCONTROL NMOC,2,2,dp_icao,ALTON
AMARU,EUROCONTROL NMOC,2,2,dp_icao,AMARU
AMBOD,EUROCONTROL NMOC,2,2,dp_icao,AMBOD
AMEDO,EUROCONTROL NMOC,2,2,dp_icao,AMEDO
AMIDA,EUROCONTROL NMOC,2,2,dp_icao,AMIDA
AMITY,EUROCONTROL NMOC,2,2,dp_icao,AMITY
AMU,CIVIL AVIATION AUTHORITY OF THE PHILIPPINES,2,2,dp_other,"AMULUNG EAST,AMULUNG WEST"
AMULA,EUROCONTROL NMOC,2,2,dp_icao,AMULA
ANDEE,EUROCONTROL NMOC,2,2,dp_icao,ANDEE
ANEMO,EUROCONTROL NMOC,2,2,dp_icao,ANEMO
ANGEL,EUROCONTROL NMOC,2,2,dp_icao,ANGEL
ANGUS,EUROCONTROL NMOC,2,2,dp_icao,ANGUS
ANKOR,EUROCONTROL NMOC,2,2,dp_icao,ANKOR
ANNNA,EUROCONTROL NMOC,2,2,dp_icao,ANNNA
ANPAN,EUROCONTROL NMOC,2,2,dp_icao,ANPAN
ANTON,CIVIL AVIATION AUTHORITY OF THE PHILIPPINES,2,2,"dp_icao,dp_adhp",ANTON
ANTON,EUROCONTROL NMOC,2,2,"dp_icao,dp_adhp",ANTON
ANVIX,EUROCONTROL NMOC,2,2,dp_icao,ANVIX
ANZAC,EUROCONTROL NMOC,2,2,dp_icao,ANZAC
APMAV,EUROCONTROL NMOC,2,2,dp_icao,APMAV
APMUX,EUROCONTROL NMOC,2,2,dp_icao,APMUX
APNEX,EUROCONTROL NMOC,2,2,dp_icao,APNEX
APO,CIVIL AVIATION AUTHORITY OF THE PHILIPPINES,2,2,dp_other,"APO GOLF COURSE,APO ISLAND"
APOLO,EUROCONTROL NMOC,2,2,dp_icao,APOLO
APPLE,EUROCONTROL NMOC,2,2,dp_icao,APPLE
APRIL,EUROCONTROL NMOC,2,2,dp_icao,APRIL
ARAKA,EUROCONTROL NMOC,2,2,dp_icao,ARAKA
ARC11,NAV CANADA,2,2,dp_adhp,ARC11
ARC31,NAV CANADA,2,2,dp_adhp,"ARC07,ARC31"
ARC32,NAV CANADA,2,2,dp_adhp,ARC32
AREMA,EUROCONTROL NMOC,2,2,dp_icao,AREMA
ARENA,EUROCONTROL NMOC,2,2,dp_icao,ARENA
ARIEL,EUROCONTROL NMOC,2,2,dp_icao,ARIEL
ARLEN,EUROCONTROL NMOC,2,2,dp_icao,ARLEN
ARLON,EUROCONTROL NMOC,2,2,dp_icao,ARLON
ARRAN,EUROCONTROL NMOC,2,2,dp_icao,ARRAN
ARROW,EUROCONTROL NMOC,2,2,dp_icao,ARROW
ARTIC,EUROCONTROL NMOC,2,2,dp_icao,ARTIC
ASARI,EUROCONTROL NMOC,2,2,dp_icao,ASARI
ASOLE,EUROCONTROL NMOC,2,2,dp_icao,ASOLE
ASPEN,EUROCONTROL NMOC,2,2,dp_icao,ASPEN
ASTAK,EUROCONTROL NMOC,2,2,dp_icao,ASTAK
ASTON,EUROCONTROL NMOC,2,2,dp_icao,ASTON
ASTOR,EUROCONTROL NMOC,2,2,dp_icao,ASTOR
ATOLL,EUROCONTROL NMOC,2,2,dp_icao,ATOLL
ATUMI,EUROCONTROL NMOC,2,2,dp_icao,ATUMI
AVANT,EUROCONTROL NMOC,2,2,dp_icao,AVANT
AVENA,EUROCONTROL NMOC,2,2,dp_icao,AVENA
AVION,EUROCONTROL NMOC,2,2,dp_icao,AVION
AWALI,EUROCONTROL NMOC,2,2,dp_icao,AWALI
AYAGU,EUROCONTROL NMOC,2,2,dp_icao,AYAGU
AZURE,EUROCONTROL NMOC,2,2,dp_icao,AZURE
B,AUSTRO CONTROL GMBH,2,2,dp_other,"B (LOAN),B (LOAV)"
BABAN,CIVIL AVIATION AUTHORITY OF THE PHILIPPINES,2,2,"dp_icao,dp_other","BABAN,BABAN LAGOON"
BAC,CIVIL AVIATION AUTHORITY OF THE PHILIPPINES,2,2,dp_other,"BACONG SEAWALL,BACLAYON PORT"
BAKER,EUROCONTROL NMOC,2,2,dp_icao,BAKER
BALAN,EUROCONTROL NMOC,2,2,dp_icao,BALAN
BALAS,EUROCONTROL NMOC,2,2,dp_icao,BALAS
BAMBO,EUROCONTROL NMOC,2,2,dp_icao,BAMBO
BAMBU,EUROCONTROL NMOC,2,2,dp_icao,BAMBU
BANSU,EUROCONTROL NMOC,2,2,dp_icao,BANSU
BANTA,EUROCONTROL NMOC,2,2,dp_icao,BANTA
BARAT,EUROCONTROL NMOC,2,2,dp_icao,BARAT
BARBA,EUROCONTROL NMOC,2,2,dp_icao,BARBA
BARBY,EUROCONTROL NMOC,2,2,dp_icao,BARBY
BARKU,EUROCONTROL NMOC,2,2,dp_icao,BARKU
BARON,EUROCONTROL NMOC,2,2,dp_icao,BARON
BAS,CIVIL AVIATION AUTHORITY OF THE PHILIPPINES,2,2,dp_other,"BASILAN,BASIAO"
BASEM,EUROCONTROL NMOC,2,2,dp_icao,BASEM
BASIN,EUROCONTROL NMOC,2,2,dp_icao,BASIN
BASKO,EUROCONTROL NMOC,2,2,dp_icao,BASKO
BASSA,EUROCONTROL NMOC,2,2,dp_icao,BASSA
BATAK,EUROCONTROL NMOC,2,2,dp_icao,BATAK
BEACH,EUROCONTROL NMOC,2,2,dp_icao,BEACH
BEADS,EUROCONTROL NMOC,2,2,dp_icao,BEADS
BEAST,EUROCONTROL NMOC,2,2,dp_icao,BEAST
BECKY,EUROCONTROL NMOC,2,2,dp_icao,BECKY
BEDOK,EUROCONTROL NMOC,2,2,dp_icao,BEDOK
BEDON,EUROCONTROL NMOC,2,2,dp_icao,BEDON
BEKEN,EUROCONTROL NMOC,2,2,dp_icao,BEKEN
BELDI,EUROCONTROL NMOC,2,2,dp_icao,BELDI
BEMOT,EUROCONTROL NMOC,2,2,dp_icao,BEMOT
BENDO,EUROCONTROL NMOC,2,2,dp_icao,BENDO
BENES,EUROCONTROL NMOC,2,2,dp_icao,BENES
BENGA,EUROCONTROL NMOC,2,2,dp_icao,BENGA
BENNY,EUROCONTROL NMOC,2,2,dp_icao,BENNY
BERBO,EUROCONTROL NMOC,2,2,dp_icao,BERBO
BERIL,EUROCONTROL NMOC,2,2,dp_icao,BERIL
BERNI,EUROCONTROL NMOC,2,2,dp_icao,BERNI
BESTO,EUROCONTROL NMOC,2,2,dp_icao,BESTO
BETEL,EUROCONTROL NMOC,2,2,dp_icao,BETEL
BETTY,EUROCONTROL NMOC,2,2,dp_icao,BETTY
BIB,CIVIL AVIATION AUTHORITY OF THE PHILIPPINES,2,2,dp_other,"BIBILIK,BIBIANA"
BIKIP,EUROCONTROL NMOC,2,2,dp_icao,BIKIP
BILLY,EUROCONTROL NMOC,2,2,dp_icao,BILLY
BIMBO,EUROCONTROL NMOC,2,2,dp_icao,BIMBO
BIMOL,EUROCONTROL NMOC,2,2,dp_adhp,BIMOL
BINGO,EUROCONTROL NMOC,2,2,dp_icao,BINGO
BIPOP,EUROCONTROL NMOC,2,2,dp_icao,BIPOP
BIRIM,EUROCONTROL NMOC,2,2,dp_icao,BIRIM
BISON,EUROCONTROL NMOC,2,2,dp_icao,BISON
BIVAT,EUROCONTROL NMOC,2,2,dp_icao,BIVAT
BIZEN,EUROCONTROL NMOC,2,2,dp_icao,BIZEN
BLISS,EUROCONTROL NMOC,2,2,dp_icao,BLISS
BLUES,EUROCONTROL NMOC,2,2,dp_icao,BLUES
BN500,EUROCONTROL NMOC,2,2,dp_other,"BN500 IF,BN500"
BN501,EUROCONTROL NMOC,2,2,dp_other,BN501
BOGUM,EUROCONTROL NMOC,2,2,dp_icao,BOGUM
BOKAT,EUROCONTROL NMOC,2,2,dp_icao,BOKAT
BOKSO,EUROCONTROL NMOC,2,2,dp_icao,BOKSO
BONDO,EUROCONTROL NMOC,2,2,dp_icao,BONDO
BONGO,EUROCONTROL NMOC,2,2,dp_icao,BONGO
BONIL,EUROCONTROL NMOC,2,2,dp_icao,BONIL
BONUS,EUROCONTROL NMOC,2,2,dp_icao,BONUS
BOOST,EUROCONTROL NMOC,2,2,dp_icao,BOOST
BORKI,EUROCONTROL NMOC,2,2,dp_icao,BORKI
BOROS,EUROCONTROL NMOC,2,2,dp_icao,BOROS
BOTAN,EUROCONTROL NMOC,2,2,dp_icao,BOTAN
BOURI,EUROCONTROL NMOC,2,2,dp_icao,BOURI
BOXER,EUROCONTROL NMOC,2,2,dp_icao,BOXER
BRAIN,EUROCONTROL NMOC,2,2,dp_icao,BRAIN
BRAND,EUROCONTROL NMOC,2,2,dp_icao,BRAND
BRENT,EUROCONTROL NMOC,2,2,dp_icao,BRENT
BRONZ,EUROCONTROL NMOC,2,2,dp_icao,BRONZ
BROOK,EUROCONTROL NMOC,2,2,dp_icao,BROOK
BRUCE,EUROCONTROL NMOC,2,2,dp_icao,BRUCE
BRUTE,EUROCONTROL NMOC,2,2,dp_icao,BRUTE
BUBLE,EUROCONTROL NMOC,2,2,dp_icao,BUBLE
BUE,CIVIL AVIATION AUTHORITY OF THE PHILIPPINES,2,2,dp_other,BUENAVISTA
BULLA,EUROCONTROL NMOC,2,2,dp_icao,BULLA
BUMER,EUROCONTROL NMOC,2,2,dp_icao,BUMER
BUNKA,EUROCONTROL NMOC,2,2,dp_icao,BUNKA
BURLI,EUROCONTROL NMOC,2,2,dp_icao,BURLI
BURNI,EUROCONTROL NMOC,2,2,dp_icao,BURNI
BURPA,EUROCONTROL NMOC,2,2,dp_icao,BURPA
BUSCH,EUROCONTROL NMOC,2,2,dp_icao,BUSCH
BUTRA,EUROCONTROL NMOC,2,2,dp_icao,BUTRA
BYWAY,EUROCONTROL NMOC,2,2,dp_icao,BYWAY
C,DFS DEUTSCHE FLUGSICHERUNG GMBH,2,2,dp_other,"EDDC CHARLIE,EDVE CHARLIE"
CAB,CIVIL AVIATION AUTHORITY OF THE PHILIPPINES,2,2,dp_other,"CABAGAN,CABADBARAN"
CACHI,EUROCONTROL NMOC,2,2,dp_icao,CACHI
CALDO,EUROCONTROL NMOC,2,2,dp_icao,CALDO
CAM,CIVIL AVIATION AUTHORITY OF THE PHILIPPINES,2,2,dp_other,"CAMSUR WATERSPORTS COMPLEX,CAMELLA HOMES"
CAMAS,EUROCONTROL NMOC,2,2,dp_icao,CAMAS
CAMBO,EUROCONTROL NMOC,2,2,dp_icao,CAMBO
CAMEO,EUROCONTROL NMOC,2,2,dp_icao,CAMEO
CANDY,EUROCONTROL NMOC,2,2,dp_icao,CANDY
CANON,EUROCONTROL NMOC,2,2,dp_icao,CANON
CANTO,EUROCONTROL NMOC,2,2,dp_icao,CANTO
CARCO,EUROCONTROL NMOC,2,2,dp_icao,CARCO
CASEL,EUROCONTROL NMOC,2,2,dp_icao,CASEL
CASIO,EUROCONTROL NMOC,2,2,dp_icao,CASIO
CELBI,EUROCONTROL NMOC,2,2,dp_icao,CELBI
CELES,EUROCONTROL NMOC,2,2,dp_icao,CELES
CF16,NAV CANADA,2,2,dp_adhp,"IXC342010,ILW339015"
CHAKO,EUROCONTROL NMOC,2,2,dp_icao,CHAKO
CHALI,EUROCONTROL NMOC,2,2,dp_icao,CHALI
CHAMB,EUROCONTROL NMOC,2,2,dp_icao,CHAMB
CHEEZ,EUROCONTROL NMOC,2,2,dp_icao,CHEEZ
CHILY,EUROCONTROL NMOC,2,2,dp_icao,CHILY
CHIPS,EUROCONTROL NMOC,2,2,dp_icao,CHIPS
CHOOK,EUROCONTROL NMOC,2,2,dp_icao,CHOOK
CISCO,EUROCONTROL NMOC,2,2,dp_icao,CISCO
CISHO,EUROCONTROL NMOC,2,2,dp_icao,CISHO
CLARA,EUROCONTROL NMOC,2,2,dp_icao,CLARA
CLARK,EUROCONTROL NMOC,2,2,dp_icao,CLARK
CLIFF,EUROCONTROL NMOC,2,2,dp_icao,CLIFF
CLOAK,EUROCONTROL NMOC,2,2,dp_icao,CLOAK
CLONE,EUROCONTROL NMOC,2,2,dp_icao,CLONE
CLYDE,EUROCONTROL NMOC,2,2,dp_icao,CLYDE
COCOS,EUROCONTROL NMOC,2,2,dp_icao,COCOS
COLLY,EUROCONTROL NMOC,2,2,dp_icao,COLLY
COLOR,EUROCONTROL NMOC,2,2,dp_icao,COLOR
COMBI,EUROCONTROL NMOC,2,2,dp_icao,COMBI
CON,CIVIL AVIATION AUTHORITY OF THE PHILIPPINES,2,2,"dp_icao,dp_other","CONSING,CONSOLACION"
CONAR,EUROCONTROL NMOC,2,2,dp_icao,CONAR
CONCH,EUROCONTROL NMOC,2,2,dp_icao,CONCH
CONGA,EUROCONTROL NMOC,2,2,dp_icao,CONGA
COPEN,EUROCONTROL NMOC,2,2,dp_icao,COPEN
COPPA,EUROCONTROL NMOC,2,2,dp_icao,COPPA
COPRA,EUROCONTROL NMOC,2,2,dp_icao,COPRA
CORAL,EUROCONTROL NMOC,2,2,dp_icao,CORAL
CORGI,EUROCONTROL NMOC,2,2,dp_icao,CORGI
COSMO,EUROCONTROL NMOC,2,2,dp_icao,COSMO
CRANE,EUROCONTROL NMOC,2,2,dp_icao,CRANE
CREAM,EUROCONTROL NMOC,2,2,dp_icao,CREAM
CREWE,EUROCONTROL NMOC,2,2,dp_icao,CREWE
CUBIT,EUROCONTROL NMOC,2,2,dp_icao,CUBIT
CUL,CIVIL AVIATION AUTHORITY OF THE PHILIPPINES,2,2,dp_other,CULASI
CUPIE,EUROCONTROL NMOC,2,2,dp_icao,CUPIE
CURVY,EUROCONTROL NMOC,2,2,dp_icao,CURVY
CUTEL,EUROCONTROL NMOC,2,2,dp_icao,CUTEL
DABRA,EUROCONTROL NMOC,2,2,dp_icao,DABRA
DABUR,EUROCONTROL NMOC,2,2,dp_icao,DABUR
DAGDA,EUROCONTROL NMOC,2,2,dp_icao,DAGDA
DAGRI,EUROCONTROL NMOC,2,2,dp_icao,DAGRI
DAHRA,EUROCONTROL NMOC,2,2,dp_icao,DAHRA
DALEY,EUROCONTROL NMOC,2,2,dp_icao,DALEY
DALON,EUROCONTROL NMOC,2,2,"dp_icao,dp_adhp",DALON
DANDY,EUROCONTROL NMOC,2,2,dp_icao,DANDY
DANGO,EUROCONTROL NMOC,2,2,dp_icao,DANGO
DAO,CIVIL AVIATION AUTHORITY OF THE PHILIPPINES,2,2,dp_other,"DAODAO,DAO"
DARKE,EUROCONTROL NMOC,2,2,dp_icao,DARKE
DARKS,EUROCONTROL NMOC,2,2,dp_icao,DARKS
DASON,EUROCONTROL NMOC,2,2,dp_icao,DASON
DAVEY,EUROCONTROL NMOC,2,2,dp_icao,DAVEY
DB403,EUROCONTROL NMOC,2,2,"dp_adhp,dp_other",DB403
DB413,EUROCONTROL NMOC,2,2,"dp_adhp,dp_other",DB413
DB423,EUROCONTROL NMOC,2,2,"dp_adhp,dp_other",DB423
DB461,EUROCONTROL NMOC,2,2,"dp_adhp,dp_other",DB461
DB463,EUROCONTROL NMOC,2,2,"dp_adhp,dp_other",DB463
DB464,EUROCONTROL NMOC,2,2,"dp_adhp,dp_other",DB464
DB465,EUROCONTROL NMOC,2,2,"dp_adhp,dp_other",DB465
DB466,EUROCONTROL NMOC,2,2,"dp_adhp,dp_other",DB466
DB467,EUROCONTROL NMOC,2,2,"dp_adhp,dp_other",DB467
DB531,EUROCONTROL NMOC,2,2,"dp_adhp,dp_other","DB531,DB531 (K220-)"
DB532,EUROCONTROL NMOC,2,2,"dp_adhp,dp_other",DB532
DB533,EUROCONTROL NMOC,2,2,"dp_adhp,dp_other",DB533
DB534,EUROCONTROL NMOC,2,2,"dp_adhp,dp_other",DB534
DB572,EUROCONTROL NMOC,2,2,"dp_adhp,dp_other","DB572,DB572 (K220-)"
DB582,EUROCONTROL NMOC,2,2,"dp_adhp,dp_other",DB582
DEANE,EUROCONTROL NMOC,2,2,dp_icao,DEANE
DEBAR,EUROCONTROL NMOC,2,2,dp_icao,DEBAR
DEBEE,EUROCONTROL NMOC,2,2,dp_icao,DEBEE
DEFOE,EUROCONTROL NMOC,2,2,dp_icao,DEFOE
DEKUM,EUROCONTROL NMOC,2,2,dp_icao,DEKUM
DELAM,EUROCONTROL NMOC,2,2,dp_icao,DELAM
DELFI,EUROCONTROL NMOC,2,2,dp_icao,DELFI
DELTA,DFS DEUTSCHE FLUGSICHERUNG GMBH,2,2,dp_other,"EDDG DELTA,EDDH DELTA"
DEMET,EUROCONTROL NMOC,2,2,dp_icao,DEMET
DENBY,EUROCONTROL NMOC,2,2,dp_icao,DENBY
DENNY,EUROCONTROL NMOC,2,2,dp_icao,DENNY
DENSA,EUROCONTROL NMOC,2,2,dp_icao,DENSA
DERBY,EUROCONTROL NMOC,2,2,dp_icao,DERBY
DERRY,EUROCONTROL NMOC,2,2,dp_icao,DERRY
DF550,EUROCONTROL NMOC,2,2,dp_other,"DF550,FAP RWY07C/GLS 3.2"
DIKBA,EUROCONTROL NMOC,2,2,dp_icao,DIKBA
DILMA,EUROCONTROL NMOC,2,2,dp_icao,DILMA
DINGO,EUROCONTROL NMOC,2,2,dp_icao,DINGO
DIPLO,EUROCONTROL NMOC,2,2,dp_icao,DIPLO
DIPSO,EUROCONTROL NMOC,2,2,dp_icao,DIPSO
DIRAX,EUROCONTROL NMOC,2,2,dp_icao,DIRAX
DITTO,EUROCONTROL NMOC,2,2,dp_icao,DITTO
DOGAR,EUROCONTROL NMOC,2,2,dp_icao,DOGAR
DOLLY,EUROCONTROL NMOC,2,2,dp_icao,DOLLY
DORIS,EUROCONTROL NMOC,2,2,dp_icao,DORIS
DOSEL,EUROCONTROL NMOC,2,2,dp_icao,DOSEL
DOYLE,EUROCONTROL NMOC,2,2,dp_icao,DOYLE
DOZEN,EUROCONTROL NMOC,2,2,dp_icao,DOZEN
DRADO,EUROCONTROL NMOC,2,2,dp_icao,DRADO
DRAIN,EUROCONTROL NMOC,2,2,dp_icao,DRAIN
DREAM,EUROCONTROL NMOC,2,2,dp_icao,DREAM
DU610,EUROCONTROL NMOC,2,2,dp_other,DU610
DU611,EUROCONTROL NMOC,2,2,dp_other,DU611
DUBAG,EUROCONTROL NMOC,2,2,dp_icao,DUBAG
DUBIN,EUROCONTROL NMOC,2,2,dp_icao,DUBIN
DUGON,EUROCONTROL NMOC,2,2,dp_icao,DUGON
DUMPA,EUROCONTROL NMOC,2,2,dp_icao,DUMPA
DUNES,EUROCONTROL NMOC,2,2,dp_icao,DUNES
DUNNE,EUROCONTROL NMOC,2,2,dp_icao,DUNNE
DW400,EUROCONTROL NMOC,2,2,"dp_adhp,dp_other",DW400
DW404,EUROCONTROL NMOC,2,2,"dp_adhp,dp_other",DW404
DW412,EUROCONTROL NMOC,2,2,"dp_adhp,dp_other",DW412
DX1,EUROCONTROL NMOC,2,2,dp_other,"DX1 25 DME MUN RWY26 KIRDI/5.3 NM TO MEBEK,DX1 6.0 DME HDO RWY04 HDO"
DX4,EUROCONTROL NMOC,2,2,dp_other,"DX4 6.6 NM TO GIVMI,DX4 40.0 DME HDO RWY04 OSKAN"
EBONY,EUROCONTROL NMOC,2,2,dp_icao,EBONY
EBRAX,EUROCONTROL NMOC,2,2,"dp_icao,dp_adhp",EBRAX
ECHO,SKEYES,2,2,dp_adhp,"EBST VFR REP POINT ECHO,EBLG VFR REP POINT ECHO"
ECKHO,EUROCONTROL NMOC,2,2,dp_icao,ECKHO
ELDER,EUROCONTROL NMOC,2,2,dp_icao,ELDER
EMELA,EUROCONTROL NMOC,2,2,dp_icao,EMELA
EMIKO,EUROCONTROL NMOC,2,2,dp_icao,EMIKO
EMITT,EUROCONTROL NMOC,2,2,dp_icao,EMITT
EMONA,EUROCONTROL NMOC,2,2,dp_icao,EMONA
EN114,EUROCONTROL NMOC,2,2,"dp_adhp,dp_other","EN114,KY912/90"
EN115,EUROCONTROL NMOC,2,2,"dp_adhp,dp_other","EN115,KY912/120"
EN116,EUROCONTROL NMOC,2,2,"dp_adhp,dp_other","EN116,KY913/60"
EN133,EUROCONTROL NMOC,2,2,"dp_adhp,dp_other","EN133,KY938/60"
EN134,EUROCONTROL NMOC,2,2,"dp_adhp,dp_other","EN134,KY991/30"
EN140,EUROCONTROL NMOC,2,2,"dp_adhp,dp_other","EN140,KY955/30"
EN143,EUROCONTROL NMOC,2,2,"dp_adhp,dp_other","EN143,KY956/30"
EN146,EUROCONTROL NMOC,2,2,"dp_adhp,dp_other","EN146,LIFJELL"
EN147,EUROCONTROL NMOC,2,2,"dp_adhp,dp_other","EN147,MEHEIA"
EN310,EUROCONTROL NMOC,2,2,"dp_adhp,dp_other","EN310,KJAERSTAD"
EN311,EUROCONTROL NMOC,2,2,"dp_adhp,dp_other","EN311,RUNDE"
EN312,EUROCONTROL NMOC,2,2,"dp_adhp,dp_other","EN312,RORVIK"
EN314,EUROCONTROL NMOC,2,2,"dp_adhp,dp_other","EN314,FOKSEROED"
EN315,EUROCONTROL NMOC,2,2,"dp_adhp,dp_other","EN315,RAVNOEYA"
EN317,EUROCONTROL NMOC,2,2,"dp_adhp,dp_other","EN317,HONSTAD"
EN332,EUROCONTROL NMOC,2,2,"dp_adhp,dp_other","EN332,SOPAT"
EN333,EUROCONTROL NMOC,2,2,"dp_adhp,dp_other","EN333,BOKN EAST"
EN334,EUROCONTROL NMOC,2,2,"dp_adhp,dp_other","EN334,BOKN WEST"
EN335,EUROCONTROL NMOC,2,2,"dp_adhp,dp_other","EN335,FLATHOLMEN"
EN336,EUROCONTROL NMOC,2,2,"dp_adhp,dp_other","EN336,KVITSOY"
EN341,EUROCONTROL NMOC,2,2,"dp_adhp,dp_other","EN341,RYVARDEN"
EN342,EUROCONTROL NMOC,2,2,"dp_adhp,dp_other","EN342,ROKSUND"
EN343,EUROCONTROL NMOC,2,2,"dp_adhp,dp_other","EN343,SKJOLD"
EN344,EUROCONTROL NMOC,2,2,"dp_adhp,dp_other","EN344,SVEIO"
EN345,EUROCONTROL NMOC,2,2,"dp_adhp,dp_other","EN345,UTSIRA"
EN346,EUROCONTROL NMOC,2,2,"dp_adhp,dp_other","EN346,VEA"
EN351,EUROCONTROL NMOC,2,2,"dp_adhp,dp_other","EN351,DIMNA"
EN352,EUROCONTROL NMOC,2,2,"dp_adhp,dp_other","EN352,RJANES"
ENORA,EUROCONTROL NMOC,2,2,dp_icao,ENORA
EPANA,EUROCONTROL NMOC,2,2,dp_icao,EPANA
EPDAG,EUROCONTROL NMOC,2,2,"dp_icao,dp_other","EPDAG,GOLF"
EPDAL,EUROCONTROL NMOC,2,2,"dp_icao,dp_other","EPDAL,LIMA"
ERINA,EUROCONTROL NMOC,2,2,dp_icao,ERINA
ESPAN,EUROCONTROL NMOC,2,2,dp_icao,ESPAN
ETLEK,EUROCONTROL NMOC,2,2,dp_icao,ETLEK
EXIGO,EUROCONTROL NMOC,2,2,dp_icao,EXIGO
EXTRA,EUROCONTROL NMOC,2,2,dp_icao,EXTRA
FAF08,MOLDAVIAN AIR TRAFFIC SERVICE PROVIDER (MOLDATSA),2,2,dp_other,"FAF IAP LOC RWY 08 LUKK,FAF IAP VOR/DME RWY 08 LUKK"
FAF12,BULATSA-BULGARIAN AIR TRAFFIC SERVICES AUTHORITY,2,2,"dp_adhp,dp_other","FAF RWY 12 FOR LBPD IAP NDB RWY 12,FAF RWY 12 FOR LBPD IAP VOR RWY 12"
FAF26,MOLDAVIAN AIR TRAFFIC SERVICE PROVIDER (MOLDATSA),2,2,dp_other,"FAF IAP VOR/DME RWY 26 LUKK,FAF IAP LOC RWY 26 LUKK"
FAROS,EUROCONTROL NMOC,2,2,dp_icao,FAROS
FENDI,EUROCONTROL NMOC,2,2,dp_icao,FENDI
FENIX,EUROCONTROL NMOC,2,2,dp_icao,FENIX
FENUR,EUROCONTROL NMOC,2,2,dp_icao,FENUR
FEVER,EUROCONTROL NMOC,2,2,dp_icao,FEVER
FF01,NAV CANADA,2,2,dp_adhp,"FO027005,4T001005"
FF03,NAV CANADA,2,2,dp_adhp,"YAS200005,GW228005"
FF05,NAV CANADA,2,2,dp_adhp,"YVV241005,FF05"
FF06,NAV CANADA,2,2,dp_adhp,"YMO230005,HI072005"
FF07,NAV CANADA,2,2,dp_adhp,"YIK262082,Q1061005"
FF070,NAV CANADA,2,2,dp_adhp,"YXP250005,YIO250005"
FF08,NAV CANADA,2,2,dp_adhp,"YSY084005,UZX269003"
FF09,NAV CANADA,2,2,dp_adhp,"YPL111005,ZFA264004"
FF10,NAV CANADA,2,2,dp_adhp,"YTS005274,YZF108005"
FF11,NAV CANADA,2,2,dp_adhp,"YZU305005,YPO093005"
FF12,NAV CANADA,2,2,dp_adhp,"UQQ296004,YSM309005"
FF16,NAV CANADA,2,2,dp_adhp,"ILW337009,YZF155005"
FF18,AIRWAYS CORPORATION OF NEW ZEALAND LTD,2,2,dp_adhp,FF18
FF19,NAV CANADA,2,2,dp_adhp,"YPX201005,FO161005"
FF19I,EUROCONTROL NMOC,2,2,dp_other,FAF RWY 19
FF20,NAV CANADA,2,2,dp_adhp,"YPC012006,YCY030005"
FF22,NAV CANADA,2,2,dp_adhp,"YOD024006,YOC231005"
FF220,NAV CANADA,2,2,dp_adhp,"QD220005,YKQ040005"
FF24,NAV CANADA,2,2,dp_adhp,"YMO062005,4L063005"
FF29,NAV CANADA,2,2,dp_adhp,"ZSJ129005,YPO301005"
FF30,NAV CANADA,2,2,dp_adhp,"YIV115005,YUX134005"
FF33,NAV CANADA,2,2,dp_adhp,"UYR144001,YEK161005"
FIDLA,EUROCONTROL NMOC,2,2,"dp_icao,dp_adhp",FIDLA
FIKUL,EUROCONTROL NMOC,2,2,dp_icao,FIKUL
FINCH,EUROCONTROL NMOC,2,2,dp_icao,FINCH
FINGA,EUROCONTROL NMOC,2,2,dp_icao,FINGA
FIRAN,EUROCONTROL NMOC,2,2,dp_icao,FIRAN
FISHA,EUROCONTROL NMOC,2,2,dp_icao,FISHA
FLORY,EUROCONTROL NMOC,2,2,dp_icao,FLORY
FOGEL,EUROCONTROL NMOC,2,2,dp_icao,FOGEL
FP19I,EUROCONTROL NMOC,2,2,dp_other,"FAP (ILS OR LOC, RNP) RWY 19,FAP (ILS OR LOC) RWY 19"
FPABC,EUROCONTROL NMOC,2,2,dp_other,
FRAIZ,EUROCONTROL NMOC,2,2,dp_icao,FRAIZ
FRE,SERVICE DE LINFORMATION AERONAUTIQUE,2,2,dp_other,"FREGATE,FR-E"
FREDO,EUROCONTROL NMOC,2,2,dp_icao,FREDO
FREED,EUROCONTROL NMOC,2,2,dp_icao,FREED
GABBY,EUROCONTROL NMOC,2,2,dp_icao,GABBY
GABEL,EUROCONTROL NMOC,2,2,dp_icao,GABEL
GALON,EUROCONTROL NMOC,2,2,dp_icao,GALON
GAMAR,EUROCONTROL NMOC,2,2,dp_icao,GAMAR
GANSU,EUROCONTROL NMOC,2,2,dp_icao,GANSU
GARBA,EUROCONTROL NMOC,2,2,"dp_icao,dp_adhp",GARBA
GARKI,EUROCONTROL NMOC,2,2,dp_icao,GARKI
GARZA,EUROCONTROL NMOC,2,2,dp_icao,GARZA
GASSI,EUROCONTROL NMOC,2,2,dp_icao,GASSI
GATAM,EUROCONTROL NMOC,2,2,"dp_icao,dp_adhp",GATAM
GATER,EUROCONTROL NMOC,2,2,dp_icao,GATER
GELMA,EUROCONTROL NMOC,2,2,dp_icao,GELMA
GEMIN,EUROCONTROL NMOC,2,2,dp_icao,GEMIN
GEMKU,EUROCONTROL NMOC,2,2,dp_icao,GEMKU
GEN,CIVIL AVIATION AUTHORITY OF THE PHILIPPINES,2,2,dp_other,"GENERAL AVIATION RAMP,GENSANVILLE"
GEORG,EUROCONTROL NMOC,2,2,dp_icao,"GEORGETOWN,GEORG"
GEROS,EUROCONTROL NMOC,2,2,dp_icao,GEROS
GIBAR,EUROCONTROL NMOC,2,2,dp_icao,GIBAR
GIBAX,EUROCONTROL NMOC,2,2,dp_icao,GIBAX
GIBSO,EUROCONTROL NMOC,2,2,dp_icao,GIBSO
GILLY,EUROCONTROL NMOC,2,2,"dp_icao,dp_adhp",GILLY
GILUM,EUROCONTROL NMOC,2,2,dp_icao,GILUM
GINGA,EUROCONTROL NMOC,2,2,dp_icao,GINGA
GITOP,EUROCONTROL NMOC,2,2,dp_icao,GITOP
GLARE,EUROCONTROL NMOC,2,2,dp_icao,GLARE
GLOOM,EUROCONTROL NMOC,2,2,dp_icao,GLOOM
GLOVR,EUROCONTROL NMOC,2,2,dp_icao,GLOVR
GODUX,EUROCONTROL NMOC,2,2,dp_icao,GODUX
GOL,CIVIL AVIATION AUTHORITY OF THE PHILIPPINES,2,2,dp_other,"GOLDEN HAVEN,GOLDEN HILLS"
GOLLA,EUROCONTROL NMOC,2,2,dp_icao,GOLLA
GOLOM,EUROCONTROL NMOC,2,2,dp_icao,GOLOM
GOLOS,EUROCONTROL NMOC,2,2,dp_icao,GOLOS
GOMES,EUROCONTROL NMOC,2,2,dp_icao,GOMES
GOMRI,EUROCONTROL NMOC,2,2,dp_icao,GOMRI
GONBE,EUROCONTROL NMOC,2,2,dp_icao,GONBE
GORET,EUROCONTROL NMOC,2,2,dp_icao,GORET
GORIN,EUROCONTROL NMOC,2,2,dp_icao,GORIN
GORPI,EUROCONTROL NMOC,2,2,dp_icao,GORPI
GOSIM,EUROCONTROL NMOC,2,2,dp_icao,GOSIM
GOSKI,EUROCONTROL NMOC,2,2,dp_icao,GOSKI
GRACE,EUROCONTROL NMOC,2,2,dp_icao,GRACE
GRATE,EUROCONTROL NMOC,2,2,dp_icao,GRATE
GRAVI,EUROCONTROL NMOC,2,2,dp_icao,GRAVI
GREAS,EUROCONTROL NMOC,2,2,"dp_icao,dp_other","GREAS,EAST"
GRICE,EUROCONTROL NMOC,2,2,dp_icao,GRICE
GRIPP,EUROCONTROL NMOC,2,2,dp_icao,GRIPP
GUMBO,EUROCONTROL NMOC,2,2,dp_icao,GUMBO
GUMSA,EUROCONTROL NMOC,2,2,dp_icao,GUMSA
GUNTA,EUROCONTROL NMOC,2,2,dp_icao,GUNTA
GURAS,EUROCONTROL NMOC,2,2,dp_icao,GURAS
GUSSI,EUROCONTROL NMOC,2,2,dp_icao,GUSSI
HABIK,EUROCONTROL NMOC,2,2,dp_icao,HABIK
HABSI,EUROCONTROL NMOC,2,2,dp_icao,HABSI
HACHA,EUROCONTROL NMOC,2,2,dp_icao,HACHA
HAGAR,EUROCONTROL NMOC,2,2,dp_icao,HAGAR
HAGNO,EUROCONTROL NMOC,2,2,dp_icao,HAGNO
HALKI,EUROCONTROL NMOC,2,2,dp_icao,HALKI
HAMED,EUROCONTROL NMOC,2,2,"dp_icao,dp_adhp",HAMED
HAMID,EUROCONTROL NMOC,2,2,dp_icao,HAMID
HAMOR,EUROCONTROL NMOC,2,2,dp_icao,HAMOR
HAPPY,EUROCONTROL NMOC,2,2,dp_icao,HAPPY
HARKY,EUROCONTROL NMOC,2,2,dp_icao,HARKY
HARPS,EUROCONTROL NMOC,2,2,dp_icao,HARPS
HASAN,EUROCONTROL NMOC,2,2,dp_icao,HASAN
HASLE,EUROCONTROL NMOC,2,2,"dp_icao,dp_other",HASLE
HASSA,EUROCONTROL NMOC,2,2,dp_icao,HASSA
HATCH,EUROCONTROL NMOC,2,2,dp_icao,HATCH
HATIS,EUROCONTROL NMOC,2,2,dp_icao,HATIS
HAVIS,EUROCONTROL NMOC,2,2,dp_icao,HAVIS
HC001,EUROCONTROL NMOC,2,2,dp_other,"NOVEMBER 1,BELETUEN"
HENRY,EUROCONTROL NMOC,2,2,"dp_icao,dp_adhp",HENRY
HERON,EUROCONTROL NMOC,2,2,dp_icao,HERON
HERSH,EUROCONTROL NMOC,2,2,dp_icao,HERSH
HF401,EUROCONTROL NMOC,2,2,dp_other,HF401
HF402,EUROCONTROL NMOC,2,2,dp_other,HF402
HIBIS,EUROCONTROL NMOC,2,2,dp_icao,HIBIS
HIGMA,EUROCONTROL NMOC,2,2,dp_icao,HIGMA
HINDS,EUROCONTROL NMOC,2,2,dp_icao,HINDS
HIPPO,EUROCONTROL NMOC,2,2,dp_icao,HIPPO
HOBBS,EUROCONTROL NMOC,2,2,dp_icao,HOBBS
HOCKY,EUROCONTROL NMOC,2,2,dp_icao,HOCKY
HOOPA,EUROCONTROL NMOC,2,2,dp_icao,HOOPA
HORRO,EUROCONTROL NMOC,2,2,dp_icao,HORRO
HOSAN,EUROCONTROL NMOC,2,2,dp_icao,HOSAN
HS3,AIRWAYS CORPORATION OF NEW ZEALAND LTD,2,2,dp_other,HOT SPOT 3
HUBSU,EUROCONTROL NMOC,2,2,dp_icao,HUBSU
HUH03,NAV CANADA,2,2,dp_other,HUH344003
HUNAM,EUROCONTROL NMOC,2,2,dp_icao,HUNAM
HYDRA,EUROCONTROL NMOC,2,2,dp_icao,HYDRA
HYPER,EUROCONTROL NMOC,2,2,dp_icao,HYPER
IF09,BULATSA-BULGARIAN AIR TRAFFIC SERVICES AUTHORITY,2,2,dp_adhp,"LBWN IF ILS/LOC/VOR RWY 09,LBGO IF VOR RWY 09"
IHEYA,EUROCONTROL NMOC,2,2,dp_icao,IHEYA
IMKAM,EUROCONTROL NMOC,2,2,dp_icao,IMKAM
IMOLA,EUROCONTROL NMOC,2,2,dp_icao,IMOLA
INDUS,EUROCONTROL NMOC,2,2,"dp_icao,dp_adhp",INDUS
INL02,NAV CANADA,2,2,dp_other,"INL009002,INL329002"
INL03,NAV CANADA,2,2,dp_other,"INL349003,INL294003"
INOBE,EUROCONTROL NMOC,2,2,dp_icao,INOBE
IONIC,EUROCONTROL NMOC,2,2,"dp_icao,dp_adhp",IONIC
IPNAK,EUROCONTROL NMOC,2,2,dp_icao,IPNAK
IRUKA,EUROCONTROL NMOC,2,2,dp_icao,IRUKA
ISA,CIVIL AVIATION AUTHORITY OF THE PHILIPPINES,2,2,dp_other,ISABELA
ISAAC,EUROCONTROL NMOC,2,2,dp_icao,ISAAC
ISIYA,EUROCONTROL NMOC,2,2,dp_icao,ISIYA
IVORY,EUROCONTROL NMOC,2,2,dp_icao,IVORY
JACKO,EUROCONTROL NMOC,2,2,dp_icao,JACKO
JAMPA,EUROCONTROL NMOC,2,2,dp_icao,JAMPA
JANES,EUROCONTROL NMOC,2,2,dp_icao,JANES
JANGO,EUROCONTROL NMOC,2,2,dp_icao,JANGO
JANUS,EUROCONTROL NMOC,2,2,dp_icao,JANUS
JATEX,EUROCONTROL NMOC,2,2,dp_icao,JATEX
JELLI,EUROCONTROL NMOC,2,2,dp_icao,JELLI
JOINT,EUROCONTROL NMOC,2,2,dp_icao,JOINT
JOLLY,EUROCONTROL NMOC,2,2,dp_icao,JOLLY
JOMMY,EUROCONTROL NMOC,2,2,dp_icao,JOMMY
JORDY,EUROCONTROL NMOC,2,2,dp_icao,JORDY
JOWEE,EUROCONTROL NMOC,2,2,dp_icao,JOWEE
JUDDY,EUROCONTROL NMOC,2,2,"dp_icao,dp_adhp",JUDDY
JULES,EUROCONTROL NMOC,2,2,dp_icao,JULES
KA27W,EUROCONTROL NMOC,2,2,dp_other,KA27W
KACHU,EUROCONTROL NMOC,2,2,dp_icao,KACHU
KADON,EUROCONTROL NMOC,2,2,dp_icao,KADON
KADRA,EUROCONTROL NMOC,2,2,dp_icao,KADRA
KAGRA,EUROCONTROL NMOC,2,2,dp_icao,KAGRA
KAIFU,EUROCONTROL NMOC,2,2,dp_icao,KAIFU
KALLI,EUROCONTROL NMOC,2,2,dp_icao,KALLI
KAMAT,EUROCONTROL NMOC,2,2,dp_icao,KAMAT
KANAL,EUROCONTROL NMOC,2,2,dp_icao,KANAL
KANNA,EUROCONTROL NMOC,2,2,dp_icao,KANNA
KANON,EUROCONTROL NMOC,2,2,dp_icao,KANON
KANRO,EUROCONTROL NMOC,2,2,dp_icao,KANRO
KAPPA,EUROCONTROL NMOC,2,2,dp_icao,KAPPA
KARAT,EUROCONTROL NMOC,2,2,dp_icao,KARAT
KATAK,EUROCONTROL NMOC,2,2,dp_icao,KATAK
KATHY,EUROCONTROL NMOC,2,2,dp_icao,KATHY
KAYAK,EUROCONTROL NMOC,2,2,dp_icao,KAYAK
KEBAB,EUROCONTROL NMOC,2,2,dp_icao,KEBAB
KEDON,EUROCONTROL NMOC,2,2,dp_icao,KEDON
KEKOP,EUROCONTROL NMOC,2,2,dp_icao,KEKOP
KELSO,EUROCONTROL NMOC,2,2,dp_icao,KELSO
KEMER,EUROCONTROL NMOC,2,2,dp_icao,KEMER
KENDA,EUROCONTROL NMOC,2,2,dp_icao,KENDA
KENOK,EUROCONTROL NMOC,2,2,dp_icao,KENOK
KERRI,EUROCONTROL NMOC,2,2,dp_icao,KERRI
KETEV,EUROCONTROL NMOC,2,2,"dp_icao,dp_adhp",KETEV
KIKOL,EUROCONTROL NMOC,2,2,dp_icao,KIKOL
KIMET,EUROCONTROL NMOC,2,2,dp_icao,KIMET
KM27G,EUROCONTROL NMOC,2,2,"dp_adhp,dp_other",KM27G
KOGAR,EUROCONTROL NMOC,2,2,dp_icao,KOGAR
KONET,EUROCONTROL NMOC,2,2,dp_icao,KONET
KOSHI,EUROCONTROL NMOC,2,2,dp_icao,KOSHI
KOSKA,EUROCONTROL NMOC,2,2,dp_icao,KOSKA
KRINA,EUROCONTROL NMOC,2,2,dp_icao,KRINA
KUMIK,EUROCONTROL NMOC,2,2,dp_icao,KUMIK
KURIS,EUROCONTROL NMOC,2,2,dp_icao,KURIS
KURTS,EUROCONTROL NMOC,2,2,dp_icao,KURTS
KYANN,EUROCONTROL NMOC,2,2,dp_icao,KYANN
L,AUSTRO CONTROL GMBH,2,2,dp_other,"L (LOAN),L (LOAV)"
L18RV,EUROCONTROL NMOC,2,2,dp_coord,"RV LOC 18 FAF 2000,RV LOC 18 FAF 1500"
L36RV,EUROCONTROL NMOC,2,2,dp_coord,"RV LOC 36 FAF 2000,RV LOC 36 FAF 1500"
LAB,CIVIL AVIATION AUTHORITY OF THE PHILIPPINES,2,2,dp_other,"LABUAN,LABANGAN RIVER"
LABAN,EUROCONTROL NMOC,2,2,dp_icao,LABAN
LABEL,EUROCONTROL NMOC,2,2,dp_icao,LABEL
LADEN,EUROCONTROL NMOC,2,2,dp_icao,LADEN
LAKEY,EUROCONTROL NMOC,2,2,dp_icao,LAKEY
LAM,CIVIL AVIATION AUTHORITY OF THE PHILIPPINES,2,2,dp_other,"LAMITAN,LAMBUNAO"
LANDA,EUROCONTROL NMOC,2,2,dp_icao,LANDA
LANER,EUROCONTROL NMOC,2,2,dp_icao,LANER
LANET,EUROCONTROL NMOC,2,2,dp_icao,LANET
LANGA,EUROCONTROL NMOC,2,2,dp_icao,LANGA
LAPNA,EUROCONTROL NMOC,2,2,dp_icao,LAPNA
LARCH,EUROCONTROL NMOC,2,2,dp_icao,LARCH
LARKS,EUROCONTROL NMOC,2,2,dp_icao,LARKS
LASSO,EUROCONTROL NMOC,2,2,dp_icao,LASSO
LATRA,EUROCONTROL NMOC,2,2,dp_icao,LATRA
LAURA,EUROCONTROL NMOC,2,2,dp_icao,LAURA
LAWNN,EUROCONTROL NMOC,2,2,dp_icao,LAWNN
LAYER,EUROCONTROL NMOC,2,2,dp_icao,LAYER
LEDIM,EUROCONTROL NMOC,2,2,dp_icao,LEDIM
LEONA,EUROCONTROL NMOC,2,2,dp_icao,LEONA
LEPNA,EUROCONTROL NMOC,2,2,dp_icao,LEPNA
LERMA,EUROCONTROL NMOC,2,2,dp_icao,LERMA
LESMO,EUROCONTROL NMOC,2,2,dp_icao,LESMO
LIL,CIVIL AVIATION AUTHORITY OF THE PHILIPPINES,2,2,dp_other,"LILOAN,LILOAN PORT"
LILEE,EUROCONTROL NMOC,2,2,dp_icao,LILEE
LILLY,EUROCONTROL NMOC,2,2,dp_icao,LILLY
LIMBO,EUROCONTROL NMOC,2,2,dp_icao,LIMBO
LIMON,EUROCONTROL NMOC,2,2,dp_icao,LIMON
LISBO,EUROCONTROL NMOC,2,2,dp_icao,LISBO
LITAM,EUROCONTROL NMOC,2,2,dp_icao,LITAM
LOKDI,EUROCONTROL NMOC,2,2,dp_icao,LOKDI
LOMON,EUROCONTROL NMOC,2,2,dp_icao,LOMON
LORRY,EUROCONTROL NMOC,2,2,dp_icao,LORRY
LOTAD,EUROCONTROL NMOC,2,2,dp_icao,LOTAD
LOTTO,EUROCONTROL NMOC,2,2,dp_icao,LOTTO
LOVER,EUROCONTROL NMOC,2,2,dp_icao,LOVER
LUCAS,EUROCONTROL NMOC,2,2,dp_icao,LUCAS
LUCCA,EUROCONTROL NMOC,2,2,dp_icao,LUCCA
LUKEY,EUROCONTROL NMOC,2,2,dp_icao,LUKEY
LUNAR,EUROCONTROL NMOC,2,2,dp_icao,LUNAR
LUNDI,EUROCONTROL NMOC,2,2,dp_icao,LUNDI
LUVLY,EUROCONTROL NMOC,2,2,dp_icao,LUVLY
LYCEE,EUROCONTROL NMOC,2,2,dp_icao,LYCEE
MA06R,DHMI TURKIYE,2,2,dp_adhp,MA06R
MA095,NAV CANADA,2,2,dp_adhp,"YFS095002,UQQ09515"
MA10,NAV CANADA,2,2,dp_adhp,"YYG268000,MA10"
MA11,DHMI TURKIYE,2,2,dp_adhp,MA11
MA13,NAV CANADA,2,2,dp_adhp,"YVP334001,MA13"
MA18,DHMI TURKIYE,2,2,dp_adhp,MA18
MA19I,EUROCONTROL NMOC,2,2,dp_other,"MAPT19 ILS,MAPT ILS OR LOC RWY 19"
MA28,NAV CANADA,2,2,dp_adhp,"YYG106001,MA28"
MA30,NAV CANADA,2,2,dp_adhp,"UZX129001,UQQ112002"
MA31L,NAV CANADA,2,2,dp_adhp,"UOD137001,YPG139000"
MA34,NAV CANADA,2,2,dp_adhp,"MA34,YBK154002"
MA36,NAV CANADA,2,2,dp_adhp,"XBG163001,YWG182002"
MAB,CIVIL AVIATION AUTHORITY OF THE PHILIPPINES,2,2,dp_other,"MABAAY ISLAND,MABINI"
MACKY,EUROCONTROL NMOC,2,2,dp_icao,MACKY
MADOG,EUROCONTROL NMOC,2,2,dp_icao,MADOG
MADRA,EUROCONTROL NMOC,2,2,dp_icao,MADRA
MAGIL,EUROCONTROL NMOC,2,2,dp_icao,MAGIL
MAGNA,EUROCONTROL NMOC,2,2,dp_icao,MAGNA
MAGRY,EUROCONTROL NMOC,2,2,dp_icao,MAGRY
MAHDI,EUROCONTROL NMOC,2,2,dp_icao,MAHDI
MAHEN,EUROCONTROL NMOC,2,2,dp_icao,MAHEN
MAHER,EUROCONTROL NMOC,2,2,dp_icao,MAHER
MAIDS,EUROCONTROL NMOC,2,2,dp_icao,MAIDS
MAIZE,EUROCONTROL NMOC,2,2,dp_icao,MAIZE
MAJOR,EUROCONTROL NMOC,2,2,dp_icao,MAJOR
MALKI,EUROCONTROL NMOC,2,2,dp_icao,MALKI
MALLA,EUROCONTROL NMOC,2,2,"dp_icao,dp_other","MALLA,MALOULA"
MALON,EUROCONTROL NMOC,2,2,"dp_icao,dp_adhp",MALON
MAMAT,EUROCONTROL NMOC,2,2,dp_icao,MAMAT
MANGO,EUROCONTROL NMOC,2,2,dp_icao,MANGO
MANIG,EUROCONTROL NMOC,2,2,dp_icao,MANIG
MANLI,EUROCONTROL NMOC,2,2,dp_icao,MANLI
MANTA,EUROCONTROL NMOC,2,2,dp_icao,MANTA
MAP27,BULATSA-BULGARIAN AIR TRAFFIC SERVICES AUTHORITY,2,2,dp_adhp,"MAPT ILS/LOC/VOR RWY 27,LBWN MAPT VOR RWY 27"
MARBU,EUROCONTROL NMOC,2,2,dp_icao,MARBU
MARCO,EUROCONTROL NMOC,2,2,dp_icao,MARCO
MAREP,EUROCONTROL NMOC,2,2,dp_icao,MAREP
MARES,EUROCONTROL NMOC,2,2,dp_icao,MARES
MARGO,EUROCONTROL NMOC,2,2,dp_icao,MARGO
MARIA,EUROCONTROL NMOC,2,2,dp_icao,MARIA
MARLN,EUROCONTROL NMOC,2,2,dp_icao,MARLN
MAROT,EUROCONTROL NMOC,2,2,dp_icao,MAROT
MARPE,EUROCONTROL NMOC,2,2,dp_icao,MARPE
MARRI,EUROCONTROL NMOC,2,2,dp_icao,MARRI
MARSA,EUROCONTROL NMOC,2,2,dp_icao,MARSA
MARSH,EUROCONTROL NMOC,2,2,dp_icao,MARSH
MARUB,EUROCONTROL NMOC,2,2,dp_icao,MARUB
MATCH,EUROCONTROL NMOC,2,2,dp_icao,MATCH
MATHU,EUROCONTROL NMOC,2,2,dp_icao,MATHU
MATSU,EUROCONTROL NMOC,2,2,dp_icao,MATSU
MAXIN,EUROCONTROL NMOC,2,2,dp_icao,MAXIN
MAYON,EUROCONTROL NMOC,2,2,dp_icao,MAYON
MC2,EUROCONTROL NMOC,2,2,dp_other,"INT MC2,MC2"
MCGEE,EUROCONTROL NMOC,2,2,dp_icao,MCGEE
MEDIC,EUROCONTROL NMOC,2,2,dp_icao,MEDIC
MEDUS,EUROCONTROL NMOC,2,2,dp_icao,MEDUS
MEETA,EUROCONTROL NMOC,2,2,dp_icao,MEETA
MERAM,EUROCONTROL NMOC,2,2,dp_icao,MERAM
MERID,EUROCONTROL NMOC,2,2,dp_icao,MERID
MESER,EUROCONTROL NMOC,2,2,dp_icao,MESER
MESSE,EUROCONTROL NMOC,2,2,dp_icao,MESSE
METRO,EUROCONTROL NMOC,2,2,dp_icao,METRO
MICKI,EUROCONTROL NMOC,2,2,dp_icao,MICKI
MIDLA,EUROCONTROL NMOC,2,2,dp_icao,MIDLA
MILAN,EUROCONTROL NMOC,2,2,dp_icao,MILAN
MILIS,EUROCONTROL NMOC,2,2,dp_icao,MILIS
MINAM,EUROCONTROL NMOC,2,2,dp_icao,MINAM
MINAT,EUROCONTROL NMOC,2,2,dp_icao,MINAT
MINNA,EUROCONTROL NMOC,2,2,dp_icao,MINNA
MINNE,EUROCONTROL NMOC,2,2,dp_icao,MINNE
MINTO,EUROCONTROL NMOC,2,2,dp_icao,MINTO
MIRON,EUROCONTROL NMOC,2,2,dp_icao,MIRON
MISEN,EUROCONTROL NMOC,2,2,dp_icao,MISEN
MITSA,EUROCONTROL NMOC,2,2,dp_icao,MITSA
MIURA,EUROCONTROL NMOC,2,2,dp_icao,MIURA
MIWAS,EUROCONTROL NMOC,2,2,dp_icao,MIWAS
MIYOS,EUROCONTROL NMOC,2,2,dp_icao,MIYOS
MOANA,EUROCONTROL NMOC,2,2,dp_icao,MOANA
MODEL,EUROCONTROL NMOC,2,2,dp_icao,MODEL
MOKAD,EUROCONTROL NMOC,2,2,dp_icao,MOKAD
MOLEN,EUROCONTROL NMOC,2,2,dp_icao,MOLEN
MOLIT,EUROCONTROL NMOC,2,2,dp_icao,MOLIT
MOMAN,EUROCONTROL NMOC,2,2,dp_icao,MOMAN
MONAK,EUROCONTROL NMOC,2,2,dp_icao,MONAK
MONDO,EUROCONTROL NMOC,2,2,"dp_icao,dp_adhp",MONDO
MONET,EUROCONTROL NMOC,2,2,dp_icao,MONET
MONPI,EUROCONTROL NMOC,2,2,dp_icao,MONPI
MONTY,EUROCONTROL NMOC,2,2,dp_icao,MONTY
MORAS,EUROCONTROL NMOC,2,2,dp_icao,MORAS
MORAY,EUROCONTROL NMOC,2,2,dp_icao,MORAY
MS400,EUROCONTROL NMOC,2,2,dp_other,MS400
MS710,EUROCONTROL NMOC,2,2,dp_other,MS710
MUNDA,EUROCONTROL NMOC,2,2,"dp_icao,dp_other","MUNDA,MUANDA"
MUROT,EUROCONTROL NMOC,2,2,dp_icao,MUROT
MUSBI,EUROCONTROL NMOC,2,2,dp_icao,MUSBI
MUSEL,EUROCONTROL NMOC,2,2,dp_icao,MUSEL
MUSKY,EUROCONTROL NMOC,2,2,dp_icao,MUSKY
MYRON,EUROCONTROL NMOC,2,2,dp_icao,MYRON
N1,EUROCONTROL NMOC,2,2,dp_other,N1
N2,EUROCONTROL NMOC,2,2,dp_other,N2
NAGA,CIVIL AVIATION AUTHORITY OF THE PHILIPPINES,2,2,dp_other,"NAGA SPORTS COMPLEX,NAGA"
NAKAN,EUROCONTROL NMOC,2,2,dp_icao,NAKAN
NAMIE,EUROCONTROL NMOC,2,2,dp_icao,NAMIE
NARMI,EUROCONTROL NMOC,2,2,dp_icao,NARMI
NASSY,EUROCONTROL NMOC,2,2,dp_icao,NASSY
NATCH,EUROCONTROL NMOC,2,2,dp_icao,NATCH
NATTY,EUROCONTROL NMOC,2,2,dp_icao,NATTY
NEDEX,EUROCONTROL NMOC,2,2,dp_icao,NEDEX
NELLI,EUROCONTROL NMOC,2,2,dp_icao,NELLI
NERKA,EUROCONTROL NMOC,2,2,dp_icao,NERKA
NESIC,EUROCONTROL NMOC,2,2,dp_icao,NESIC
NEURO,EUROCONTROL NMOC,2,2,dp_icao,NEURO
NEVIS,EUROCONTROL NMOC,2,2,dp_icao,NEVIS
NEXUS,EUROCONTROL NMOC,2,2,dp_icao,NEXUS
NIGEL,EUROCONTROL NMOC,2,2,dp_icao,NIGEL
NIKAN,EUROCONTROL NMOC,2,2,dp_icao,NIKAN
NIKKI,EUROCONTROL NMOC,2,2,dp_icao,NIKKI
NIKKO,EUROCONTROL NMOC,2,2,dp_icao,NIKKO
NINJA,EUROCONTROL NMOC,2,2,dp_icao,NINJA
NL006,EUROCONTROL NMOC,2,2,dp_other,"ENTRY SOUTH 27,NL120006"
NOGRA,EUROCONTROL NMOC,2,2,dp_icao,NOGRA
NOKKA,EUROCONTROL NMOC,2,2,"dp_icao,dp_other",NOKKA
NOMAS,EUROCONTROL NMOC,2,2,dp_icao,NOMAS
NONOC,EUROCONTROL NMOC,2,2,dp_icao,NONOC
NORIS,EUROCONTROL NMOC,2,2,dp_icao,NORIS
NORMA,EUROCONTROL NMOC,2,2,dp_icao,NORMA
NOTAR,EUROCONTROL NMOC,2,2,dp_icao,NOTAR
NYLON,EUROCONTROL NMOC,2,2,dp_icao,NYLON
OBAKO,EUROCONTROL NMOC,2,2,dp_icao,OBAKO
OCTAV,EUROCONTROL NMOC,2,2,dp_icao,OCTAV
ODALE,EUROCONTROL NMOC,2,2,dp_icao,ODALE
ODELA,EUROCONTROL NMOC,2,2,dp_icao,ODELA
ODENN,EUROCONTROL NMOC,2,2,dp_icao,ODENN
OHANA,EUROCONTROL NMOC,2,2,dp_icao,OHANA
OHMAR,EUROCONTROL NMOC,2,2,dp_icao,OHMAR
OKUNI,EUROCONTROL NMOC,2,2,dp_icao,OKUNI
OLIVE,EUROCONTROL NMOC,2,2,dp_icao,OLIVE
OMOGO,EUROCONTROL NMOC,2,2,dp_icao,OMOGO
ONUMA,EUROCONTROL NMOC,2,2,dp_icao,ONUMA
OPALL,EUROCONTROL NMOC,2,2,dp_icao,OPALL
OPELI,EUROCONTROL NMOC,2,2,dp_icao,OPELI
OPTIC,EUROCONTROL NMOC,2,2,dp_icao,OPTIC
ORDER,EUROCONTROL NMOC,2,2,dp_icao,ORDER
ORION,EUROCONTROL NMOC,2,2,dp_icao,ORION
ORTIZ,EUROCONTROL NMOC,2,2,dp_icao,ORTIZ
OSCAR,SKEYES,2,2,dp_adhp,"ELLX VFR REP POINT OSCAR,EBLG VFR REP POINT OSCAR"
OSMAR,EUROCONTROL NMOC,2,2,dp_icao,OSMAR
OSTOR,EUROCONTROL NMOC,2,2,dp_icao,OSTOR
OSTRA,EUROCONTROL NMOC,2,2,dp_icao,OSTRA
OTABE,EUROCONTROL NMOC,2,2,dp_icao,OTABE
OZORA,EUROCONTROL NMOC,2,2,dp_icao,OZORA
P,DFS DEUTSCHE FLUGSICHERUNG GMBH,2,2,dp_other,"EDDH PAPA 1,EDDH PAPA 2"
PABLO,EUROCONTROL NMOC,2,2,dp_icao,PABLO
PADDY,EUROCONTROL NMOC,2,2,dp_icao,PADDY
PADRY,EUROCONTROL NMOC,2,2,dp_icao,PADRY
PADUR,EUROCONTROL NMOC,2,2,dp_icao,PADUR
PADUS,EUROCONTROL NMOC,2,2,dp_icao,PADUS
PAGRE,EUROCONTROL NMOC,2,2,dp_icao,PAGRE
PAL,CIVIL AVIATION AUTHORITY OF THE PHILIPPINES,2,2,dp_other,"PALOS VERDES,PALITON"
PALPA,EUROCONTROL NMOC,2,2,dp_icao,PALPA
PAMLA,EUROCONTROL NMOC,2,2,"dp_icao,dp_other",PAMLA
PAMTO,EUROCONTROL NMOC,2,2,dp_icao,PAMTO
PANDA,EUROCONTROL NMOC,2,2,dp_icao,PANDA
PANOR,EUROCONTROL NMOC,2,2,"dp_icao,dp_other","PANOR,NORTH"
PARCK,EUROCONTROL NMOC,2,2,dp_icao,PARCK
PARIS,EUROCONTROL NMOC,2,2,dp_icao,PARIS
PARRI,EUROCONTROL NMOC,2,2,dp_icao,PARRI
PARTY,EUROCONTROL NMOC,2,2,dp_icao,PARTY
PASAN,EUROCONTROL NMOC,2,2,dp_icao,PASAN
PATTY,EUROCONTROL NMOC,2,2,"dp_icao,dp_adhp",PATTY
PEAKS,EUROCONTROL NMOC,2,2,dp_icao,PEAKS
PEARS,EUROCONTROL NMOC,2,2,dp_icao,PEARS
PEKUN,EUROCONTROL NMOC,2,2,dp_icao,PEKUN
PENAR,EUROCONTROL NMOC,2,2,dp_icao,PENAR
PEPAR,EUROCONTROL NMOC,2,2,dp_icao,PEPAR
PERCY,EUROCONTROL NMOC,2,2,dp_icao,PERCY
PERID,EUROCONTROL NMOC,2,2,dp_icao,PERID
PERRY,EUROCONTROL NMOC,2,2,dp_icao,PERRY
PERSE,EUROCONTROL NMOC,2,2,dp_icao,PERSE
PETAA,EUROCONTROL NMOC,2,2,"dp_icao,dp_adhp",PETAA
PETAB,EUROCONTROL NMOC,2,2,dp_icao,PETAB
PETAC,EUROCONTROL NMOC,2,2,dp_icao,PETAC
PETAL,EUROCONTROL NMOC,2,2,dp_icao,PETAL
PETER,EUROCONTROL NMOC,2,2,"dp_icao,dp_adhp",PETER
PG1,EUROCONTROL NMOC,2,2,dp_other,"DREVERNA,PG1"
PG2,EUROCONTROL NMOC,2,2,dp_other,"SLIENAVA,PG2"
PHLOX,EUROCONTROL NMOC,2,2,dp_icao,PHLOX
PIANO,EUROCONTROL NMOC,2,2,dp_icao,PIANO
PINNE,EUROCONTROL NMOC,2,2,dp_icao,PINNE
PIONE,EUROCONTROL NMOC,2,2,dp_icao,PIONE
PIPER,EUROCONTROL NMOC,2,2,dp_icao,PIPER
PIRAL,EUROCONTROL NMOC,2,2,dp_icao,PIRAL
PJ1,EUROCONTROL NMOC,2,2,dp_other,"KYVISKES AD,PJ1"
PJ2,EUROCONTROL NMOC,2,2,dp_other,"KLAIPEDA AD,PJ2"
PLUTO,EUROCONTROL NMOC,2,2,dp_icao,PLUTO
POL,CIVIL AVIATION AUTHORITY OF THE PHILIPPINES,2,2,dp_other,"POLANGUI,POLOMOLOK"
POLAR,EUROCONTROL NMOC,2,2,dp_icao,POLAR
POLLY,EUROCONTROL NMOC,2,2,dp_icao,POLLY
POLUX,EUROCONTROL NMOC,2,2,dp_icao,POLUX
PONTI,EUROCONTROL NMOC,2,2,dp_icao,PONTI
PONTO,EUROCONTROL NMOC,2,2,dp_icao,PONTO
POPET,EUROCONTROL NMOC,2,2,dp_icao,POPET
POSUM,EUROCONTROL NMOC,2,2,dp_icao,POSUM
PR411,EUROCONTROL NMOC,2,2,dp_other,"TF PR411,PR411"
PR412,EUROCONTROL NMOC,2,2,dp_other,"TF PR412,PR412"
PR516,EUROCONTROL NMOC,2,2,dp_other,PR516
PR631,EUROCONTROL NMOC,2,2,dp_other,PR631
PR632,EUROCONTROL NMOC,2,2,dp_other,PR632
PR633,EUROCONTROL NMOC,2,2,dp_other,PR633
PR634,EUROCONTROL NMOC,2,2,dp_other,PR634
PR635,EUROCONTROL NMOC,2,2,dp_other,PR635
PR637,EUROCONTROL NMOC,2,2,dp_other,PR637
PRAWN,EUROCONTROL NMOC,2,2,dp_icao,PRAWN
PRIUS,EUROCONTROL NMOC,2,2,dp_icao,PRIUS
PUFER,EUROCONTROL NMOC,2,2,dp_icao,PUFER
PUTER,EUROCONTROL NMOC,2,2,dp_icao,PUTER
QUAIL,EUROCONTROL NMOC,2,2,dp_icao,QUAIL
QUEST,EUROCONTROL NMOC,2,2,dp_icao,QUEST
QUIET,EUROCONTROL NMOC,2,2,dp_icao,QUIET
QUOTA,EUROCONTROL NMOC,2,2,dp_icao,QUOTA
RA501,EUROCONTROL NMOC,2,2,dp_other,RA501
RA502,EUROCONTROL NMOC,2,2,dp_other,RA502
RA801,EUROCONTROL NMOC,2,2,dp_other,RA801
RACER,EUROCONTROL NMOC,2,2,dp_icao,RACER
RADON,EUROCONTROL NMOC,2,2,dp_icao,RADON
RAGAS,EUROCONTROL NMOC,2,2,dp_icao,RAGAS
RAGGS,EUROCONTROL NMOC,2,2,dp_icao,RAGGS
RALPH,EUROCONTROL NMOC,2,2,dp_icao,RALPH
RAMEN,EUROCONTROL NMOC,2,2,dp_icao,RAMEN
RAMON,EUROCONTROL NMOC,2,2,dp_icao,RAMON
RANGY,EUROCONTROL NMOC,2,2,dp_icao,RANGY
RANSO,EUROCONTROL NMOC,2,2,dp_icao,RANSO
RECIF,EUROCONTROL NMOC,2,2,dp_icao,RECIF
REFRI,EUROCONTROL NMOC,2,2,dp_icao,REFRI
RELTA,EUROCONTROL NMOC,2,2,dp_icao,RELTA
RESOR,EUROCONTROL NMOC,2,2,dp_icao,RESOR
RIBON,EUROCONTROL NMOC,2,2,dp_icao,RIBON
RIDGE,EUROCONTROL NMOC,2,2,dp_icao,RIDGE
RINGO,EUROCONTROL NMOC,2,2,dp_icao,RINGO
RIPOD,EUROCONTROL NMOC,2,2,dp_icao,RIPOD
RITAS,EUROCONTROL NMOC,2,2,dp_icao,RITAS
RITON,EUROCONTROL NMOC,2,2,dp_icao,RITON
RIVET,EUROCONTROL NMOC,2,2,dp_icao,RIVET
ROBBO,EUROCONTROL NMOC,2,2,dp_icao,ROBBO
ROCCA,EUROCONTROL NMOC,2,2,dp_icao,ROCCA
ROCKY,EUROCONTROL NMOC,2,2,dp_icao,ROCKY
RODEN,EUROCONTROL NMOC,2,2,dp_icao,RODEN
RODIM,EUROCONTROL NMOC,2,2,dp_icao,RODIM
ROJAS,EUROCONTROL NMOC,2,2,dp_icao,ROJAS
ROKET,EUROCONTROL NMOC,2,2,dp_icao,ROKET
ROKGO,EUROCONTROL NMOC,2,2,dp_icao,ROKGO
RONIE,EUROCONTROL NMOC,2,2,dp_icao,RONIE
ROONY,EUROCONTROL NMOC,2,2,dp_icao,ROONY
ROSIE,EUROCONTROL NMOC,2,2,dp_icao,ROSIE
ROUTY,EUROCONTROL NMOC,2,2,"dp_icao,dp_adhp",ROUTY
ROYAL,EUROCONTROL NMOC,2,2,dp_icao,ROYAL
RUBIS,EUROCONTROL NMOC,2,2,dp_icao,RUBIS
RUDOL,EUROCONTROL NMOC,2,2,dp_icao,RUDOL
RUGBY,EUROCONTROL NMOC,2,2,dp_icao,RUGBY
RUMSY,EUROCONTROL NMOC,2,2,dp_icao,RUMSY
RW02,CIVIL AVIATION AUTHORITY OF THE PHILIPPINES,2,2,dp_adhp,RW02
RW03,CIVIL AVIATION AUTHORITY OF THE PHILIPPINES,2,2,dp_adhp,RW03
RW03R,DHMI TURKIYE,2,2,dp_adhp,RW03R
RW04,AIRWAYS CORPORATION OF NEW ZEALAND LTD,2,2,dp_adhp,RW04
RW04,DHMI TURKIYE,2,2,dp_adhp,"RW04,RW04 LTCP"
RW05,AIRWAYS CORPORATION OF NEW ZEALAND LTD,2,2,dp_adhp,RW05
RW05,CIVIL AVIATION AUTHORITY OF THE PHILIPPINES,2,2,dp_adhp,RW05
RW05,DHMI TURKIYE,2,2,dp_adhp,"RW05 LTFD,RW05 LTBA"
RW06,CIVIL AVIATION AUTHORITY OF THE PHILIPPINES,2,2,dp_adhp,RW06
RW06,DHMI TURKIYE,2,2,dp_adhp,"RW06 LTAY,RW06"
RW06,SKEYES,2,2,dp_adhp,RW06
RW06L,EUROCONTROL NMOC,2,2,"dp_adhp,dp_other",RW06L
RW06R,EUROCONTROL NMOC,2,2,"dp_adhp,dp_other",RW06R
RW08,AIRWAYS CORPORATION OF NEW ZEALAND LTD,2,2,dp_adhp,RW08
RW08,ESTONIAN AIR NAVIGATION SERVICES,2,2,dp_other,
RW08R,EUROCONTROL NMOC,2,2,dp_other,"MAWP,MAPT"
RW08R,NAV CANADA,2,2,dp_adhp,RW08R
RW09,AIRWAYS CORPORATION OF NEW ZEALAND LTD,2,2,dp_adhp,RW09
RW09,BULATSA-BULGARIAN AIR TRAFFIC SERVICES AUTHORITY,2,2,dp_other,"RW09,RW09 LBGO"
RW09,CIVIL AVIATION AUTHORITY OF THE PHILIPPINES,2,2,dp_adhp,"RW09 MAPT,RW09"
RW09R,EUROCONTROL NMOC,2,2,dp_other,"RW09R,MAPT 0.1 DME HBD"
RW13,DHMI TURKIYE,2,2,dp_adhp,RW13
RW13R,NAV CANADA,2,2,dp_adhp,RW13R
RW14,AIRWAYS CORPORATION OF NEW ZEALAND LTD,2,2,dp_adhp,RW14
RW15,AIRWAYS CORPORATION OF NEW ZEALAND LTD,2,2,dp_adhp,RW15
RW17,CIVIL AVIATION AUTHORITY OF THE PHILIPPINES,2,2,dp_adhp,RW17
RW17,EUROCONTROL NMOC,2,2,dp_other,RW17
RW20,AIRWAYS CORPORATION OF NEW ZEALAND LTD,2,2,dp_adhp,RW20
RW20,CIVIL AVIATION AUTHORITY OF THE PHILIPPINES,2,2,dp_adhp,RW20
RW20,EUROCONTROL NMOC,2,2,dp_other,RW20
RW21,CIVIL AVIATION AUTHORITY OF THE PHILIPPINES,2,2,dp_adhp,RW21
RW22,AIRWAYS CORPORATION OF NEW ZEALAND LTD,2,2,dp_adhp,RW22
RW23,AIRWAYS CORPORATION OF NEW ZEALAND LTD,2,2,dp_adhp,RW23
RW23,CIVIL AVIATION AUTHORITY OF THE PHILIPPINES,2,2,dp_adhp,RW23
RW23,DHMI TURKIYE,2,2,dp_adhp,RW23
RW24,CIVIL AVIATION AUTHORITY OF THE PHILIPPINES,2,2,dp_adhp,RW24
RW24,DHMI TURKIYE,2,2,dp_adhp,"RW24 (LTAY),RW24"
RW24L,EUROCONTROL NMOC,2,2,"dp_adhp,dp_other",RW24L
RW24R,EUROCONTROL NMOC,2,2,"dp_adhp,dp_other",RW24R
RW25,AIRWAYS CORPORATION OF NEW ZEALAND LTD,2,2,dp_adhp,RW25
RW25,DHMI TURKIYE,2,2,dp_adhp,RW25
RW26,AIRWAYS CORPORATION OF NEW ZEALAND LTD,2,2,dp_adhp,RW26
RW26,ESTONIAN AIR NAVIGATION SERVICES,2,2,dp_other,
RW26L,EUROCONTROL NMOC,2,2,dp_other,"MAWP,MAPT"
RW27,AIRWAYS CORPORATION OF NEW ZEALAND LTD,2,2,dp_adhp,RW27
RW27,BULATSA-BULGARIAN AIR TRAFFIC SERVICES AUTHORITY,2,2,dp_other,"RW27,RW27 LBGO"
RW27L,EUROCONTROL NMOC,2,2,dp_other,"MAWP RWY 27R,RW27L"
RW29,AIRWAYS CORPORATION OF NEW ZEALAND LTD,2,2,dp_adhp,RW29
RW31,DHMI TURKIYE,2,2,dp_adhp,RW31
RW31L,NAV CANADA,2,2,dp_adhp,RW31L
RW32,AIRWAYS CORPORATION OF NEW ZEALAND LTD,2,2,dp_adhp,RW32
RW33,AIRWAYS CORPORATION OF NEW ZEALAND LTD,2,2,dp_adhp,RW33
RW34,AIRWAYS CORPORATION OF NEW ZEALAND LTD,2,2,dp_adhp,RW34
RW35,CIVIL AVIATION AUTHORITY OF THE PHILIPPINES,2,2,dp_adhp,RW35
S1,EUROCONTROL NMOC,2,2,dp_other,S1
S2,EUROCONTROL NMOC,2,2,dp_other,S2
SABAK,EUROCONTROL NMOC,2,2,dp_icao,SABAK
SABAR,EUROCONTROL NMOC,2,2,dp_icao,SABAR
SABER,EUROCONTROL NMOC,2,2,dp_icao,SABER
SABLE,EUROCONTROL NMOC,2,2,dp_icao,SABLE
SACHS,EUROCONTROL NMOC,2,2,dp_icao,SACHS
SADAN,EUROCONTROL NMOC,2,2,dp_icao,SADAN
SAFRA,EUROCONTROL NMOC,2,2,dp_icao,SAFRA
SAG,CIVIL AVIATION AUTHORITY OF THE PHILIPPINES,2,2,dp_other,"SAGNAY,SAGBAYAN"
SAILS,EUROCONTROL NMOC,2,2,dp_icao,SAILS
SAKAR,EUROCONTROL NMOC,2,2,dp_icao,SAKAR
SAL,CIVIL AVIATION AUTHORITY OF THE PHILIPPINES,2,2,dp_other,"SALVACION,SALAGDOONG"
SALER,EUROCONTROL NMOC,2,2,dp_icao,SALER
SALIN,EUROCONTROL NMOC,2,2,dp_icao,SALIN
SALLY,EUROCONTROL NMOC,2,2,dp_icao,SALLY
SALON,EUROCONTROL NMOC,2,2,dp_icao,SALON
SALTY,EUROCONTROL NMOC,2,2,dp_icao,SALTY
SALWA,EUROCONTROL NMOC,2,2,dp_icao,SALWA
SAMAK,EUROCONTROL NMOC,2,2,dp_icao,SAMAK
SAMBA,EUROCONTROL NMOC,2,2,dp_icao,SAMBA
SAN1,CIVIL AVIATION AUTHORITY OF THE PHILIPPINES,2,2,dp_other,"SANGALI,SAN RAFEL"
SAN2,CIVIL AVIATION AUTHORITY OF THE PHILIPPINES,2,2,dp_other,"SAN ROQUE,SAN SIMON TOLL GATE"
SANDA,EUROCONTROL NMOC,2,2,dp_icao,SANDA
SANDO,EUROCONTROL NMOC,2,2,dp_icao,SANDO
SANGO,EUROCONTROL NMOC,2,2,dp_icao,SANGO
SANKO,EUROCONTROL NMOC,2,2,dp_icao,SANKO
SARAM,EUROCONTROL NMOC,2,2,dp_icao,SARAM
SARAN,EUROCONTROL NMOC,2,2,dp_icao,SARAN
SASRO,EUROCONTROL NMOC,2,2,dp_icao,SASRO
SASSY,EUROCONTROL NMOC,2,2,dp_icao,SASSY
SAVER,EUROCONTROL NMOC,2,2,dp_icao,SAVER
SB410,EUROCONTROL NMOC,2,2,dp_other,MATF RWY21
SB420,EUROCONTROL NMOC,2,2,dp_other,SB420
SB421,EUROCONTROL NMOC,2,2,dp_other,SB421
SB422,EUROCONTROL NMOC,2,2,dp_other,SB422
SB601,EUROCONTROL NMOC,2,2,dp_other,SB601
SB700,EUROCONTROL NMOC,2,2,dp_other,SB700
SB701,EUROCONTROL NMOC,2,2,dp_other,SB701
SB702,EUROCONTROL NMOC,2,2,dp_other,SB702
SB703,EUROCONTROL NMOC,2,2,dp_other,SB703
SB704,EUROCONTROL NMOC,2,2,dp_other,SB704
SB705,EUROCONTROL NMOC,2,2,dp_other,SB705
SB706,EUROCONTROL NMOC,2,2,dp_other,SB706
SB707,EUROCONTROL NMOC,2,2,dp_other,SB707
SB708,EUROCONTROL NMOC,2,2,dp_other,SB708
SCOTT,EUROCONTROL NMOC,2,2,dp_icao,SCOTT
SCOUT,EUROCONTROL NMOC,2,2,dp_icao,SCOUT
SCUBA,EUROCONTROL NMOC,2,2,dp_icao,SCUBA
SD700,EUROCONTROL NMOC,2,2,dp_other,SD700
SDF08,MOLDAVIAN AIR TRAFFIC SERVICE PROVIDER (MOLDATSA),2,2,dp_other,"SDF IAP LOC RWY 08 LUKK,SDF IAP VOR/DME RWY 08 LUKK"
SDF26,MOLDAVIAN AIR TRAFFIC SERVICE PROVIDER (MOLDATSA),2,2,dp_other,"SDF IAP VOR/DME RWY 26 LUKK,SDF IAP LOC RWY 26 LUKK"
SEBOC,EUROCONTROL NMOC,2,2,dp_icao,SEBOC
SEGUL,EUROCONTROL NMOC,2,2,dp_icao,SEGUL
SERRY,EUROCONTROL NMOC,2,2,dp_icao,SERRY
SERYU,EUROCONTROL NMOC,2,2,dp_icao,SERYU
SH403,EUROCONTROL NMOC,2,2,dp_other,SH403
SH404,EUROCONTROL NMOC,2,2,dp_other,SH404
SH405,EUROCONTROL NMOC,2,2,dp_other,SH405
SH411,EUROCONTROL NMOC,2,2,dp_other,SH411
SH412,EUROCONTROL NMOC,2,2,dp_other,SH412
SH415,EUROCONTROL NMOC,2,2,dp_other,SH415
SHAFT,EUROCONTROL NMOC,2,2,dp_icao,SHAFT
SHARO,EUROCONTROL NMOC,2,2,dp_icao,SHARO
SHATI,EUROCONTROL NMOC,2,2,dp_icao,SHATI
SHIMA,EUROCONTROL NMOC,2,2,dp_icao,SHIMA
SHINE,EUROCONTROL NMOC,2,2,dp_icao,SHINE
SHODA,EUROCONTROL NMOC,2,2,dp_icao,SHODA
SHRAK,EUROCONTROL NMOC,2,2,dp_icao,SHRAK
SIB,CIVIL AVIATION AUTHORITY OF THE PHILIPPINES,2,2,dp_other,"SIBOLON ISLAND,SIBUTAD"
SIERA,EUROCONTROL NMOC,2,2,dp_icao,SIERA
SIGMA,EUROCONTROL NMOC,2,2,dp_icao,SIGMA
SIJMI,EUROCONTROL NMOC,2,2,dp_icao,SIJMI
SINAM,EUROCONTROL NMOC,2,2,dp_icao,SINAM
SINGO,EUROCONTROL NMOC,2,2,dp_icao,SINGO
SINKA,EUROCONTROL NMOC,2,2,dp_icao,SINKA
SIRAS,EUROCONTROL NMOC,2,2,dp_icao,SIRAS
SKATE,EUROCONTROL NMOC,2,2,dp_icao,SKATE
SKIPE,EUROCONTROL NMOC,2,2,dp_icao,SKIPE
SLICK,EUROCONTROL NMOC,2,2,dp_icao,SLICK
SLIDE,EUROCONTROL NMOC,2,2,dp_icao,SLIDE
SMALL,EUROCONTROL NMOC,2,2,dp_icao,SMALL
SMOKY,EUROCONTROL NMOC,2,2,dp_icao,SMOKY
SNAKE,EUROCONTROL NMOC,2,2,dp_icao,SNAKE
SNOKE,EUROCONTROL NMOC,2,2,dp_icao,SNOKE
SOBNO,EUROCONTROL NMOC,2,2,"dp_icao,dp_adhp",SOBNO
SOFIA,EUROCONTROL NMOC,2,2,dp_icao,SOFIA
SOGTY,EUROCONTROL NMOC,2,2,dp_icao,SOGTY
SOL,CIVIL AVIATION AUTHORITY OF THE PHILIPPINES,2,2,dp_other,"SOLAIRE,SOLAR FARM"
SOLAL,EUROCONTROL NMOC,2,2,dp_icao,SOLAL
SOLAR,EUROCONTROL NMOC,2,2,dp_icao,SOLAR
SOLIR,EUROCONTROL NMOC,2,2,dp_icao,SOLIR
SOLON,EUROCONTROL NMOC,2,2,dp_icao,SOLON
SOMON,EUROCONTROL NMOC,2,2,dp_icao,SOMON
SONDO,EUROCONTROL NMOC,2,2,dp_icao,SONDO
SONNY,EUROCONTROL NMOC,2,2,dp_icao,SONNY
SOTOM,EUROCONTROL NMOC,2,2,dp_icao,SOTOM
SPARK,EUROCONTROL NMOC,2,2,dp_icao,SPARK
SPENS,EUROCONTROL NMOC,2,2,"dp_icao,dp_other","SPENS,ENSJON"
SPIDE,EUROCONTROL NMOC,2,2,dp_icao,SPIDE
SPIDR,EUROCONTROL NMOC,2,2,dp_icao,SPIDR
SPINE,EUROCONTROL NMOC,2,2,dp_icao,SPINE
SPOON,EUROCONTROL NMOC,2,2,dp_icao,SPOON
SQUID,EUROCONTROL NMOC,2,2,dp_icao,SQUID
SSM07,NAV CANADA,2,2,dp_other,"SSM093007,SSM320007"
SSM08,NAV CANADA,2,2,dp_other,"SSM080008,SSM115008"
STAGE,EUROCONTROL NMOC,2,2,dp_icao,STAGE
STEED,EUROCONTROL NMOC,2,2,dp_icao,STEED
STING,EUROCONTROL NMOC,2,2,dp_icao,STING
STOCK,EUROCONTROL NMOC,2,2,dp_icao,STOCK
STONE,EUROCONTROL NMOC,2,2,dp_icao,STONE
STRAW,EUROCONTROL NMOC,2,2,dp_icao,STRAW
SUBIE,EUROCONTROL NMOC,2,2,dp_icao,SUBIE
SUBUK,EUROCONTROL NMOC,2,2,dp_icao,SUBUK
SUDAT,EUROCONTROL NMOC,2,2,dp_icao,SUDAT
SUKOM,EUROCONTROL NMOC,2,2,dp_icao,SUKOM
SUNNS,EUROCONTROL NMOC,2,2,dp_icao,SUNNS
SUPIT,EUROCONTROL NMOC,2,2,dp_icao,SUPIT
SUSAK,EUROCONTROL NMOC,2,2,dp_icao,SUSAK
SUVEN,EUROCONTROL NMOC,2,2,dp_icao,SUVEN
SWALO,EUROCONTROL NMOC,2,2,dp_icao,SWALO
SWAMP,EUROCONTROL NMOC,2,2,dp_icao,SWAMP
SWEET,EUROCONTROL NMOC,2,2,dp_icao,SWEET
T,DFS DEUTSCHE FLUGSICHERUNG GMBH,2,2,dp_other,"EDDH TANGO 2,EDDH TANGO 1"
TABNO,EUROCONTROL NMOC,2,2,dp_icao,TABNO
TAGOK,EUROCONTROL NMOC,2,2,dp_icao,TAGOK
TAKTI,EUROCONTROL NMOC,2,2,dp_icao,TAKTI
TALAC,EUROCONTROL NMOC,2,2,dp_icao,TALAC
TALAG,EUROCONTROL NMOC,2,2,dp_icao,TALAG
TALMI,EUROCONTROL NMOC,2,2,dp_icao,TALMI
TAMMI,EUROCONTROL NMOC,2,2,dp_icao,TAMMI
TANGO,DFS DEUTSCHE FLUGSICHERUNG GMBH,2,2,dp_other,"EDDC TANGO,EDDG TANGO"
TANGO,EUROCONTROL NMOC,2,2,dp_icao,TANGO
TANGO,SKEYES,2,2,dp_adhp,"ELLX VFR REP POINT TANGO,EBAW VFR REP POINT TANGO"
TANNA,EUROCONTROL NMOC,2,2,dp_icao,TANNA
TANTA,EUROCONTROL NMOC,2,2,dp_icao,TANTA
TAPOS,EUROCONTROL NMOC,2,2,dp_icao,TAPOS
TAPPI,EUROCONTROL NMOC,2,2,"dp_icao,dp_other",TAPPI
TARA,CIVIL AVIATION AUTHORITY OF THE PHILIPPINES,2,2,dp_other,"TARA,TARA ISLANDS"
TARAH,EUROCONTROL NMOC,2,2,dp_icao,TARAH
TASHA,EUROCONTROL NMOC,2,2,dp_icao,TASHA
TATAR,EUROCONTROL NMOC,2,2,dp_icao,TATAR
TATGU,EUROCONTROL NMOC,2,2,dp_icao,TATGU
TAVAS,EUROCONTROL NMOC,2,2,dp_icao,TAVAS
TB101,EUROCONTROL NMOC,2,2,dp_other,"STAR 31L UGTB,TB101"
TB102,EUROCONTROL NMOC,2,2,dp_other,"STAR 31L UGTB,TB102"
TB103,EUROCONTROL NMOC,2,2,dp_other,"STAR 31L UGTB,TB103"
TB106,EUROCONTROL NMOC,2,2,dp_other,"STAR 13R UGTB,TB106"
TB200,EUROCONTROL NMOC,2,2,dp_other,"TB200,SID 31L UGTB"
TB202,EUROCONTROL NMOC,2,2,dp_other,"SID 13R UGTB,TB202"
TB203,EUROCONTROL NMOC,2,2,dp_other,"SID 13R UGTB,TB203"
TB204,EUROCONTROL NMOC,2,2,dp_other,"SID 13R UGTB,TB204"
TB205,EUROCONTROL NMOC,2,2,dp_other,"SID 31L TAVRO 2D UGTB,TB205"
TECHI,EUROCONTROL NMOC,2,2,dp_icao,TECHI
TECZ3,AIR NAVIGATION SERVICES OF THE CZECH REPUBLIC,2,2,dp_other,TECZ3
TECZ4,AIR NAVIGATION SERVICES OF THE CZECH REPUBLIC,2,2,dp_other,TECZ4
TEGAL,EUROCONTROL NMOC,2,2,dp_icao,TEGAL
TELMO,EUROCONTROL NMOC,2,2,dp_icao,TELMO
TEMIS,EUROCONTROL NMOC,2,2,dp_icao,TEMIS
TENSO,EUROCONTROL NMOC,2,2,dp_icao,TENSO
TERAS,EUROCONTROL NMOC,2,2,dp_icao,TERAS
TERRY,EUROCONTROL NMOC,2,2,"dp_icao,dp_adhp",TERRY
TESLA,EUROCONTROL NMOC,2,2,dp_icao,TESLA
TEST2,SLOVENIA DIRECTORATE OF AVIATION AND MARITIME TRANSPORT,2,2,"dp_icao,dp_other","TEST2,TEST1"
TETRO,EUROCONTROL NMOC,2,2,dp_icao,TETRO
THR08,AIRNAV IRELAND,2,2,dp_other,"THR08 EIKN,THR08 EIKY"
THR16,AIRNAV IRELAND,2,2,dp_other,"THR EIDW 16,EICK THR16"
THR26,AIRNAV IRELAND,2,2,dp_other,THR 26 EIKY
THR34,AIRNAV IRELAND,2,2,dp_other,"THR 34 EIDW,EICK THR34"
TIBET,EUROCONTROL NMOC,2,2,"dp_icao,dp_adhp",TIBET
TIBRI,EUROCONTROL NMOC,2,2,dp_icao,TIBRI
TIGRA,EUROCONTROL NMOC,2,2,dp_icao,TIGRA
TIGRE,EUROCONTROL NMOC,2,2,dp_icao,TIGRE
TIKEM,EUROCONTROL NMOC,2,2,"dp_icao,dp_adhp",TIKEM
TILLY,EUROCONTROL NMOC,2,2,dp_icao,TILLY
TIMAK,EUROCONTROL NMOC,2,2,"dp_icao,dp_adhp",TIMAK
TIN,CIVIL AVIATION AUTHORITY OF THE PHILIPPINES,2,2,dp_other,"TINAMBAC,TINAGAKAN"
TINTO,EUROCONTROL NMOC,2,2,dp_icao,TINTO
TL051,EUROCONTROL NMOC,2,2,"dp_adhp,dp_other",TL051
TL053,EUROCONTROL NMOC,2,2,"dp_adhp,dp_other",TL053 / 6.0 DME LRD
TL055,EUROCONTROL NMOC,2,2,"dp_adhp,dp_other",TL055
TOLAN,EUROCONTROL NMOC,2,2,dp_icao,TOLAN
TOLGA,EUROCONTROL NMOC,2,2,dp_icao,TOLGA
TOMIE,EUROCONTROL NMOC,2,2,dp_icao,TOMIE
TOMUD,EUROCONTROL NMOC,2,2,dp_icao,TOMUD
TONIC,EUROCONTROL NMOC,2,2,dp_icao,TONIC
TONIK,EUROCONTROL NMOC,2,2,dp_icao,TONIK
TONIO,EUROCONTROL NMOC,2,2,dp_icao,TONIO
TOPAZ,EUROCONTROL NMOC,2,2,dp_icao,TOPAZ
TOSAM,EUROCONTROL NMOC,2,2,dp_icao,TOSAM
TOSAS,EUROCONTROL NMOC,2,2,dp_icao,TOSAS
TP3,EUROCONTROL NMOC,2,2,dp_other,"TP 13.6 DME MUN,SID27 29.0 DME RID"
TP5,EUROCONTROL NMOC,2,2,dp_other,"TP 4.0 DME MAH,SID27 4.0 DME MND"
TRACY,EUROCONTROL NMOC,2,2,dp_icao,TRACY
TRAPI,EUROCONTROL NMOC,2,2,dp_icao,TRAPI
TRECE,CIVIL AVIATION AUTHORITY OF THE PHILIPPINES,2,2,"dp_adhp,dp_other","TRECE,TRECE MARTIRES"
TRIKE,EUROCONTROL NMOC,2,2,dp_icao,TRIKE
TRINA,EUROCONTROL NMOC,2,2,dp_icao,TRINA
TUBAY,CIVIL AVIATION AUTHORITY OF THE PHILIPPINES,2,2,"dp_adhp,dp_other","TUBAY,TUBAY SHORELINE"
TUBBY,EUROCONTROL NMOC,2,2,dp_icao,TUBBY
TYLER,EUROCONTROL NMOC,2,2,dp_icao,TYLER
UNARI,EUROCONTROL NMOC,2,2,dp_icao,UNARI
UNKER,EUROCONTROL NMOC,2,2,dp_icao,UNKER
UNUTU,EUROCONTROL NMOC,2,2,dp_icao,UNUTU
UPNOR,EUROCONTROL NMOC,2,2,"dp_icao,dp_other","UPNOR,NORTH"
URMAN,EUROCONTROL NMOC,2,2,dp_icao,URMAN
USAGA,EUROCONTROL NMOC,2,2,dp_icao,USAGA
USUBA,EUROCONTROL NMOC,2,2,dp_icao,USUBA
USUNO,EUROCONTROL NMOC,2,2,dp_icao,USUNO
UTIMA,EUROCONTROL NMOC,2,2,dp_icao,UTIMA
UTVEX,EUROCONTROL NMOC,2,2,dp_icao,UTVEX
VADAR,EUROCONTROL NMOC,2,2,dp_icao,VADAR
VADEN,EUROCONTROL NMOC,2,2,dp_icao,VADEN
VAMOS,EUROCONTROL NMOC,2,2,dp_icao,VAMOS
VELLA,EUROCONTROL NMOC,2,2,dp_icao,VELLA
VERDI,EUROCONTROL NMOC,2,2,dp_icao,VERDI
VESEL,EUROCONTROL NMOC,2,2,dp_icao,VESEL
VEXOD,EUROCONTROL NMOC,2,2,dp_icao,VEXOD
VFA07,EUROCONTROL NMOC,2,2,dp_other,"VFA287007,VFA090007"
VICKI,EUROCONTROL NMOC,2,2,dp_icao,VICKI
VICKY,EUROCONTROL NMOC,2,2,dp_icao,VICKY
VICMA,EUROCONTROL NMOC,2,2,dp_icao,VICMA
VIOLA,EUROCONTROL NMOC,2,2,dp_icao,VIOLA
VISTA,EUROCONTROL NMOC,2,2,dp_icao,VISTA
VIXEN,EUROCONTROL NMOC,2,2,dp_icao,VIXEN
VLV25,NAV CANADA,2,2,dp_other,"VLV104025,VLV083025"
VS378,AIRWAYS CORPORATION OF NEW ZEALAND LTD,2,2,dp_other,"CIRCLES,COW SHEDS"
VZU08,EUROCONTROL NMOC,2,2,dp_other,"VZU244008,VZU290008"
W3,AUSTRO CONTROL GMBH,2,2,dp_other,"W3 (LOWK),W3 (LOAU)"
WAKSA,EUROCONTROL NMOC,2,2,dp_icao,WAKSA
WALIN,EUROCONTROL NMOC,2,2,dp_icao,WALIN
WARTY,EUROCONTROL NMOC,2,2,dp_icao,WARTY
WASPY,EUROCONTROL NMOC,2,2,dp_icao,WASPY
WATCH,EUROCONTROL NMOC,2,2,dp_icao,WATCH
WAVES,EUROCONTROL NMOC,2,2,dp_icao,WAVES
WEMAR,EUROCONTROL NMOC,2,2,dp_icao,WEMAR
WESTY,EUROCONTROL NMOC,2,2,dp_icao,WESTY
WHARF,EUROCONTROL NMOC,2,2,dp_icao,WHARF
WHITE,EUROCONTROL NMOC,2,2,dp_icao,WHITE
WILBA,EUROCONTROL NMOC,2,2,dp_icao,WILBA
WILLO,EUROCONTROL NMOC,2,2,dp_icao,WILLO
WIMPY,EUROCONTROL NMOC,2,2,dp_icao,WIMPY
WISKY,SKEYES,2,2,dp_adhp,"EBAW VFR REP POINT WISKY,EBLG VFR REP POINT WISKY"
WM001,EUROCONTROL NMOC,2,2,dp_other,"KUANTAN TMA BOUNDARY WEST,ECHO"
WOODY,EUROCONTROL NMOC,2,2,dp_icao,WOODY
X,AUSTRO CONTROL GMBH,2,2,dp_other,"X (LOAV),X (LOAU)"
YOGGI,EUROCONTROL NMOC,2,2,dp_icao,YOGGI
YOHKO,EUROCONTROL NMOC,2,2,dp_icao,YOHKO
YUCCA,EUROCONTROL NMOC,2,2,dp_icao,YUCCA
YUTAN,EUROCONTROL NMOC,2,2,dp_icao,YUTAN
ZAKMI,EUROCONTROL NMOC,2,2,dp_icao,ZAKMI
ZIPPY,EUROCONTROL NMOC,2,2,dp_icao,ZIPPY
ZUDUX,EUROCONTROL NMOC,2,2,"dp_icao,dp_adhp",ZUDUX
