stage,layer,record_identifier,field,value,violation,severity
2A,navaidComponents,JEPP_MKR_AV_LF_OUTER,ident,AV/LF,marker_ebeveyn_loc_ils_bulunamadi,warning
2A,navaidComponents,JEPP_MKR_BJ_HB_MIDDLE,ident,BJ/HB,marker_ebeveyn_loc_ils_bulunamadi,warning
2A,navaidComponents,JEPP_MKR_BJ_HB_OUTER,ident,BJ/HB,marker_ebeveyn_loc_ils_bulunamadi,warning
2A,navaidComponents,JEPP_MKR_CAA_LF_MIDDLE,ident,CAA/LF,marker_ebeveyn_loc_ils_bulunamadi,warning
2A,navaidComponents,JEPP_MKR_CF_LK_MIDDLE,ident,CF/LK,marker_ebeveyn_loc_ils_bulunamadi,warning
2A,navaidComponents,JEPP_MKR_CF_LK_OUTER,ident,CF/LK,marker_ebeveyn_loc_ils_bulunamadi,warning
2A,navaidComponents,JEPP_MKR_CGC_LF_MIDDLE,ident,CGC/LF,marker_ebeveyn_loc_ils_bulunamadi,warning
2A,navaidComponents,JEPP_MKR_CGC_LF_OUTER,ident,CGC/LF,marker_ebeveyn_loc_ils_bulunamadi,warning
2A,navaidComponents,JEPP_MKR_CKL_LJ_MIDDLE,ident,CKL/LJ,marker_ebeveyn_loc_ils_bulunamadi,warning
2A,navaidComponents,JEPP_MKR_CKL_LJ_OUTER,ident,CKL/LJ,marker_ebeveyn_loc_ils_bulunamadi,warning
2A,navaidComponents,JEPP_MKR_CN_LZ_MIDDLE,ident,CN/LZ,marker_ebeveyn_loc_ils_bulunamadi,warning
2A,navaidComponents,JEPP_MKR_EKN_ES_MIDDLE,ident,EKN/ES,marker_ebeveyn_loc_ils_bulunamadi,warning
2A,navaidComponents,JEPP_MKR_EKN_ES_OUTER,ident,EKN/ES,marker_ebeveyn_loc_ils_bulunamadi,warning
2A,navaidComponents,JEPP_MKR_ES_SA_MIDDLE,ident,ES/SA,marker_ebeveyn_loc_ils_bulunamadi,warning
2A,navaidComponents,JEPP_MKR_EVX_LF_MIDDLE,ident,EVX/LF,marker_ebeveyn_loc_ils_bulunamadi,warning
2A,navaidComponents,JEPP_MKR_EVX_LF_OUTER,ident,EVX/LF,marker_ebeveyn_loc_ils_bulunamadi,warning
2A,navaidComponents,JEPP_MKR_FEE_LI_MIDDLE,ident,FEE/LI,marker_ebeveyn_loc_ils_bulunamadi,warning
2A,navaidComponents,JEPP_MKR_FEE_LI_OUTER,ident,FEE/LI,marker_ebeveyn_loc_ils_bulunamadi,warning
2A,navaidComponents,JEPP_MKR_FS_LZ_MIDDLE,ident,FS/LZ,marker_ebeveyn_loc_ils_bulunamadi,warning
2A,navaidComponents,JEPP_MKR_FS_LZ_OUTER,ident,FS/LZ,marker_ebeveyn_loc_ils_bulunamadi,warning
2A,navaidComponents,JEPP_MKR_FSS_LI_MIDDLE,ident,FSS/LI,marker_ebeveyn_loc_ils_bulunamadi,warning
2A,navaidComponents,JEPP_MKR_IAAM_K3_OUTER,ident,IAAM/K3,marker_ebeveyn_loc_ils_bulunamadi,warning
2A,navaidComponents,JEPP_MKR_IAAY_K4_INNER,ident,IAAY/K4,marker_ebeveyn_loc_ils_bulunamadi,warning
2A,navaidComponents,JEPP_MKR_IABD_WA_INNER,ident,IABD/WA,marker_ebeveyn_loc_ils_bulunamadi,warning
2A,navaidComponents,JEPP_MKR_IABR_K3_OUTER,ident,IABR/K3,marker_ebeveyn_loc_ils_bulunamadi,warning
2A,navaidComponents,JEPP_MKR_IABU_K5_INNER,ident,IABU/K5,marker_ebeveyn_loc_ils_bulunamadi,warning
2A,navaidComponents,JEPP_MKR_IAD_UU_MIDDLE,ident,IAD/UU,marker_ebeveyn_loc_ils_bulunamadi,warning
2A,navaidComponents,JEPP_MKR_IAD_UU_OUTER,ident,IAD/UU,marker_ebeveyn_loc_ils_bulunamadi,warning
2A,navaidComponents,JEPP_MKR_IAEG_K2_OUTER,ident,IAEG/K2,marker_ebeveyn_loc_ils_bulunamadi,warning
2A,navaidComponents,JEPP_MKR_IAG_RJ_MIDDLE,ident,IAG/RJ,marker_ebeveyn_loc_ils_bulunamadi,warning
2A,navaidComponents,JEPP_MKR_IAGS_K7_OUTER,ident,IAGS/K7,marker_ebeveyn_loc_ils_bulunamadi,warning
2A,navaidComponents,JEPP_MKR_IAID_K5_OUTER,ident,IAID/K5,marker_ebeveyn_loc_ils_bulunamadi,warning
2A,navaidComponents,JEPP_MKR_IAJQ_K4_INNER,ident,IAJQ/K4,marker_ebeveyn_loc_ils_bulunamadi,warning
2A,navaidComponents,JEPP_MKR_IAKR_K5_OUTER,ident,IAKR/K5,marker_ebeveyn_loc_ils_bulunamadi,warning
2A,navaidComponents,JEPP_MKR_IALE_OS_OUTER,ident,IALE/OS,marker_ebeveyn_loc_ils_bulunamadi,warning
2A,navaidComponents,JEPP_MKR_IALF_LI_MIDDLE,ident,IALF/LI,marker_ebeveyn_loc_ils_bulunamadi,warning
2A,navaidComponents,JEPP_MKR_IALW_ED_MIDDLE,ident,IALW/ED,marker_ebeveyn_loc_ils_bulunamadi,warning
2A,navaidComponents,JEPP_MKR_IALW_ED_OUTER,ident,IALW/ED,marker_ebeveyn_loc_ils_bulunamadi,warning
2A,navaidComponents,JEPP_MKR_IALW_K1_OUTER,ident,IALW/K1,marker_ebeveyn_loc_ils_bulunamadi,warning
2A,navaidComponents,JEPP_MKR_IAM_US_MIDDLE,ident,IAM/US,marker_ebeveyn_loc_ils_bulunamadi,warning
2A,navaidComponents,JEPP_MKR_IAM_US_OUTER,ident,IAM/US,marker_ebeveyn_loc_ils_bulunamadi,warning
2A,navaidComponents,JEPP_MKR_IAMA_K4_OUTER,ident,IAMA/K4,marker_ebeveyn_loc_ils_bulunamadi,warning
2A,navaidComponents,JEPP_MKR_IAMP_K7_INNER,ident,IAMP/K7,marker_ebeveyn_loc_ils_bulunamadi,warning
2A,navaidComponents,JEPP_MKR_IAN_SB_MIDDLE,ident,IAN/SB,marker_ebeveyn_loc_ils_bulunamadi,warning
2A,navaidComponents,JEPP_MKR_IAN_SB_OUTER,ident,IAN/SB,marker_ebeveyn_loc_ils_bulunamadi,warning
2A,navaidComponents,JEPP_MKR_IANB_K7_OUTER,ident,IANB/K7,marker_ebeveyn_loc_ils_bulunamadi,warning
2A,navaidComponents,JEPP_MKR_IAND_K7_MIDDLE,ident,IAND/K7,marker_ebeveyn_loc_ils_bulunamadi,warning
2A,navaidComponents,JEPP_MKR_IAOH_K5_MIDDLE,ident,IAOH/K5,marker_ebeveyn_loc_ils_bulunamadi,warning
2A,navaidComponents,JEPP_MKR_IAOO_K6_OUTER,ident,IAOO/K6,marker_ebeveyn_loc_ils_bulunamadi,warning
2A,navaidComponents,JEPP_MKR_IAPN_K5_OUTER,ident,IAPN/K5,marker_ebeveyn_loc_ils_bulunamadi,warning
2A,navaidComponents,JEPP_MKR_IAQZ_K5_OUTER,ident,IAQZ/K5,marker_ebeveyn_loc_ils_bulunamadi,warning
2A,navaidComponents,JEPP_MKR_IAS_YM_MIDDLE,ident,IAS/YM,marker_ebeveyn_loc_ils_bulunamadi,warning
2A,navaidComponents,JEPP_MKR_IAS_YM_OUTER,ident,IAS/YM,marker_ebeveyn_loc_ils_bulunamadi,warning
2A,navaidComponents,JEPP_MKR_IATD_K5_INNER,ident,IATD/K5,marker_ebeveyn_loc_ils_bulunamadi,warning
2A,navaidComponents,JEPP_MKR_IATD_K5_OUTER,ident,IATD/K5,marker_ebeveyn_loc_ils_bulunamadi,warning
2A,navaidComponents,JEPP_MKR_IAUG_K6_OUTER,ident,IAUG/K6,marker_ebeveyn_loc_ils_bulunamadi,warning
2A,navaidComponents,JEPP_MKR_IAWO_K1_OUTER,ident,IAWO/K1,marker_ebeveyn_loc_ils_bulunamadi,warning
2A,navaidComponents,JEPP_MKR_IAYS_K7_OUTER,ident,IAYS/K7,marker_ebeveyn_loc_ils_bulunamadi,warning
2A,navaidComponents,JEPP_MKR_IAZ_UL_MIDDLE,ident,IAZ/UL,marker_ebeveyn_loc_ils_bulunamadi,warning
2A,navaidComponents,JEPP_MKR_IAZ_UL_OUTER,ident,IAZ/UL,marker_ebeveyn_loc_ils_bulunamadi,warning
2A,navaidComponents,JEPP_MKR_IAZO_K5_OUTER,ident,IAZO/K5,marker_ebeveyn_loc_ils_bulunamadi,warning
2A,navaidComponents,JEPP_MKR_IBA_OS_OUTER,ident,IBA/OS,marker_ebeveyn_loc_ils_bulunamadi,warning
2A,navaidComponents,JEPP_MKR_IBAC_WI_MIDDLE,ident,IBAC/WI,marker_ebeveyn_loc_ils_bulunamadi,warning
2A,navaidComponents,JEPP_MKR_IBAK_K5_OUTER,ident,IBAK/K5,marker_ebeveyn_loc_ils_bulunamadi,warning
2A,navaidComponents,JEPP_MKR_IBBW_ET_MIDDLE,ident,IBBW/ET,marker_ebeveyn_loc_ils_bulunamadi,warning
2A,navaidComponents,JEPP_MKR_IBBW_ET_OUTER,ident,IBBW/ET,marker_ebeveyn_loc_ils_bulunamadi,warning
2A,navaidComponents,JEPP_MKR_IBC_SB_INNER,ident,IBC/SB,marker_ebeveyn_loc_ils_bulunamadi,warning
2A,navaidComponents,JEPP_MKR_IBD_US_MIDDLE,ident,IBD/US,marker_ebeveyn_loc_ils_bulunamadi,warning
2A,navaidComponents,JEPP_MKR_IBD_US_OUTER,ident,IBD/US,marker_ebeveyn_loc_ils_bulunamadi,warning
2A,navaidComponents,JEPP_MKR_IBDM_WA_MIDDLE,ident,IBDM/WA,marker_ebeveyn_loc_ils_bulunamadi,warning
2A,navaidComponents,JEPP_MKR_IBDM_WA_OUTER,ident,IBDM/WA,marker_ebeveyn_loc_ils_bulunamadi,warning
2A,navaidComponents,JEPP_MKR_IBFD_K6_OUTER,ident,IBFD/K6,marker_ebeveyn_loc_ils_bulunamadi,warning
2A,navaidComponents,JEPP_MKR_IBGI_TB_MIDDLE,ident,IBGI/TB,marker_ebeveyn_loc_ils_bulunamadi,warning
2A,navaidComponents,JEPP_MKR_IBHM_K7_INNER,ident,IBHM/K7,marker_ebeveyn_loc_ils_bulunamadi,warning
2A,navaidComponents,JEPP_MKR_IBHM_K7_OUTER,ident,IBHM/K7,marker_ebeveyn_loc_ils_bulunamadi,warning
2A,navaidComponents,JEPP_MKR_IBIK_WA_MIDDLE,ident,IBIK/WA,marker_ebeveyn_loc_ils_bulunamadi,warning
2A,navaidComponents,JEPP_MKR_IBK_UN_MIDDLE,ident,IBK/UN,marker_ebeveyn_loc_ils_bulunamadi,warning
2A,navaidComponents,JEPP_MKR_IBK_UN_OUTER,ident,IBK/UN,marker_ebeveyn_loc_ils_bulunamadi,warning
2A,navaidComponents,JEPP_MKR_IBKL_WI_MIDDLE,ident,IBKL/WI,marker_ebeveyn_loc_ils_bulunamadi,warning
2A,navaidComponents,JEPP_MKR_IBKX_K3_OUTER,ident,IBKX/K3,marker_ebeveyn_loc_ils_bulunamadi,warning
2A,navaidComponents,JEPP_MKR_IBMA_K3_INNER,ident,IBMA/K3,marker_ebeveyn_loc_ils_bulunamadi,warning
2A,navaidComponents,JEPP_MKR_IBMI_K5_OUTER,ident,IBMI/K5,marker_ebeveyn_loc_ils_bulunamadi,warning
2A,navaidComponents,JEPP_MKR_IBNA_K7_INNER,ident,IBNA/K7,marker_ebeveyn_loc_ils_bulunamadi,warning
2A,navaidComponents,JEPP_MKR_IBON_K7_OUTER,ident,IBON/K7,marker_ebeveyn_loc_ils_bulunamadi,warning
2A,navaidComponents,JEPP_MKR_IBPN_WA_MIDDLE,ident,IBPN/WA,marker_ebeveyn_loc_ils_bulunamadi,warning
2A,navaidComponents,JEPP_MKR_IBPT_K4_OUTER,ident,IBPT/K4,marker_ebeveyn_loc_ils_bulunamadi,warning
2A,navaidComponents,JEPP_MKR_IBRD_K3_OUTER,ident,IBRD/K3,marker_ebeveyn_loc_ils_bulunamadi,warning
2A,navaidComponents,JEPP_MKR_IBRL_K3_OUTER,ident,IBRL/K3,marker_ebeveyn_loc_ils_bulunamadi,warning
2A,navaidComponents,JEPP_MKR_IBRM_LI_MIDDLE,ident,IBRM/LI,marker_ebeveyn_loc_ils_bulunamadi,warning
2A,navaidComponents,JEPP_MKR_IBRO_K4_OUTER,ident,IBRO/K4,marker_ebeveyn_loc_ils_bulunamadi,warning
2A,navaidComponents,JEPP_MKR_IBRW_ED_MIDDLE,ident,IBRW/ED,marker_ebeveyn_loc_ils_bulunamadi,warning
2A,navaidComponents,JEPP_MKR_IBS_LI_MIDDLE,ident,IBS/LI,marker_ebeveyn_loc_ils_bulunamadi,warning
2A,navaidComponents,JEPP_MKR_IBS_UI_MIDDLE,ident,IBS/UI,marker_ebeveyn_loc_ils_bulunamadi,warning
2A,navaidComponents,JEPP_MKR_IBS_UI_OUTER,ident,IBS/UI,marker_ebeveyn_loc_ils_bulunamadi,warning
2A,navaidComponents,JEPP_MKR_IBTL_K5_OUTER,ident,IBTL/K5,marker_ebeveyn_loc_ils_bulunamadi,warning
2A,navaidComponents,JEPP_MKR_IBTM_WI_MIDDLE,ident,IBTM/WI,marker_ebeveyn_loc_ils_bulunamadi,warning
2A,navaidComponents,JEPP_MKR_IBTR_K4_OUTER,ident,IBTR/K4,marker_ebeveyn_loc_ils_bulunamadi,warning
2A,navaidComponents,JEPP_MKR_IBUF_K6_OUTER,ident,IBUF/K6,marker_ebeveyn_loc_ils_bulunamadi,warning
2A,navaidComponents,JEPP_MKR_IBUI_K7_MIDDLE,ident,IBUI/K7,marker_ebeveyn_loc_ils_bulunamadi,warning
2A,navaidComponents,JEPP_MKR_IBUI_K7_OUTER,ident,IBUI/K7,marker_ebeveyn_loc_ils_bulunamadi,warning
2A,navaidComponents,JEPP_MKR_IBUR_K2_OUTER,ident,IBUR/K2,marker_ebeveyn_loc_ils_bulunamadi,warning
2A,navaidComponents,JEPP_MKR_IBUZ_K5_OUTER,ident,IBUZ/K5,marker_ebeveyn_loc_ils_bulunamadi,warning
2A,navaidComponents,JEPP_MKR_IBVI_K6_OUTER,ident,IBVI/K6,marker_ebeveyn_loc_ils_bulunamadi,warning
2A,navaidComponents,JEPP_MKR_IBW_UU_MIDDLE,ident,IBW/UU,marker_ebeveyn_loc_ils_bulunamadi,warning
2A,navaidComponents,JEPP_MKR_IBW_UU_OUTER,ident,IBW/UU,marker_ebeveyn_loc_ils_bulunamadi,warning
2A,navaidComponents,JEPP_MKR_IBWD_K4_OUTER,ident,IBWD/K4,marker_ebeveyn_loc_ils_bulunamadi,warning
2A,navaidComponents,JEPP_MKR_IBWG_K5_OUTER,ident,IBWG/K5,marker_ebeveyn_loc_ils_bulunamadi,warning
2A,navaidComponents,JEPP_MKR_IBY_UM_MIDDLE,ident,IBY/UM,marker_ebeveyn_loc_ils_bulunamadi,warning
2A,navaidComponents,JEPP_MKR_IBY_UM_OUTER,ident,IBY/UM,marker_ebeveyn_loc_ils_bulunamadi,warning
2A,navaidComponents,JEPP_MKR_IBZU_K4_INNER,ident,IBZU/K4,marker_ebeveyn_loc_ils_bulunamadi,warning
2A,navaidComponents,JEPP_MKR_IBZX_K3_OUTER,ident,IBZX/K3,marker_ebeveyn_loc_ils_bulunamadi,warning
2A,navaidComponents,JEPP_MKR_ICAC_K3_OUTER,ident,ICAC/K3,marker_ebeveyn_loc_ils_bulunamadi,warning
2A,navaidComponents,JEPP_MKR_ICAK_K5_OUTER,ident,ICAK/K5,marker_ebeveyn_loc_ils_bulunamadi,warning
2A,navaidComponents,JEPP_MKR_ICB_RJ_MIDDLE,ident,ICB/RJ,marker_ebeveyn_loc_ils_bulunamadi,warning
2A,navaidComponents,JEPP_MKR_ICC_WS_MIDDLE,ident,ICC/WS,marker_ebeveyn_loc_ils_bulunamadi,warning
2A,navaidComponents,JEPP_MKR_ICE_WS_MIDDLE,ident,ICE/WS,marker_ebeveyn_loc_ils_bulunamadi,warning
2A,navaidComponents,JEPP_MKR_ICEW_K7_OUTER,ident,ICEW/K7,marker_ebeveyn_loc_ils_bulunamadi,warning
2A,navaidComponents,JEPP_MKR_ICG_UT_MIDDLE,ident,ICG/UT,marker_ebeveyn_loc_ils_bulunamadi,warning
2A,navaidComponents,JEPP_MKR_ICG_UT_OUTER,ident,ICG/UT,marker_ebeveyn_loc_ils_bulunamadi,warning
2A,navaidComponents,JEPP_MKR_ICG_ZB_MIDDLE,ident,ICG/ZB,marker_ebeveyn_loc_ils_bulunamadi,warning
2A,navaidComponents,JEPP_MKR_ICG_ZB_OUTER,ident,ICG/ZB,marker_ebeveyn_loc_ils_bulunamadi,warning
2A,navaidComponents,JEPP_MKR_ICGF_K5_MIDDLE,ident,ICGF/K5,marker_ebeveyn_loc_ils_bulunamadi,warning
2A,navaidComponents,JEPP_MKR_ICGI_K3_OUTER,ident,ICGI/K3,marker_ebeveyn_loc_ils_bulunamadi,warning
2A,navaidComponents,JEPP_MKR_ICGW_K7_OUTER,ident,ICGW/K7,marker_ebeveyn_loc_ils_bulunamadi,warning
2A,navaidComponents,JEPP_MKR_ICH_WS_MIDDLE,ident,ICH/WS,marker_ebeveyn_loc_ils_bulunamadi,warning
2A,navaidComponents,JEPP_MKR_ICHA_K7_OUTER,ident,ICHA/K7,marker_ebeveyn_loc_ils_bulunamadi,warning
2A,navaidComponents,JEPP_MKR_ICHS_K7_OUTER,ident,ICHS/K7,marker_ebeveyn_loc_ils_bulunamadi,warning
2A,navaidComponents,JEPP_MKR_ICIU_K5_OUTER,ident,ICIU/K5,marker_ebeveyn_loc_ils_bulunamadi,warning
2A,navaidComponents,JEPP_MKR_ICJF_K5_OUTER,ident,ICJF/K5,marker_ebeveyn_loc_ils_bulunamadi,warning
2A,navaidComponents,JEPP_MKR_ICJN_K5_INNER,ident,ICJN/K5,marker_ebeveyn_loc_ils_bulunamadi,warning
2A,navaidComponents,JEPP_MKR_ICJU_RK_INNER,ident,ICJU/RK,marker_ebeveyn_loc_ils_bulunamadi,warning
2A,navaidComponents,JEPP_MKR_ICKB_K6_OUTER,ident,ICKB/K6,marker_ebeveyn_loc_ils_bulunamadi,warning
2A,navaidComponents,JEPP_MKR_ICKV_K7_OUTER,ident,ICKV/K7,marker_ebeveyn_loc_ils_bulunamadi,warning
2A,navaidComponents,JEPP_MKR_ICMI_K5_OUTER,ident,ICMI/K5,marker_ebeveyn_loc_ils_bulunamadi,warning
2A,navaidComponents,JEPP_MKR_ICMS_LI_MIDDLE,ident,ICMS/LI,marker_ebeveyn_loc_ils_bulunamadi,warning
2A,navaidComponents,JEPP_MKR_ICMX_K5_OUTER,ident,ICMX/K5,marker_ebeveyn_loc_ils_bulunamadi,warning
2A,navaidComponents,JEPP_MKR_ICNA_PA_INNER,ident,ICNA/PA,marker_ebeveyn_loc_ils_bulunamadi,warning
2A,navaidComponents,JEPP_MKR_ICON_K6_OUTER,ident,ICON/K6,marker_ebeveyn_loc_ils_bulunamadi,warning
2A,navaidComponents,JEPP_MKR_ICPQ_K5_OUTER,ident,ICPQ/K5,marker_ebeveyn_loc_ils_bulunamadi,warning
2A,navaidComponents,JEPP_MKR_ICPS_K5_OUTER,ident,ICPS/K5,marker_ebeveyn_loc_ils_bulunamadi,warning
2A,navaidComponents,JEPP_MKR_ICR_UW_MIDDLE,ident,ICR/UW,marker_ebeveyn_loc_ils_bulunamadi,warning
2A,navaidComponents,JEPP_MKR_ICR_UW_OUTER,ident,ICR/UW,marker_ebeveyn_loc_ils_bulunamadi,warning
2A,navaidComponents,JEPP_MKR_ICS_RJ_INNER,ident,ICS/RJ,marker_ebeveyn_loc_ils_bulunamadi,warning
2A,navaidComponents,JEPP_MKR_ICSG_K7_OUTER,ident,ICSG/K7,marker_ebeveyn_loc_ils_bulunamadi,warning
2A,navaidComponents,JEPP_MKR_ICSV_K7_OUTER,ident,ICSV/K7,marker_ebeveyn_loc_ils_bulunamadi,warning
2A,navaidComponents,JEPP_MKR_ICT_SB_INNER,ident,ICT/SB,marker_ebeveyn_loc_ils_bulunamadi,warning
2A,navaidComponents,JEPP_MKR_ICVD_K2_OUTER,ident,ICVD/K2,marker_ebeveyn_loc_ils_bulunamadi,warning
2A,navaidComponents,JEPP_MKR_ICVG_K5_INNER,ident,ICVG/K5,marker_ebeveyn_loc_ils_bulunamadi,warning
2A,navaidComponents,JEPP_MKR_ICW_WS_MIDDLE,ident,ICW/WS,marker_ebeveyn_loc_ils_bulunamadi,warning
2A,navaidComponents,JEPP_MKR_ICWA_K5_MIDDLE,ident,ICWA/K5,marker_ebeveyn_loc_ils_bulunamadi,warning
2A,navaidComponents,JEPP_MKR_ICX_WS_MIDDLE,ident,ICX/WS,marker_ebeveyn_loc_ils_bulunamadi,warning
2A,navaidComponents,JEPP_MKR_ICXO_K4_OUTER,ident,ICXO/K4,marker_ebeveyn_loc_ils_bulunamadi,warning
2A,navaidComponents,JEPP_MKR_ICZ_WS_MIDDLE,ident,ICZ/WS,marker_ebeveyn_loc_ils_bulunamadi,warning
2A,navaidComponents,JEPP_MKR_IDA_OS_OUTER,ident,IDA/OS,marker_ebeveyn_loc_ils_bulunamadi,warning
2A,navaidComponents,JEPP_MKR_IDAN_K6_OUTER,ident,IDAN/K6,marker_ebeveyn_loc_ils_bulunamadi,warning
2A,navaidComponents,JEPP_MKR_IDDV_K5_INNER,ident,IDDV/K5,marker_ebeveyn_loc_ils_bulunamadi,warning
2A,navaidComponents,JEPP_MKR_IDDV_K5_OUTER,ident,IDDV/K5,marker_ebeveyn_loc_ils_bulunamadi,warning
2A,navaidComponents,JEPP_MKR_IDEC_K5_BACKCOURSE,ident,IDEC/K5,marker_ebeveyn_loc_ils_bulunamadi,warning
2A,navaidComponents,JEPP_MKR_IDEC_K5_OUTER,ident,IDEC/K5,marker_ebeveyn_loc_ils_bulunamadi,warning
2A,navaidComponents,JEPP_MKR_IDEL_WI_MIDDLE,ident,IDEL/WI,marker_ebeveyn_loc_ils_bulunamadi,warning
2A,navaidComponents,JEPP_MKR_IDES_WI_MIDDLE,ident,IDES/WI,marker_ebeveyn_loc_ils_bulunamadi,warning
2A,navaidComponents,JEPP_MKR_IDF_SB_INNER,ident,IDF/SB,marker_ebeveyn_loc_ils_bulunamadi,warning
2A,navaidComponents,JEPP_MKR_IDHN_K7_OUTER,ident,IDHN/K7,marker_ebeveyn_loc_ils_bulunamadi,warning
2A,navaidComponents,JEPP_MKR_IDKX_K7_OUTER,ident,IDKX/K7,marker_ebeveyn_loc_ils_bulunamadi,warning
2A,navaidComponents,JEPP_MKR_IDLH_K3_INNER,ident,IDLH/K3,marker_ebeveyn_loc_ils_bulunamadi,warning
2A,navaidComponents,JEPP_MKR_IDLH_K3_OUTER,ident,IDLH/K3,marker_ebeveyn_loc_ils_bulunamadi,warning
2A,navaidComponents,JEPP_MKR_IDLX_K6_INNER,ident,IDLX/K6,marker_ebeveyn_loc_ils_bulunamadi,warning
2A,navaidComponents,JEPP_MKR_IDNV_K5_OUTER,ident,IDNV/K5,marker_ebeveyn_loc_ils_bulunamadi,warning
2A,navaidComponents,JEPP_MKR_IDPP_K2_INNER,ident,IDPP/K2,marker_ebeveyn_loc_ils_bulunamadi,warning
2A,navaidComponents,JEPP_MKR_IDQG_K7_INNER,ident,IDQG/K7,marker_ebeveyn_loc_ils_bulunamadi,warning
2A,navaidComponents,JEPP_MKR_IDRT_K4_OUTER,ident,IDRT/K4,marker_ebeveyn_loc_ils_bulunamadi,warning
2A,navaidComponents,JEPP_MKR_IDSM_K3_INNER,ident,IDSM/K3,marker_ebeveyn_loc_ils_bulunamadi,warning
2A,navaidComponents,JEPP_MKR_IDTO_K4_OUTER,ident,IDTO/K4,marker_ebeveyn_loc_ils_bulunamadi,warning
2A,navaidComponents,JEPP_MKR_IDU_LD_MIDDLE,ident,IDU/LD,marker_ebeveyn_loc_ils_bulunamadi,warning
2A,navaidComponents,JEPP_MKR_IDUJ_K6_OUTER,ident,IDUJ/K6,marker_ebeveyn_loc_ils_bulunamadi,warning
2A,navaidComponents,JEPP_MKR_IDVR_K6_OUTER,ident,IDVR/K6,marker_ebeveyn_loc_ils_bulunamadi,warning
2A,navaidComponents,JEPP_MKR_IDVS_K5_OUTER,ident,IDVS/K5,marker_ebeveyn_loc_ils_bulunamadi,warning
2A,navaidComponents,JEPP_MKR_IDWE_ED_MIDDLE,ident,IDWE/ED,marker_ebeveyn_loc_ils_bulunamadi,warning
2A,navaidComponents,JEPP_MKR_IDWE_ED_OUTER,ident,IDWE/ED,marker_ebeveyn_loc_ils_bulunamadi,warning
2A,navaidComponents,JEPP_MKR_IDXU_K2_INNER,ident,IDXU/K2,marker_ebeveyn_loc_ils_bulunamadi,warning
2A,navaidComponents,JEPP_MKR_IEDI_K3_INNER,ident,IEDI/K3,marker_ebeveyn_loc_ils_bulunamadi,warning
2A,navaidComponents,JEPP_MKR_IEEI_K5_INNER,ident,IEEI/K5,marker_ebeveyn_loc_ils_bulunamadi,warning
2A,navaidComponents,JEPP_MKR_IEEZ_K3_OUTER,ident,IEEZ/K3,marker_ebeveyn_loc_ils_bulunamadi,warning
2A,navaidComponents,JEPP_MKR_IELD_K4_OUTER,ident,IELD/K4,marker_ebeveyn_loc_ils_bulunamadi,warning
2A,navaidComponents,JEPP_MKR_IESC_K5_OUTER,ident,IESC/K5,marker_ebeveyn_loc_ils_bulunamadi,warning
2A,navaidComponents,JEPP_MKR_IESF_K4_MIDDLE,ident,IESF/K4,marker_ebeveyn_loc_ils_bulunamadi,warning
2A,navaidComponents,JEPP_MKR_IEUG_K1_INNER,ident,IEUG/K1,marker_ebeveyn_loc_ils_bulunamadi,warning
2A,navaidComponents,JEPP_MKR_IEWB_K6_BACKCOURSE,ident,IEWB/K6,marker_ebeveyn_loc_ils_bulunamadi,warning
2A,navaidComponents,JEPP_MKR_IEWN_K7_OUTER,ident,IEWN/K7,marker_ebeveyn_loc_ils_bulunamadi,warning
2A,navaidComponents,JEPP_MKR_IFA_LI_MIDDLE,ident,IFA/LI,marker_ebeveyn_loc_ils_bulunamadi,warning
2A,navaidComponents,JEPP_MKR_IFFM_K3_MIDDLE,ident,IFFM/K3,marker_ebeveyn_loc_ils_bulunamadi,warning
2A,navaidComponents,JEPP_MKR_IFFM_K3_OUTER,ident,IFFM/K3,marker_ebeveyn_loc_ils_bulunamadi,warning
2A,navaidComponents,JEPP_MKR_IFHE_ED_MIDDLE,ident,IFHE/ED,marker_ebeveyn_loc_ils_bulunamadi,warning
2A,navaidComponents,JEPP_MKR_IFKL_K6_MIDDLE,ident,IFKL/K6,marker_ebeveyn_loc_ils_bulunamadi,warning
2A,navaidComponents,JEPP_MKR_IFKP_K5_OUTER,ident,IFKP/K5,marker_ebeveyn_loc_ils_bulunamadi,warning
2A,navaidComponents,JEPP_MKR_IFLL_LI_MIDDLE,ident,IFLL/LI,marker_ebeveyn_loc_ils_bulunamadi,warning
2A,navaidComponents,JEPP_MKR_IFLL_LI_OUTER,ident,IFLL/LI,marker_ebeveyn_loc_ils_bulunamadi,warning
2A,navaidComponents,JEPP_MKR_IFLQ_K4_INNER,ident,IFLQ/K4,marker_ebeveyn_loc_ils_bulunamadi,warning
2A,navaidComponents,JEPP_MKR_IFMY_K7_OUTER,ident,IFMY/K7,marker_ebeveyn_loc_ils_bulunamadi,warning
2A,navaidComponents,JEPP_MKR_IFN_NF_MIDDLE,ident,IFN/NF,marker_ebeveyn_loc_ils_bulunamadi,warning
2A,navaidComponents,JEPP_MKR_IFN_NF_OUTER,ident,IFN/NF,marker_ebeveyn_loc_ils_bulunamadi,warning
2A,navaidComponents,JEPP_MKR_IFN_UT_MIDDLE,ident,IFN/UT,marker_ebeveyn_loc_ils_bulunamadi,warning
2A,navaidComponents,JEPP_MKR_IFN_UT_OUTER,ident,IFN/UT,marker_ebeveyn_loc_ils_bulunamadi,warning
2A,navaidComponents,JEPP_MKR_IFOD_K3_OUTER,ident,IFOD/K3,marker_ebeveyn_loc_ils_bulunamadi,warning
2A,navaidComponents,JEPP_MKR_IFOG_K4_OUTER,ident,IFOG/K4,marker_ebeveyn_loc_ils_bulunamadi,warning
2A,navaidComponents,JEPP_MKR_IFQJ_K3_MIDDLE,ident,IFQJ/K3,marker_ebeveyn_loc_ils_bulunamadi,warning
2A,navaidComponents,JEPP_MKR_IFQJ_K3_OUTER,ident,IFQJ/K3,marker_ebeveyn_loc_ils_bulunamadi,warning
2A,navaidComponents,JEPP_MKR_IFRG_K6_OUTER,ident,IFRG/K6,marker_ebeveyn_loc_ils_bulunamadi,warning
2A,navaidComponents,JEPP_MKR_IFRR_LI_MIDDLE,ident,IFRR/LI,marker_ebeveyn_loc_ils_bulunamadi,warning
2A,navaidComponents,JEPP_MKR_IFRR_LI_OUTER,ident,IFRR/LI,marker_ebeveyn_loc_ils_bulunamadi,warning
2A,navaidComponents,JEPP_MKR_IFSD_K3_OUTER,ident,IFSD/K3,marker_ebeveyn_loc_ils_bulunamadi,warning
2A,navaidComponents,JEPP_MKR_IFSQ_K7_INNER,ident,IFSQ/K7,marker_ebeveyn_loc_ils_bulunamadi,warning
2A,navaidComponents,JEPP_MKR_IFTW_K4_OUTER,ident,IFTW/K4,marker_ebeveyn_loc_ils_bulunamadi,warning
2A,navaidComponents,JEPP_MKR_IFUN_K7_INNER,ident,IFUN/K7,marker_ebeveyn_loc_ils_bulunamadi,warning
2A,navaidComponents,JEPP_MKR_IFUQ_K3_OUTER,ident,IFUQ/K3,marker_ebeveyn_loc_ils_bulunamadi,warning
2A,navaidComponents,JEPP_MKR_IFZU_K3_OUTER,ident,IFZU/K3,marker_ebeveyn_loc_ils_bulunamadi,warning
2A,navaidComponents,JEPP_MKR_IGBD_K3_OUTER,ident,IGBD/K3,marker_ebeveyn_loc_ils_bulunamadi,warning
2A,navaidComponents,JEPP_MKR_IGBI_K6_OUTER,ident,IGBI/K6,marker_ebeveyn_loc_ils_bulunamadi,warning
2A,navaidComponents,JEPP_MKR_IGBY_K3_OUTER,ident,IGBY/K3,marker_ebeveyn_loc_ils_bulunamadi,warning
2A,navaidComponents,JEPP_MKR_IGFK_K3_OUTER,ident,IGFK/K3,marker_ebeveyn_loc_ils_bulunamadi,warning
2A,navaidComponents,JEPP_MKR_IGFL_K6_OUTER,ident,IGFL/K6,marker_ebeveyn_loc_ils_bulunamadi,warning
2A,navaidComponents,JEPP_MKR_IGH_SB_INNER,ident,IGH/SB,marker_ebeveyn_loc_ils_bulunamadi,warning
2A,navaidComponents,JEPP_MKR_IGH_SB_OUTER,ident,IGH/SB,marker_ebeveyn_loc_ils_bulunamadi,warning
2A,navaidComponents,JEPP_MKR_IGH_UM_MIDDLE,ident,IGH/UM,marker_ebeveyn_loc_ils_bulunamadi,warning
2A,navaidComponents,JEPP_MKR_IGH_UM_OUTER,ident,IGH/UM,marker_ebeveyn_loc_ils_bulunamadi,warning
2A,navaidComponents,JEPP_MKR_IGHI_K4_INNER,ident,IGHI/K4,marker_ebeveyn_loc_ils_bulunamadi,warning
2A,navaidComponents,JEPP_MKR_IGK_US_MIDDLE,ident,IGK/US,marker_ebeveyn_loc_ils_bulunamadi,warning
2A,navaidComponents,JEPP_MKR_IGK_US_OUTER,ident,IGK/US,marker_ebeveyn_loc_ils_bulunamadi,warning
2A,navaidComponents,JEPP_MKR_IGKJ_K6_OUTER,ident,IGKJ/K6,marker_ebeveyn_loc_ils_bulunamadi,warning
2A,navaidComponents,JEPP_MKR_IGLH_K7_OUTER,ident,IGLH/K7,marker_ebeveyn_loc_ils_bulunamadi,warning
2A,navaidComponents,JEPP_MKR_IGLR_K5_OUTER,ident,IGLR/K5,marker_ebeveyn_loc_ils_bulunamadi,warning
2A,navaidComponents,JEPP_MKR_IGM_UM_MIDDLE,ident,IGM/UM,marker_ebeveyn_loc_ils_bulunamadi,warning
2A,navaidComponents,JEPP_MKR_IGM_UM_OUTER,ident,IGM/UM,marker_ebeveyn_loc_ils_bulunamadi,warning
2A,navaidComponents,JEPP_MKR_IGMU_K7_OUTER,ident,IGMU/K7,marker_ebeveyn_loc_ils_bulunamadi,warning
2A,navaidComponents,JEPP_MKR_IGMX_K7_OUTER,ident,IGMX/K7,marker_ebeveyn_loc_ils_bulunamadi,warning
2A,navaidComponents,JEPP_MKR_IGPT_K7_OUTER,ident,IGPT/K7,marker_ebeveyn_loc_ils_bulunamadi,warning
2A,navaidComponents,JEPP_MKR_IGRB_K5_OUTER,ident,IGRB/K5,marker_ebeveyn_loc_ils_bulunamadi,warning
2A,navaidComponents,JEPP_MKR_IGRR_K5_OUTER,ident,IGRR/K5,marker_ebeveyn_loc_ils_bulunamadi,warning
2A,navaidComponents,JEPP_MKR_IGS_SB_INNER,ident,IGS/SB,marker_ebeveyn_loc_ils_bulunamadi,warning
2A,navaidComponents,JEPP_MKR_IGS_SB_MIDDLE,ident,IGS/SB,marker_ebeveyn_loc_ils_bulunamadi,warning
2A,navaidComponents,JEPP_MKR_IGT_UU_MIDDLE,ident,IGT/UU,marker_ebeveyn_loc_ils_bulunamadi,warning
2A,navaidComponents,JEPP_MKR_IGTR_K7_OUTER,ident,IGTR/K7,marker_ebeveyn_loc_ils_bulunamadi,warning
2A,navaidComponents,JEPP_MKR_IGUP_K2_OUTER,ident,IGUP/K2,marker_ebeveyn_loc_ils_bulunamadi,warning
2A,navaidComponents,JEPP_MKR_IGUT_K6_INNER,ident,IGUT/K6,marker_ebeveyn_loc_ils_bulunamadi,warning
2A,navaidComponents,JEPP_MKR_IGV_UR_MIDDLE,ident,IGV/UR,marker_ebeveyn_loc_ils_bulunamadi,warning
2A,navaidComponents,JEPP_MKR_IGVK_K5_OUTER,ident,IGVK/K5,marker_ebeveyn_loc_ils_bulunamadi,warning
2A,navaidComponents,JEPP_MKR_IGVQ_K6_OUTER,ident,IGVQ/K6,marker_ebeveyn_loc_ils_bulunamadi,warning
2A,navaidComponents,JEPP_MKR_IGWB_K5_OUTER,ident,IGWB/K5,marker_ebeveyn_loc_ils_bulunamadi,warning
2A,navaidComponents,JEPP_MKR_IGYI_K4_OUTER,ident,IGYI/K4,marker_ebeveyn_loc_ils_bulunamadi,warning
2A,navaidComponents,JEPP_MKR_IGZX_K5_OUTER,ident,IGZX/K5,marker_ebeveyn_loc_ils_bulunamadi,warning
2A,navaidComponents,JEPP_MKR_IHA_FV_MIDDLE,ident,IHA/FV,marker_ebeveyn_loc_ils_bulunamadi,warning
2A,navaidComponents,JEPP_MKR_IHA_FV_OUTER,ident,IHA/FV,marker_ebeveyn_loc_ils_bulunamadi,warning
2A,navaidComponents,JEPP_MKR_IHAE_ED_MIDDLE,ident,IHAE/ED,marker_ebeveyn_loc_ils_bulunamadi,warning
2A,navaidComponents,JEPP_MKR_IHAE_ED_OUTER,ident,IHAE/ED,marker_ebeveyn_loc_ils_bulunamadi,warning
2A,navaidComponents,JEPP_MKR_IHAL_WI_MIDDLE,ident,IHAL/WI,marker_ebeveyn_loc_ils_bulunamadi,warning
2A,navaidComponents,JEPP_MKR_IHAW_ED_MIDDLE,ident,IHAW/ED,marker_ebeveyn_loc_ils_bulunamadi,warning
2A,navaidComponents,JEPP_MKR_IHAW_ED_OUTER,ident,IHAW/ED,marker_ebeveyn_loc_ils_bulunamadi,warning
2A,navaidComponents,JEPP_MKR_IHD_UT_OUTER,ident,IHD/UT,marker_ebeveyn_loc_ils_bulunamadi,warning
2A,navaidComponents,JEPP_MKR_IHFW_K7_INNER,ident,IHFW/K7,marker_ebeveyn_loc_ils_bulunamadi,warning
2A,navaidComponents,JEPP_MKR_IHHE_ED_MIDDLE,ident,IHHE/ED,marker_ebeveyn_loc_ils_bulunamadi,warning
2A,navaidComponents,JEPP_MKR_IHIB_K3_OUTER,ident,IHIB/K3,marker_ebeveyn_loc_ils_bulunamadi,warning
2A,navaidComponents,JEPP_MKR_IHIH_K7_INNER,ident,IHIH/K7,marker_ebeveyn_loc_ils_bulunamadi,warning
2A,navaidComponents,JEPP_MKR_IHIH_K7_OUTER,ident,IHIH/K7,marker_ebeveyn_loc_ils_bulunamadi,warning
2A,navaidComponents,JEPP_MKR_IHIO_K1_MIDDLE,ident,IHIO/K1,marker_ebeveyn_loc_ils_bulunamadi,warning
2A,navaidComponents,JEPP_MKR_IHKY_K7_OUTER,ident,IHKY/K7,marker_ebeveyn_loc_ils_bulunamadi,warning
2A,navaidComponents,JEPP_MKR_IHKZ_K3_INNER,ident,IHKZ/K3,marker_ebeveyn_loc_ils_bulunamadi,warning
2A,navaidComponents,JEPP_MKR_IHNE_ED_MIDDLE,ident,IHNE/ED,marker_ebeveyn_loc_ils_bulunamadi,warning
2A,navaidComponents,JEPP_MKR_IHNW_ED_MIDDLE,ident,IHNW/ED,marker_ebeveyn_loc_ils_bulunamadi,warning
2A,navaidComponents,JEPP_MKR_IHON_K3_OUTER,ident,IHON/K3,marker_ebeveyn_loc_ils_bulunamadi,warning
2A,navaidComponents,JEPP_MKR_IHOT_K4_OUTER,ident,IHOT/K4,marker_ebeveyn_loc_ils_bulunamadi,warning
2A,navaidComponents,JEPP_MKR_IHOV_K3_OUTER,ident,IHOV/K3,marker_ebeveyn_loc_ils_bulunamadi,warning
2A,navaidComponents,JEPP_MKR_IHPF_K4_OUTER,ident,IHPF/K4,marker_ebeveyn_loc_ils_bulunamadi,warning
2A,navaidComponents,JEPP_MKR_IHQA_K6_OUTER,ident,IHQA/K6,marker_ebeveyn_loc_ils_bulunamadi,warning
2A,navaidComponents,JEPP_MKR_IHSP_K6_OUTER,ident,IHSP/K6,marker_ebeveyn_loc_ils_bulunamadi,warning
2A,navaidComponents,JEPP_MKR_IHSU_RC_MIDDLE,ident,IHSU/RC,marker_ebeveyn_loc_ils_bulunamadi,warning
2A,navaidComponents,JEPP_MKR_IHSW_ED_MIDDLE,ident,IHSW/ED,marker_ebeveyn_loc_ils_bulunamadi,warning
2A,navaidComponents,JEPP_MKR_IHUB_K4_INNER,ident,IHUB/K4,marker_ebeveyn_loc_ils_bulunamadi,warning
2A,navaidComponents,JEPP_MKR_IHUF_K5_OUTER,ident,IHUF/K5,marker_ebeveyn_loc_ils_bulunamadi,warning
2A,navaidComponents,JEPP_MKR_IHUT_K3_OUTER,ident,IHUT/K3,marker_ebeveyn_loc_ils_bulunamadi,warning
2A,navaidComponents,JEPP_MKR_IHV_UT_MIDDLE,ident,IHV/UT,marker_ebeveyn_loc_ils_bulunamadi,warning
2A,navaidComponents,JEPP_MKR_IHV_UT_OUTER,ident,IHV/UT,marker_ebeveyn_loc_ils_bulunamadi,warning
2A,navaidComponents,JEPP_MKR_IHVD_K5_INNER,ident,IHVD/K5,marker_ebeveyn_loc_ils_bulunamadi,warning
2A,navaidComponents,JEPP_MKR_IHVD_K5_OUTER,ident,IHVD/K5,marker_ebeveyn_loc_ils_bulunamadi,warning
2A,navaidComponents,JEPP_MKR_IHWM_K5_OUTER,ident,IHWM/K5,marker_ebeveyn_loc_ils_bulunamadi,warning
2A,navaidComponents,JEPP_MKR_IHWV_K6_OUTER,ident,IHWV/K6,marker_ebeveyn_loc_ils_bulunamadi,warning
2A,navaidComponents,JEPP_MKR_IHYS_K3_OUTER,ident,IHYS/K3,marker_ebeveyn_loc_ils_bulunamadi,warning
2A,navaidComponents,JEPP_MKR_IHZK_K7_OUTER,ident,IHZK/K7,marker_ebeveyn_loc_ils_bulunamadi,warning
2A,navaidComponents,JEPP_MKR_IIAC_K5_INNER,ident,IIAC/K5,marker_ebeveyn_loc_ils_bulunamadi,warning
2A,navaidComponents,JEPP_MKR_IIAG_K6_OUTER,ident,IIAG/K6,marker_ebeveyn_loc_ils_bulunamadi,warning
2A,navaidComponents,JEPP_MKR_IICT_K3_OUTER,ident,IICT/K3,marker_ebeveyn_loc_ils_bulunamadi,warning
2A,navaidComponents,JEPP_MKR_IIDP_K3_OUTER,ident,IIDP/K3,marker_ebeveyn_loc_ils_bulunamadi,warning
2A,navaidComponents,JEPP_MKR_IIGW_ET_MIDDLE,ident,IIGW/ET,marker_ebeveyn_loc_ils_bulunamadi,warning
2A,navaidComponents,JEPP_MKR_IIGW_ET_OUTER,ident,IIGW/ET,marker_ebeveyn_loc_ils_bulunamadi,warning
2A,navaidComponents,JEPP_MKR_III_K5_OUTER,ident,III/K5,marker_ebeveyn_loc_ils_bulunamadi,warning
2A,navaidComponents,JEPP_MKR_IIKK_K5_OUTER,ident,IIKK/K5,marker_ebeveyn_loc_ils_bulunamadi,warning
2A,navaidComponents,JEPP_MKR_IILE_K4_OUTER,ident,IILE/K4,marker_ebeveyn_loc_ils_bulunamadi,warning
2A,navaidComponents,JEPP_MKR_IILG_K6_OUTER,ident,IILG/K6,marker_ebeveyn_loc_ils_bulunamadi,warning
2A,navaidComponents,JEPP_MKR_IILM_K7_OUTER,ident,IILM/K7,marker_ebeveyn_loc_ils_bulunamadi,warning
2A,navaidComponents,JEPP_MKR_IILN_K5_INNER,ident,IILN/K5,marker_ebeveyn_loc_ils_bulunamadi,warning
2A,navaidComponents,JEPP_MKR_IILN_K5_OUTER,ident,IILN/K5,marker_ebeveyn_loc_ils_bulunamadi,warning
2A,navaidComponents,JEPP_MKR_IIMO_K7_OUTER,ident,IIMO/K7,marker_ebeveyn_loc_ils_bulunamadi,warning
2A,navaidComponents,JEPP_MKR_IIND_K5_INNER,ident,IIND/K5,marker_ebeveyn_loc_ils_bulunamadi,warning
2A,navaidComponents,JEPP_MKR_IINL_K3_BACKCOURSE,ident,IINL/K3,marker_ebeveyn_loc_ils_bulunamadi,warning
2A,navaidComponents,JEPP_MKR_IISU_K6_INNER,ident,IISU/K6,marker_ebeveyn_loc_ils_bulunamadi,warning
2A,navaidComponents,JEPP_MKR_IIVI_K2_OUTER,ident,IIVI/K2,marker_ebeveyn_loc_ils_bulunamadi,warning
2A,navaidComponents,JEPP_MKR_IIWD_K5_OUTER,ident,IIWD/K5,marker_ebeveyn_loc_ils_bulunamadi,warning
2A,navaidComponents,JEPP_MKR_IIWY_K6_INNER,ident,IIWY/K6,marker_ebeveyn_loc_ils_bulunamadi,warning
2A,navaidComponents,JEPP_MKR_IIZJ_K5_INNER,ident,IIZJ/K5,marker_ebeveyn_loc_ils_bulunamadi,warning
2A,navaidComponents,JEPP_MKR_IJA_RJ_MIDDLE,ident,IJA/RJ,marker_ebeveyn_loc_ils_bulunamadi,warning
2A,navaidComponents,JEPP_MKR_IJAV_K5_INNER,ident,IJAV/K5,marker_ebeveyn_loc_ils_bulunamadi,warning
2A,navaidComponents,JEPP_MKR_IJAX_K7_INNER,ident,IJAX/K7,marker_ebeveyn_loc_ils_bulunamadi,warning
2A,navaidComponents,JEPP_MKR_IJAX_K7_OUTER,ident,IJAX/K7,marker_ebeveyn_loc_ils_bulunamadi,warning
2A,navaidComponents,JEPP_MKR_IJBD_K7_MIDDLE,ident,IJBD/K7,marker_ebeveyn_loc_ils_bulunamadi,warning
2A,navaidComponents,JEPP_MKR_IJBD_K7_OUTER,ident,IJBD/K7,marker_ebeveyn_loc_ils_bulunamadi,warning
2A,navaidComponents,JEPP_MKR_IJBR_K4_OUTER,ident,IJBR/K4,marker_ebeveyn_loc_ils_bulunamadi,warning
2A,navaidComponents,JEPP_MKR_IJDU_K5_OUTER,ident,IJDU/K5,marker_ebeveyn_loc_ils_bulunamadi,warning
2A,navaidComponents,JEPP_MKR_IJEF_K3_OUTER,ident,IJEF/K3,marker_ebeveyn_loc_ils_bulunamadi,warning
2A,navaidComponents,JEPP_MKR_IJFK_K6_INNER,ident,IJFK/K6,marker_ebeveyn_loc_ils_bulunamadi,warning
2A,navaidComponents,JEPP_MKR_IJH_US_MIDDLE,ident,IJH/US,marker_ebeveyn_loc_ils_bulunamadi,warning
2A,navaidComponents,JEPP_MKR_IJH_US_OUTER,ident,IJH/US,marker_ebeveyn_loc_ils_bulunamadi,warning
2A,navaidComponents,JEPP_MKR_IJHF_K7_OUTER,ident,IJHF/K7,marker_ebeveyn_loc_ils_bulunamadi,warning
2A,navaidComponents,JEPP_MKR_IJHW_K6_MIDDLE,ident,IJHW/K6,marker_ebeveyn_loc_ils_bulunamadi,warning
2A,navaidComponents,JEPP_MKR_IJJM_K5_INNER,ident,IJJM/K5,marker_ebeveyn_loc_ils_bulunamadi,warning
2A,navaidComponents,JEPP_MKR_IJLN_K3_OUTER,ident,IJLN/K3,marker_ebeveyn_loc_ils_bulunamadi,warning
2A,navaidComponents,JEPP_MKR_IJMB_WI_MIDDLE,ident,IJMB/WI,marker_ebeveyn_loc_ils_bulunamadi,warning
2A,navaidComponents,JEPP_MKR_IJNK_K5_OUTER,ident,IJNK/K5,marker_ebeveyn_loc_ils_bulunamadi,warning
2A,navaidComponents,JEPP_MKR_IJOG_WA_MIDDLE,ident,IJOG/WA,marker_ebeveyn_loc_ils_bulunamadi,warning
2A,navaidComponents,JEPP_MKR_IJOU_K3_OUTER,ident,IJOU/K3,marker_ebeveyn_loc_ils_bulunamadi,warning
2A,navaidComponents,JEPP_MKR_IJP_UZ_MIDDLE,ident,IJP/UZ,marker_ebeveyn_loc_ils_bulunamadi,warning
2A,navaidComponents,JEPP_MKR_IJP_UZ_OUTER,ident,IJP/UZ,marker_ebeveyn_loc_ils_bulunamadi,warning
2A,navaidComponents,JEPP_MKR_IJS_ZB_MIDDLE,ident,IJS/ZB,marker_ebeveyn_loc_ils_bulunamadi,warning
2A,navaidComponents,JEPP_MKR_IJS_ZB_OUTER,ident,IJS/ZB,marker_ebeveyn_loc_ils_bulunamadi,warning
2A,navaidComponents,JEPP_MKR_IJVH_K6_INNER,ident,IJVH/K6,marker_ebeveyn_loc_ils_bulunamadi,warning
2A,navaidComponents,JEPP_MKR_IJVH_K6_MIDDLE,ident,IJVH/K6,marker_ebeveyn_loc_ils_bulunamadi,warning
2A,navaidComponents,JEPP_MKR_IJVL_K5_OUTER,ident,IJVL/K5,marker_ebeveyn_loc_ils_bulunamadi,warning
2A,navaidComponents,JEPP_MKR_IJXN_K5_OUTER,ident,IJXN/K5,marker_ebeveyn_loc_ils_bulunamadi,warning
2A,navaidComponents,JEPP_MKR_IJYV_K4_INNER,ident,IJYV/K4,marker_ebeveyn_loc_ils_bulunamadi,warning
2A,navaidComponents,JEPP_MKR_IJZM_K3_OUTER,ident,IJZM/K3,marker_ebeveyn_loc_ils_bulunamadi,warning
2A,navaidComponents,JEPP_MKR_IJZW_K4_OUTER,ident,IJZW/K4,marker_ebeveyn_loc_ils_bulunamadi,warning
2A,navaidComponents,JEPP_MKR_IKBE_ED_MIDDLE,ident,IKBE/ED,marker_ebeveyn_loc_ils_bulunamadi,warning
2A,navaidComponents,JEPP_MKR_IKBE_ED_OUTER,ident,IKBE/ED,marker_ebeveyn_loc_ils_bulunamadi,warning
2A,navaidComponents,JEPP_MKR_IKBW_ED_MIDDLE,ident,IKBW/ED,marker_ebeveyn_loc_ils_bulunamadi,warning
2A,navaidComponents,JEPP_MKR_IKBW_ED_OUTER,ident,IKBW/ED,marker_ebeveyn_loc_ils_bulunamadi,warning
2A,navaidComponents,JEPP_MKR_IKD_RJ_INNER,ident,IKD/RJ,marker_ebeveyn_loc_ils_bulunamadi,warning
2A,navaidComponents,JEPP_MKR_IKES_ED_MIDDLE,ident,IKES/ED,marker_ebeveyn_loc_ils_bulunamadi,warning
2A,navaidComponents,JEPP_MKR_IKES_ED_OUTER,ident,IKES/ED,marker_ebeveyn_loc_ils_bulunamadi,warning
2A,navaidComponents,JEPP_MKR_IKG_US_MIDDLE,ident,IKG/US,marker_ebeveyn_loc_ils_bulunamadi,warning
2A,navaidComponents,JEPP_MKR_IKG_US_OUTER,ident,IKG/US,marker_ebeveyn_loc_ils_bulunamadi,warning
2A,navaidComponents,JEPP_MKR_IKHE_ED_MIDDLE,ident,IKHE/ED,marker_ebeveyn_loc_ils_bulunamadi,warning
2A,navaidComponents,JEPP_MKR_IKHE_ED_OUTER,ident,IKHE/ED,marker_ebeveyn_loc_ils_bulunamadi,warning
2A,navaidComponents,JEPP_MKR_IKHW_ED_MIDDLE,ident,IKHW/ED,marker_ebeveyn_loc_ils_bulunamadi,warning
2A,navaidComponents,JEPP_MKR_IKHW_ED_OUTER,ident,IKHW/ED,marker_ebeveyn_loc_ils_bulunamadi,warning
2A,navaidComponents,JEPP_MKR_IKJ_RJ_INNER,ident,IKJ/RJ,marker_ebeveyn_loc_ils_bulunamadi,warning
2A,navaidComponents,JEPP_MKR_IKM_UL_MIDDLE,ident,IKM/UL,marker_ebeveyn_loc_ils_bulunamadi,warning
2A,navaidComponents,JEPP_MKR_IKM_UL_OUTER,ident,IKM/UL,marker_ebeveyn_loc_ils_bulunamadi,warning
2A,navaidComponents,JEPP_MKR_IKMA_RK_INNER,ident,IKMA/RK,marker_ebeveyn_loc_ils_bulunamadi,warning
2A,navaidComponents,JEPP_MKR_IKN_RJ_INNER,ident,IKN/RJ,marker_ebeveyn_loc_ils_bulunamadi,warning
2A,navaidComponents,JEPP_MKR_IKPG_WA_MIDDLE,ident,IKPG/WA,marker_ebeveyn_loc_ils_bulunamadi,warning
2A,navaidComponents,JEPP_MKR_IKPS_VT_MIDDLE,ident,IKPS/VT,marker_ebeveyn_loc_ils_bulunamadi,warning
2A,navaidComponents,JEPP_MKR_IKPS_VT_OUTER,ident,IKPS/VT,marker_ebeveyn_loc_ils_bulunamadi,warning
2A,navaidComponents,JEPP_MKR_IKR_LD_MIDDLE,ident,IKR/LD,marker_ebeveyn_loc_ils_bulunamadi,warning
2A,navaidComponents,JEPP_MKR_IKR_LD_OUTER,ident,IKR/LD,marker_ebeveyn_loc_ils_bulunamadi,warning
2A,navaidComponents,JEPP_MKR_IKR_UM_MIDDLE,ident,IKR/UM,marker_ebeveyn_loc_ils_bulunamadi,warning
2A,navaidComponents,JEPP_MKR_IKR_UM_OUTER,ident,IKR/UM,marker_ebeveyn_loc_ils_bulunamadi,warning
2A,navaidComponents,JEPP_MKR_IKS_US_MIDDLE,ident,IKS/US,marker_ebeveyn_loc_ils_bulunamadi,warning
2A,navaidComponents,JEPP_MKR_IKS_US_OUTER,ident,IKS/US,marker_ebeveyn_loc_ils_bulunamadi,warning
2A,navaidComponents,JEPP_MKR_IKT_UR_MIDDLE,ident,IKT/UR,marker_ebeveyn_loc_ils_bulunamadi,warning
2A,navaidComponents,JEPP_MKR_IKT_UR_OUTER,ident,IKT/UR,marker_ebeveyn_loc_ils_bulunamadi,warning
2A,navaidComponents,JEPP_MKR_IKU_RJ_INNER,ident,IKU/RJ,marker_ebeveyn_loc_ils_bulunamadi,warning
2A,navaidComponents,JEPP_MKR_IKW_RJ_INNER,ident,IKW/RJ,marker_ebeveyn_loc_ils_bulunamadi,warning
2A,navaidComponents,JEPP_MKR_ILA_UW_MIDDLE,ident,ILA/UW,marker_ebeveyn_loc_ils_bulunamadi,warning
2A,navaidComponents,JEPP_MKR_ILA_UW_OUTER,ident,ILA/UW,marker_ebeveyn_loc_ils_bulunamadi,warning
2A,navaidComponents,JEPP_MKR_ILAF_K5_OUTER,ident,ILAF/K5,marker_ebeveyn_loc_ils_bulunamadi,warning
2A,navaidComponents,JEPP_MKR_ILAW_K4_OUTER,ident,ILAW/K4,marker_ebeveyn_loc_ils_bulunamadi,warning
2A,navaidComponents,JEPP_MKR_ILB_LP_OUTER,ident,ILB/LP,marker_ebeveyn_loc_ils_bulunamadi,warning
2A,navaidComponents,JEPP_MKR_ILB_US_MIDDLE,ident,ILB/US,marker_ebeveyn_loc_ils_bulunamadi,warning
2A,navaidComponents,JEPP_MKR_ILB_US_OUTER,ident,ILB/US,marker_ebeveyn_loc_ils_bulunamadi,warning
2A,navaidComponents,JEPP_MKR_ILBB_K4_BACKCOURSE,ident,ILBB/K4,marker_ebeveyn_loc_ils_bulunamadi,warning
2A,navaidComponents,JEPP_MKR_ILBE_K6_OUTER,ident,ILBE/K6,marker_ebeveyn_loc_ils_bulunamadi,warning
2A,navaidComponents,JEPP_MKR_ILBL_K3_OUTER,ident,ILBL/K3,marker_ebeveyn_loc_ils_bulunamadi,warning
2A,navaidComponents,JEPP_MKR_ILCK_K5_OUTER,ident,ILCK/K5,marker_ebeveyn_loc_ils_bulunamadi,warning
2A,navaidComponents,JEPP_MKR_ILDZ_K3_INNER,ident,ILDZ/K3,marker_ebeveyn_loc_ils_bulunamadi,warning
2A,navaidComponents,JEPP_MKR_ILFK_K4_OUTER,ident,ILFK/K4,marker_ebeveyn_loc_ils_bulunamadi,warning
2A,navaidComponents,JEPP_MKR_ILFT_K4_OUTER,ident,ILFT/K4,marker_ebeveyn_loc_ils_bulunamadi,warning
2A,navaidComponents,JEPP_MKR_ILHJ_K5_INNER,ident,ILHJ/K5,marker_ebeveyn_loc_ils_bulunamadi,warning
2A,navaidComponents,JEPP_MKR_ILHJ_K5_OUTER,ident,ILHJ/K5,marker_ebeveyn_loc_ils_bulunamadi,warning
2A,navaidComponents,JEPP_MKR_ILI_LP_MIDDLE,ident,ILI/LP,marker_ebeveyn_loc_ils_bulunamadi,warning
2A,navaidComponents,JEPP_MKR_ILIZ_K5_INNER,ident,ILIZ/K5,marker_ebeveyn_loc_ils_bulunamadi,warning
2A,navaidComponents,JEPP_MKR_ILKS_K5_MIDDLE,ident,ILKS/K5,marker_ebeveyn_loc_ils_bulunamadi,warning
2A,navaidComponents,JEPP_MKR_ILKS_K5_OUTER,ident,ILKS/K5,marker_ebeveyn_loc_ils_bulunamadi,warning
2A,navaidComponents,JEPP_MKR_ILL_ZY_OUTER,ident,ILL/ZY,marker_ebeveyn_loc_ils_bulunamadi,warning
2A,navaidComponents,JEPP_MKR_ILLG_K7_INNER,ident,ILLG/K7,marker_ebeveyn_loc_ils_bulunamadi,warning
2A,navaidComponents,JEPP_MKR_ILM_FX_MIDDLE,ident,ILM/FX,marker_ebeveyn_loc_ils_bulunamadi,warning
2A,navaidComponents,JEPP_MKR_ILM_FX_OUTER,ident,ILM/FX,marker_ebeveyn_loc_ils_bulunamadi,warning
2A,navaidComponents,JEPP_MKR_ILMB_WA_MIDDLE,ident,ILMB/WA,marker_ebeveyn_loc_ils_bulunamadi,warning
2A,navaidComponents,JEPP_MKR_ILNT_LI_MIDDLE,ident,ILNT/LI,marker_ebeveyn_loc_ils_bulunamadi,warning
2A,navaidComponents,JEPP_MKR_ILNW_ED_MIDDLE,ident,ILNW/ED,marker_ebeveyn_loc_ils_bulunamadi,warning
2A,navaidComponents,JEPP_MKR_ILOB_VT_MIDDLE,ident,ILOB/VT,marker_ebeveyn_loc_ils_bulunamadi,warning
2A,navaidComponents,JEPP_MKR_ILOW_K1_OUTER,ident,ILOW/K1,marker_ebeveyn_loc_ils_bulunamadi,warning
2A,navaidComponents,JEPP_MKR_ILPA_K3_OUTER,ident,ILPA/K3,marker_ebeveyn_loc_ils_bulunamadi,warning
2A,navaidComponents,JEPP_MKR_ILQG_K5_OUTER,ident,ILQG/K5,marker_ebeveyn_loc_ils_bulunamadi,warning
2A,navaidComponents,JEPP_MKR_ILQY_K5_OUTER,ident,ILQY/K5,marker_ebeveyn_loc_ils_bulunamadi,warning
2A,navaidComponents,JEPP_MKR_ILRW_ED_MIDDLE,ident,ILRW/ED,marker_ebeveyn_loc_ils_bulunamadi,warning
2A,navaidComponents,JEPP_MKR_ILSF_K7_MIDDLE,ident,ILSF/K7,marker_ebeveyn_loc_ils_bulunamadi,warning
2A,navaidComponents,JEPP_MKR_ILSF_K7_OUTER,ident,ILSF/K7,marker_ebeveyn_loc_ils_bulunamadi,warning
2A,navaidComponents,JEPP_MKR_ILSL_ED_MIDDLE,ident,ILSL/ED,marker_ebeveyn_loc_ils_bulunamadi,warning
2A,navaidComponents,JEPP_MKR_ILSR_ED_MIDDLE,ident,ILSR/ED,marker_ebeveyn_loc_ils_bulunamadi,warning
2A,navaidComponents,JEPP_MKR_ILUW_ED_MIDDLE,ident,ILUW/ED,marker_ebeveyn_loc_ils_bulunamadi,warning
2A,navaidComponents,JEPP_MKR_ILUW_ED_OUTER,ident,ILUW/ED,marker_ebeveyn_loc_ils_bulunamadi,warning
2A,navaidComponents,JEPP_MKR_ILVN_K3_OUTER,ident,ILVN/K3,marker_ebeveyn_loc_ils_bulunamadi,warning
2A,navaidComponents,JEPP_MKR_ILWB_K6_OUTER,ident,ILWB/K6,marker_ebeveyn_loc_ils_bulunamadi,warning
2A,navaidComponents,JEPP_MKR_ILXB_K6_INNER,ident,ILXB/K6,marker_ebeveyn_loc_ils_bulunamadi,warning
2A,navaidComponents,JEPP_MKR_ILYH_K6_OUTER,ident,ILYH/K6,marker_ebeveyn_loc_ils_bulunamadi,warning
2A,navaidComponents,JEPP_MKR_IMAF_K4_OUTER,ident,IMAF/K4,marker_ebeveyn_loc_ils_bulunamadi,warning
2A,navaidComponents,JEPP_MKR_IMAK_WA_MIDDLE,ident,IMAK/WA,marker_ebeveyn_loc_ils_bulunamadi,warning
2A,navaidComponents,JEPP_MKR_IMAY_K5_OUTER,ident,IMAY/K5,marker_ebeveyn_loc_ils_bulunamadi,warning
2A,navaidComponents,JEPP_MKR_IMBL_K5_OUTER,ident,IMBL/K5,marker_ebeveyn_loc_ils_bulunamadi,warning
2A,navaidComponents,JEPP_MKR_IMBS_K5_OUTER,ident,IMBS/K5,marker_ebeveyn_loc_ils_bulunamadi,warning
2A,navaidComponents,JEPP_MKR_IMCB_K7_OUTER,ident,IMCB/K7,marker_ebeveyn_loc_ils_bulunamadi,warning
2A,navaidComponents,JEPP_MKR_IMDH_K5_OUTER,ident,IMDH/K5,marker_ebeveyn_loc_ils_bulunamadi,warning
2A,navaidComponents,JEPP_MKR_IMDT_K6_INNER,ident,IMDT/K6,marker_ebeveyn_loc_ils_bulunamadi,warning
2A,navaidComponents,JEPP_MKR_IMDT_K6_OUTER,ident,IMDT/K6,marker_ebeveyn_loc_ils_bulunamadi,warning
2A,navaidComponents,JEPP_MKR_IMEB_K7_OUTER,ident,IMEB/K7,marker_ebeveyn_loc_ils_bulunamadi,warning
2A,navaidComponents,JEPP_MKR_IMED_K5_INNER,ident,IMED/K5,marker_ebeveyn_loc_ils_bulunamadi,warning
2A,navaidComponents,JEPP_MKR_IMFD_K5_OUTER,ident,IMFD/K5,marker_ebeveyn_loc_ils_bulunamadi,warning
2A,navaidComponents,JEPP_MKR_IMFE_K4_OUTER,ident,IMFE/K4,marker_ebeveyn_loc_ils_bulunamadi,warning
2A,navaidComponents,JEPP_MKR_IMGE_ED_MIDDLE,ident,IMGE/ED,marker_ebeveyn_loc_ils_bulunamadi,warning
2A,navaidComponents,JEPP_MKR_IMGM_K7_OUTER,ident,IMGM/K7,marker_ebeveyn_loc_ils_bulunamadi,warning
2A,navaidComponents,JEPP_MKR_IMGW_ED_MIDDLE,ident,IMGW/ED,marker_ebeveyn_loc_ils_bulunamadi,warning
2A,navaidComponents,JEPP_MKR_IMGW_K6_OUTER,ident,IMGW/K6,marker_ebeveyn_loc_ils_bulunamadi,warning
2A,navaidComponents,JEPP_MKR_IMHT_K6_INNER,ident,IMHT/K6,marker_ebeveyn_loc_ils_bulunamadi,warning
2A,navaidComponents,JEPP_MKR_IMHT_K6_MIDDLE,ident,IMHT/K6,marker_ebeveyn_loc_ils_bulunamadi,warning
2A,navaidComponents,JEPP_MKR_IMHW_ET_MIDDLE,ident,IMHW/ET,marker_ebeveyn_loc_ils_bulunamadi,warning
2A,navaidComponents,JEPP_MKR_IMHW_ET_OUTER,ident,IMHW/ET,marker_ebeveyn_loc_ils_bulunamadi,warning
2A,navaidComponents,JEPP_MKR_IMIQ_SV_MIDDLE,ident,IMIQ/SV,marker_ebeveyn_loc_ils_bulunamadi,warning
2A,navaidComponents,JEPP_MKR_IMIV_K6_OUTER,ident,IMIV/K6,marker_ebeveyn_loc_ils_bulunamadi,warning
2A,navaidComponents,JEPP_MKR_IMJX_K6_OUTER,ident,IMJX/K6,marker_ebeveyn_loc_ils_bulunamadi,warning
2A,navaidComponents,JEPP_MKR_IMKB_WI_MIDDLE,ident,IMKB/WI,marker_ebeveyn_loc_ils_bulunamadi,warning
2A,navaidComponents,JEPP_MKR_IMKE_K5_INNER,ident,IMKE/K5,marker_ebeveyn_loc_ils_bulunamadi,warning
2A,navaidComponents,JEPP_MKR_IMKT_K3_OUTER,ident,IMKT/K3,marker_ebeveyn_loc_ils_bulunamadi,warning
2A,navaidComponents,JEPP_MKR_IMLU_K4_OUTER,ident,IMLU/K4,marker_ebeveyn_loc_ils_bulunamadi,warning
2A,navaidComponents,JEPP_MKR_IMOY_K2_INNER,ident,IMOY/K2,marker_ebeveyn_loc_ils_bulunamadi,warning
2A,navaidComponents,JEPP_MKR_IMQJ_K5_MIDDLE,ident,IMQJ/K5,marker_ebeveyn_loc_ils_bulunamadi,warning
2A,navaidComponents,JEPP_MKR_IMQJ_K5_OUTER,ident,IMQJ/K5,marker_ebeveyn_loc_ils_bulunamadi,warning
2A,navaidComponents,JEPP_MKR_IMQK_K5_OUTER,ident,IMQK/K5,marker_ebeveyn_loc_ils_bulunamadi,warning
2A,navaidComponents,JEPP_MKR_IMR_RJ_INNER,ident,IMR/RJ,marker_ebeveyn_loc_ils_bulunamadi,warning
2A,navaidComponents,JEPP_MKR_IMR_UU_MIDDLE,ident,IMR/UU,marker_ebeveyn_loc_ils_bulunamadi,warning
2A,navaidComponents,JEPP_MKR_IMR_UU_OUTER,ident,IMR/UU,marker_ebeveyn_loc_ils_bulunamadi,warning
2A,navaidComponents,JEPP_MKR_IMS_FD_MIDDLE,ident,IMS/FD,marker_ebeveyn_loc_ils_bulunamadi,warning
2A,navaidComponents,JEPP_MKR_IMSP_K3_INNER,ident,IMSP/K3,marker_ebeveyn_loc_ils_bulunamadi,warning
2A,navaidComponents,JEPP_MKR_IMSS_K6_OUTER,ident,IMSS/K6,marker_ebeveyn_loc_ils_bulunamadi,warning
2A,navaidComponents,JEPP_MKR_IMSY_K4_INNER,ident,IMSY/K4,marker_ebeveyn_loc_ils_bulunamadi,warning
2A,navaidComponents,JEPP_MKR_IMTC_K5_MIDDLE,ident,IMTC/K5,marker_ebeveyn_loc_ils_bulunamadi,warning
2A,navaidComponents,JEPP_MKR_IMTO_K5_OUTER,ident,IMTO/K5,marker_ebeveyn_loc_ils_bulunamadi,warning
2A,navaidComponents,JEPP_MKR_IMTW_K5_OUTER,ident,IMTW/K5,marker_ebeveyn_loc_ils_bulunamadi,warning
2A,navaidComponents,JEPP_MKR_IMV_UM_MIDDLE,ident,IMV/UM,marker_ebeveyn_loc_ils_bulunamadi,warning
2A,navaidComponents,JEPP_MKR_IMV_UM_OUTER,ident,IMV/UM,marker_ebeveyn_loc_ils_bulunamadi,warning
2A,navaidComponents,JEPP_MKR_IMWA_K5_OUTER,ident,IMWA/K5,marker_ebeveyn_loc_ils_bulunamadi,warning
2A,navaidComponents,JEPP_MKR_IMWH_K1_OUTER,ident,IMWH/K1,marker_ebeveyn_loc_ils_bulunamadi,warning
2A,navaidComponents,JEPP_MKR_IMWO_K5_OUTER,ident,IMWO/K5,marker_ebeveyn_loc_ils_bulunamadi,warning
2A,navaidComponents,JEPP_MKR_IMXK_K6_INNER,ident,IMXK/K6,marker_ebeveyn_loc_ils_bulunamadi,warning
2A,navaidComponents,JEPP_MKR_IMXK_K6_MIDDLE,ident,IMXK/K6,marker_ebeveyn_loc_ils_bulunamadi,warning
2A,navaidComponents,JEPP_MKR_IMXK_K6_OUTER,ident,IMXK/K6,marker_ebeveyn_loc_ils_bulunamadi,warning
2A,navaidComponents,JEPP_MKR_IMZR_K4_OUTER,ident,IMZR/K4,marker_ebeveyn_loc_ils_bulunamadi,warning
2A,navaidComponents,JEPP_MKR_INA_UG_MIDDLE,ident,INA/UG,marker_ebeveyn_loc_ils_bulunamadi,warning
2A,navaidComponents,JEPP_MKR_INA_UG_OUTER,ident,INA/UG,marker_ebeveyn_loc_ils_bulunamadi,warning
2A,navaidComponents,JEPP_MKR_INAT_MP_MIDDLE,ident,INAT/MP,marker_ebeveyn_loc_ils_bulunamadi,warning
2A,navaidComponents,JEPP_MKR_INC_UN_MIDDLE,ident,INC/UN,marker_ebeveyn_loc_ils_bulunamadi,warning
2A,navaidComponents,JEPP_MKR_INC_UN_OUTER,ident,INC/UN,marker_ebeveyn_loc_ils_bulunamadi,warning
2A,navaidComponents,JEPP_MKR_INF_UR_MIDDLE,ident,INF/UR,marker_ebeveyn_loc_ils_bulunamadi,warning
2A,navaidComponents,JEPP_MKR_INF_UR_OUTER,ident,INF/UR,marker_ebeveyn_loc_ils_bulunamadi,warning
2A,navaidComponents,JEPP_MKR_INIW_ED_MIDDLE,ident,INIW/ED,marker_ebeveyn_loc_ils_bulunamadi,warning
2A,navaidComponents,JEPP_MKR_INIW_ED_OUTER,ident,INIW/ED,marker_ebeveyn_loc_ils_bulunamadi,warning
2A,navaidComponents,JEPP_MKR_INK_UW_MIDDLE,ident,INK/UW,marker_ebeveyn_loc_ils_bulunamadi,warning
2A,navaidComponents,JEPP_MKR_INK_UW_OUTER,ident,INK/UW,marker_ebeveyn_loc_ils_bulunamadi,warning
2A,navaidComponents,JEPP_MKR_INL_UU_MIDDLE,ident,INL/UU,marker_ebeveyn_loc_ils_bulunamadi,warning
2A,navaidComponents,JEPP_MKR_INL_UU_OUTER,ident,INL/UU,marker_ebeveyn_loc_ils_bulunamadi,warning
2A,navaidComponents,JEPP_MKR_INLL_RK_INNER,ident,INLL/RK,marker_ebeveyn_loc_ils_bulunamadi,warning
2A,navaidComponents,JEPP_MKR_INLL_RK_MIDDLE,ident,INLL/RK,marker_ebeveyn_loc_ils_bulunamadi,warning
2A,navaidComponents,JEPP_MKR_INOW_ET_MIDDLE,ident,INOW/ET,marker_ebeveyn_loc_ils_bulunamadi,warning
2A,navaidComponents,JEPP_MKR_INOW_ET_OUTER,ident,INOW/ET,marker_ebeveyn_loc_ils_bulunamadi,warning
2A,navaidComponents,JEPP_MKR_INPL_LI_MIDDLE,ident,INPL/LI,marker_ebeveyn_loc_ils_bulunamadi,warning
2A,navaidComponents,JEPP_MKR_INRR_RK_INNER,ident,INRR/RK,marker_ebeveyn_loc_ils_bulunamadi,warning
2A,navaidComponents,JEPP_MKR_INRR_RK_MIDDLE,ident,INRR/RK,marker_ebeveyn_loc_ils_bulunamadi,warning
2A,navaidComponents,JEPP_MKR_INU_UU_MIDDLE,ident,INU/UU,marker_ebeveyn_loc_ils_bulunamadi,warning
2A,navaidComponents,JEPP_MKR_INU_UU_OUTER,ident,INU/UU,marker_ebeveyn_loc_ils_bulunamadi,warning
2A,navaidComponents,JEPP_MKR_INU_UZ_MIDDLE,ident,INU/UZ,marker_ebeveyn_loc_ils_bulunamadi,warning
2A,navaidComponents,JEPP_MKR_INU_UZ_OUTER,ident,INU/UZ,marker_ebeveyn_loc_ils_bulunamadi,warning
2A,navaidComponents,JEPP_MKR_INV_ES_MIDDLE,ident,INV/ES,marker_ebeveyn_loc_ils_bulunamadi,warning
2A,navaidComponents,JEPP_MKR_INV_ES_OUTER,ident,INV/ES,marker_ebeveyn_loc_ils_bulunamadi,warning
2A,navaidComponents,JEPP_MKR_INZ_US_MIDDLE,ident,INZ/US,marker_ebeveyn_loc_ils_bulunamadi,warning
2A,navaidComponents,JEPP_MKR_INZ_US_OUTER,ident,INZ/US,marker_ebeveyn_loc_ils_bulunamadi,warning
2A,navaidComponents,JEPP_MKR_IOAJ_K7_OUTER,ident,IOAJ/K7,marker_ebeveyn_loc_ils_bulunamadi,warning
2A,navaidComponents,JEPP_MKR_IOB_UU_MIDDLE,ident,IOB/UU,marker_ebeveyn_loc_ils_bulunamadi,warning
2A,navaidComponents,JEPP_MKR_IOCZ_K3_OUTER,ident,IOCZ/K3,marker_ebeveyn_loc_ils_bulunamadi,warning
2A,navaidComponents,JEPP_MKR_IOFK_K3_OUTER,ident,IOFK/K3,marker_ebeveyn_loc_ils_bulunamadi,warning
2A,navaidComponents,JEPP_MKR_IOFR_RK_INNER,ident,IOFR/RK,marker_ebeveyn_loc_ils_bulunamadi,warning
2A,navaidComponents,JEPP_MKR_IOGS_K6_OUTER,ident,IOGS/K6,marker_ebeveyn_loc_ils_bulunamadi,warning
2A,navaidComponents,JEPP_MKR_IOGZ_K3_INNER,ident,IOGZ/K3,marker_ebeveyn_loc_ils_bulunamadi,warning
2A,navaidComponents,JEPP_MKR_IOIQ_K3_OUTER,ident,IOIQ/K3,marker_ebeveyn_loc_ils_bulunamadi,warning
2A,navaidComponents,JEPP_MKR_IOIU_K6_INNER,ident,IOIU/K6,marker_ebeveyn_loc_ils_bulunamadi,warning
2A,navaidComponents,JEPP_MKR_IOL_US_MIDDLE,ident,IOL/US,marker_ebeveyn_loc_ils_bulunamadi,warning
2A,navaidComponents,JEPP_MKR_IOL_US_OUTER,ident,IOL/US,marker_ebeveyn_loc_ils_bulunamadi,warning
2A,navaidComponents,JEPP_MKR_IOLE_K6_OUTER,ident,IOLE/K6,marker_ebeveyn_loc_ils_bulunamadi,warning
2A,navaidComponents,JEPP_MKR_IOMA_K3_INNER,ident,IOMA/K3,marker_ebeveyn_loc_ils_bulunamadi,warning
2A,navaidComponents,JEPP_MKR_IOMO_K7_INNER,ident,IOMO/K7,marker_ebeveyn_loc_ils_bulunamadi,warning
2A,navaidComponents,JEPP_MKR_IOND_K4_INNER,ident,IOND/K4,marker_ebeveyn_loc_ils_bulunamadi,warning
2A,navaidComponents,JEPP_MKR_IONP_K1_OUTER,ident,IONP/K1,marker_ebeveyn_loc_ils_bulunamadi,warning
2A,navaidComponents,JEPP_MKR_IOP_UR_MIDDLE,ident,IOP/UR,marker_ebeveyn_loc_ils_bulunamadi,warning
2A,navaidComponents,JEPP_MKR_IOP_UR_OUTER,ident,IOP/UR,marker_ebeveyn_loc_ils_bulunamadi,warning
2A,navaidComponents,JEPP_MKR_IOQV_K5_INNER,ident,IOQV/K5,marker_ebeveyn_loc_ils_bulunamadi,warning
2A,navaidComponents,JEPP_MKR_IOR_UW_MIDDLE,ident,IOR/UW,marker_ebeveyn_loc_ils_bulunamadi,warning
2A,navaidComponents,JEPP_MKR_IOR_UW_OUTER,ident,IOR/UW,marker_ebeveyn_loc_ils_bulunamadi,warning
2A,navaidComponents,JEPP_MKR_IOS_LD_MIDDLE,ident,IOS/LD,marker_ebeveyn_loc_ils_bulunamadi,warning
2A,navaidComponents,JEPP_MKR_IOSH_K5_OUTER,ident,IOSH/K5,marker_ebeveyn_loc_ils_bulunamadi,warning
2A,navaidComponents,JEPP_MKR_IOSU_K5_OUTER,ident,IOSU/K5,marker_ebeveyn_loc_ils_bulunamadi,warning
2A,navaidComponents,JEPP_MKR_IOTG_K3_MIDDLE,ident,IOTG/K3,marker_ebeveyn_loc_ils_bulunamadi,warning
2A,navaidComponents,JEPP_MKR_IOTG_K3_OUTER,ident,IOTG/K3,marker_ebeveyn_loc_ils_bulunamadi,warning
2A,navaidComponents,JEPP_MKR_IOUF_K2_INNER,ident,IOUF/K2,marker_ebeveyn_loc_ils_bulunamadi,warning
2A,navaidComponents,JEPP_MKR_IOUP_K5_OUTER,ident,IOUP/K5,marker_ebeveyn_loc_ils_bulunamadi,warning
2A,navaidComponents,JEPP_MKR_IOUW_K6_MIDDLE,ident,IOUW/K6,marker_ebeveyn_loc_ils_bulunamadi,warning
2A,navaidComponents,JEPP_MKR_IOXR_K2_OUTER,ident,IOXR/K2,marker_ebeveyn_loc_ils_bulunamadi,warning
2A,navaidComponents,JEPP_MKR_IOYG_K5_INNER,ident,IOYG/K5,marker_ebeveyn_loc_ils_bulunamadi,warning
2A,navaidComponents,JEPP_MKR_IPA_SB_INNER,ident,IPA/SB,marker_ebeveyn_loc_ils_bulunamadi,warning
2A,navaidComponents,JEPP_MKR_IPAH_K5_OUTER,ident,IPAH/K5,marker_ebeveyn_loc_ils_bulunamadi,warning
2A,navaidComponents,JEPP_MKR_IPAJ_K3_INNER,ident,IPAJ/K3,marker_ebeveyn_loc_ils_bulunamadi,warning
2A,navaidComponents,JEPP_MKR_IPAJ_K3_MIDDLE,ident,IPAJ/K3,marker_ebeveyn_loc_ils_bulunamadi,warning
2A,navaidComponents,JEPP_MKR_IPAS_SK_MIDDLE,ident,IPAS/SK,marker_ebeveyn_loc_ils_bulunamadi,warning
2A,navaidComponents,JEPP_MKR_IPAS_SK_OUTER,ident,IPAS/SK,marker_ebeveyn_loc_ils_bulunamadi,warning
2A,navaidComponents,JEPP_MKR_IPBF_K4_OUTER,ident,IPBF/K4,marker_ebeveyn_loc_ils_bulunamadi,warning
2A,navaidComponents,JEPP_MKR_IPDX_K1_INNER,ident,IPDX/K1,marker_ebeveyn_loc_ils_bulunamadi,warning
2A,navaidComponents,JEPP_MKR_IPEK_K7_OUTER,ident,IPEK/K7,marker_ebeveyn_loc_ils_bulunamadi,warning
2A,navaidComponents,JEPP_MKR_IPF_UL_MIDDLE,ident,IPF/UL,marker_ebeveyn_loc_ils_bulunamadi,warning
2A,navaidComponents,JEPP_MKR_IPF_UL_OUTER,ident,IPF/UL,marker_ebeveyn_loc_ils_bulunamadi,warning
2A,navaidComponents,JEPP_MKR_IPGV_K7_MIDDLE,ident,IPGV/K7,marker_ebeveyn_loc_ils_bulunamadi,warning
2A,navaidComponents,JEPP_MKR_IPHL_K6_INNER,ident,IPHL/K6,marker_ebeveyn_loc_ils_bulunamadi,warning
2A,navaidComponents,JEPP_MKR_IPHN_K5_OUTER,ident,IPHN/K5,marker_ebeveyn_loc_ils_bulunamadi,warning
2A,navaidComponents,JEPP_MKR_IPHY_K4_OUTER,ident,IPHY/K4,marker_ebeveyn_loc_ils_bulunamadi,warning
2A,navaidComponents,JEPP_MKR_IPIA_K5_OUTER,ident,IPIA/K5,marker_ebeveyn_loc_ils_bulunamadi,warning
2A,navaidComponents,JEPP_MKR_IPIB_K7_OUTER,ident,IPIB/K7,marker_ebeveyn_loc_ils_bulunamadi,warning
2A,navaidComponents,JEPP_MKR_IPIE_K7_OUTER,ident,IPIE/K7,marker_ebeveyn_loc_ils_bulunamadi,warning
2A,navaidComponents,JEPP_MKR_IPJL_K3_INNER,ident,IPJL/K3,marker_ebeveyn_loc_ils_bulunamadi,warning
2A,navaidComponents,JEPP_MKR_IPKB_K6_OUTER,ident,IPKB/K6,marker_ebeveyn_loc_ils_bulunamadi,warning
2A,navaidComponents,JEPP_MKR_IPKD_K3_MIDDLE,ident,IPKD/K3,marker_ebeveyn_loc_ils_bulunamadi,warning
2A,navaidComponents,JEPP_MKR_IPKD_K3_OUTER,ident,IPKD/K3,marker_ebeveyn_loc_ils_bulunamadi,warning
2A,navaidComponents,JEPP_MKR_IPKN_WA_MIDDLE,ident,IPKN/WA,marker_ebeveyn_loc_ils_bulunamadi,warning
2A,navaidComponents,JEPP_MKR_IPKQ_K4_INNER,ident,IPKQ/K4,marker_ebeveyn_loc_ils_bulunamadi,warning
2A,navaidComponents,JEPP_MKR_IPKT_VT_MIDDLE,ident,IPKT/VT,marker_ebeveyn_loc_ils_bulunamadi,warning
2A,navaidComponents,JEPP_MKR_IPKU_K7_INNER,ident,IPKU/K7,marker_ebeveyn_loc_ils_bulunamadi,warning
2A,navaidComponents,JEPP_MKR_IPKX_K3_OUTER,ident,IPKX/K3,marker_ebeveyn_loc_ils_bulunamadi,warning
2A,navaidComponents,JEPP_MKR_IPLB_WI_MIDDLE,ident,IPLB/WI,marker_ebeveyn_loc_ils_bulunamadi,warning
2A,navaidComponents,JEPP_MKR_IPLM_WI_MIDDLE,ident,IPLM/WI,marker_ebeveyn_loc_ils_bulunamadi,warning
2A,navaidComponents,JEPP_MKR_IPLQ_K7_INNER,ident,IPLQ/K7,marker_ebeveyn_loc_ils_bulunamadi,warning
2A,navaidComponents,JEPP_MKR_IPNC_K4_MIDDLE,ident,IPNC/K4,marker_ebeveyn_loc_ils_bulunamadi,warning
2A,navaidComponents,JEPP_MKR_IPNC_K4_OUTER,ident,IPNC/K4,marker_ebeveyn_loc_ils_bulunamadi,warning
2A,navaidComponents,JEPP_MKR_IPNK_WI_MIDDLE,ident,IPNK/WI,marker_ebeveyn_loc_ils_bulunamadi,warning
2A,navaidComponents,JEPP_MKR_IPNK_WI_OUTER,ident,IPNK/WI,marker_ebeveyn_loc_ils_bulunamadi,warning
2A,navaidComponents,JEPP_MKR_IPO_LP_MIDDLE,ident,IPO/LP,marker_ebeveyn_loc_ils_bulunamadi,warning
2A,navaidComponents,JEPP_MKR_IPPZ_K4_INNER,ident,IPPZ/K4,marker_ebeveyn_loc_ils_bulunamadi,warning
2A,navaidComponents,JEPP_MKR_IPR_LI_OUTER,ident,IPR/LI,marker_ebeveyn_loc_ils_bulunamadi,warning
2A,navaidComponents,JEPP_MKR_IPRQ_K4_MIDDLE,ident,IPRQ/K4,marker_ebeveyn_loc_ils_bulunamadi,warning
2A,navaidComponents,JEPP_MKR_IPSK_K6_OUTER,ident,IPSK/K6,marker_ebeveyn_loc_ils_bulunamadi,warning
2A,navaidComponents,JEPP_MKR_IPU_LD_MIDDLE,ident,IPU/LD,marker_ebeveyn_loc_ils_bulunamadi,warning
2A,navaidComponents,JEPP_MKR_IPU_LD_OUTER,ident,IPU/LD,marker_ebeveyn_loc_ils_bulunamadi,warning
2A,navaidComponents,JEPP_MKR_IPUB_K2_OUTER,ident,IPUB/K2,marker_ebeveyn_loc_ils_bulunamadi,warning
2A,navaidComponents,JEPP_MKR_IPVL_K3_INNER,ident,IPVL/K3,marker_ebeveyn_loc_ils_bulunamadi,warning
2A,navaidComponents,JEPP_MKR_IPVL_K3_MIDDLE,ident,IPVL/K3,marker_ebeveyn_loc_ils_bulunamadi,warning
2A,navaidComponents,JEPP_MKR_IPVY_K5_INNER,ident,IPVY/K5,marker_ebeveyn_loc_ils_bulunamadi,warning
2A,navaidComponents,JEPP_MKR_IPWA_K4_OUTER,ident,IPWA/K4,marker_ebeveyn_loc_ils_bulunamadi,warning
2A,navaidComponents,JEPP_MKR_IPWM_K6_INNER,ident,IPWM/K6,marker_ebeveyn_loc_ils_bulunamadi,warning
2A,navaidComponents,JEPP_MKR_IQO_SE_BACKCOURSE,ident,IQO/SE,marker_ebeveyn_loc_ils_bulunamadi,warning
2A,navaidComponents,JEPP_MKR_IQO_SE_MIDDLE,ident,IQO/SE,marker_ebeveyn_loc_ils_bulunamadi,warning
2A,navaidComponents,JEPP_MKR_IQO_SE_OUTER,ident,IQO/SE,marker_ebeveyn_loc_ils_bulunamadi,warning
2A,navaidComponents,JEPP_MKR_IRFN_RK_INNER,ident,IRFN/RK,marker_ebeveyn_loc_ils_bulunamadi,warning
2A,navaidComponents,JEPP_MKR_IRFN_RK_MIDDLE,ident,IRFN/RK,marker_ebeveyn_loc_ils_bulunamadi,warning
2A,navaidComponents,JEPP_MKR_IRFS_RK_INNER,ident,IRFS/RK,marker_ebeveyn_loc_ils_bulunamadi,warning
2A,navaidComponents,JEPP_MKR_IRFS_RK_MIDDLE,ident,IRFS/RK,marker_ebeveyn_loc_ils_bulunamadi,warning
2A,navaidComponents,JEPP_MKR_IRGK_K3_OUTER,ident,IRGK/K3,marker_ebeveyn_loc_ils_bulunamadi,warning
2A,navaidComponents,JEPP_MKR_IRGO_K5_OUTER,ident,IRGO/K5,marker_ebeveyn_loc_ils_bulunamadi,warning
2A,navaidComponents,JEPP_MKR_IRGR_K4_INNER,ident,IRGR/K4,marker_ebeveyn_loc_ils_bulunamadi,warning
2A,navaidComponents,JEPP_MKR_IRGS_K7_INNER,ident,IRGS/K7,marker_ebeveyn_loc_ils_bulunamadi,warning
2A,navaidComponents,JEPP_MKR_IRHI_K5_OUTER,ident,IRHI/K5,marker_ebeveyn_loc_ils_bulunamadi,warning
2A,navaidComponents,JEPP_MKR_IRKN_RK_INNER,ident,IRKN/RK,marker_ebeveyn_loc_ils_bulunamadi,warning
2A,navaidComponents,JEPP_MKR_IRKN_RK_MIDDLE,ident,IRKN/RK,marker_ebeveyn_loc_ils_bulunamadi,warning
2A,navaidComponents,JEPP_MKR_IRKS_RK_INNER,ident,IRKS/RK,marker_ebeveyn_loc_ils_bulunamadi,warning
2A,navaidComponents,JEPP_MKR_IRKS_RK_MIDDLE,ident,IRKS/RK,marker_ebeveyn_loc_ils_bulunamadi,warning
2A,navaidComponents,JEPP_MKR_IRLI_K5_INNER,ident,IRLI/K5,marker_ebeveyn_loc_ils_bulunamadi,warning
2A,navaidComponents,JEPP_MKR_IRO_UN_MIDDLE,ident,IRO/UN,marker_ebeveyn_loc_ils_bulunamadi,warning
2A,navaidComponents,JEPP_MKR_IRO_UN_OUTER,ident,IRO/UN,marker_ebeveyn_loc_ils_bulunamadi,warning
2A,navaidComponents,JEPP_MKR_IROA_K6_OUTER,ident,IROA/K6,marker_ebeveyn_loc_ils_bulunamadi,warning
2A,navaidComponents,JEPP_MKR_IROW_K2_OUTER,ident,IROW/K2,marker_ebeveyn_loc_ils_bulunamadi,warning
2A,navaidComponents,JEPP_MKR_IRPD_K5_OUTER,ident,IRPD/K5,marker_ebeveyn_loc_ils_bulunamadi,warning
2A,navaidComponents,JEPP_MKR_IRST_K3_INNER,ident,IRST/K3,marker_ebeveyn_loc_ils_bulunamadi,warning
2A,navaidComponents,JEPP_MKR_IRUM_K4_OUTER,ident,IRUM/K4,marker_ebeveyn_loc_ils_bulunamadi,warning
2A,navaidComponents,JEPP_MKR_IRUQ_K7_OUTER,ident,IRUQ/K7,marker_ebeveyn_loc_ils_bulunamadi,warning
2A,navaidComponents,JEPP_MKR_IRVS_K4_OUTER,ident,IRVS/K4,marker_ebeveyn_loc_ils_bulunamadi,warning
2A,navaidComponents,JEPP_MKR_ISA_UZ_MIDDLE,ident,ISA/UZ,marker_ebeveyn_loc_ils_bulunamadi,warning
2A,navaidComponents,JEPP_MKR_ISA_UZ_OUTER,ident,ISA/UZ,marker_ebeveyn_loc_ils_bulunamadi,warning
2A,navaidComponents,JEPP_MKR_ISAJ_K5_INNER,ident,ISAJ/K5,marker_ebeveyn_loc_ils_bulunamadi,warning
2A,navaidComponents,JEPP_MKR_ISAN_OY_MIDDLE,ident,ISAN/OY,marker_ebeveyn_loc_ils_bulunamadi,warning
2A,navaidComponents,JEPP_MKR_ISAN_OY_OUTER,ident,ISAN/OY,marker_ebeveyn_loc_ils_bulunamadi,warning
2A,navaidComponents,JEPP_MKR_ISBH_HL_MIDDLE,ident,ISBH/HL,marker_ebeveyn_loc_ils_bulunamadi,warning
2A,navaidComponents,JEPP_MKR_ISBN_K5_OUTER,ident,ISBN/K5,marker_ebeveyn_loc_ils_bulunamadi,warning
2A,navaidComponents,JEPP_MKR_ISCH_K6_OUTER,ident,ISCH/K6,marker_ebeveyn_loc_ils_bulunamadi,warning
2A,navaidComponents,JEPP_MKR_ISEL_RK_INNER,ident,ISEL/RK,marker_ebeveyn_loc_ils_bulunamadi,warning
2A,navaidComponents,JEPP_MKR_ISEM_K7_OUTER,ident,ISEM/K7,marker_ebeveyn_loc_ils_bulunamadi,warning
2A,navaidComponents,JEPP_MKR_ISGZ_K5_OUTER,ident,ISGZ/K5,marker_ebeveyn_loc_ils_bulunamadi,warning
2A,navaidComponents,JEPP_MKR_ISH_RJ_MIDDLE,ident,ISH/RJ,marker_ebeveyn_loc_ils_bulunamadi,warning
2A,navaidComponents,JEPP_MKR_ISHD_K6_OUTER,ident,ISHD/K6,marker_ebeveyn_loc_ils_bulunamadi,warning
2A,navaidComponents,JEPP_MKR_ISHV_K4_INNER,ident,ISHV/K4,marker_ebeveyn_loc_ils_bulunamadi,warning
2A,navaidComponents,JEPP_MKR_ISIB_OB_MIDDLE,ident,ISIB/OB,marker_ebeveyn_loc_ils_bulunamadi,warning
2A,navaidComponents,JEPP_MKR_ISIW_ED_MIDDLE,ident,ISIW/ED,marker_ebeveyn_loc_ils_bulunamadi,warning
2A,navaidComponents,JEPP_MKR_ISJU_TJ_OUTER,ident,ISJU/TJ,marker_ebeveyn_loc_ils_bulunamadi,warning
2A,navaidComponents,JEPP_MKR_ISJW_K3_INNER,ident,ISJW/K3,marker_ebeveyn_loc_ils_bulunamadi,warning
2A,navaidComponents,JEPP_MKR_ISKP_RK_INNER,ident,ISKP/RK,marker_ebeveyn_loc_ils_bulunamadi,warning
2A,navaidComponents,JEPP_MKR_ISLC_K2_INNER,ident,ISLC/K2,marker_ebeveyn_loc_ils_bulunamadi,warning
2A,navaidComponents,JEPP_MKR_ISLL_RK_INNER,ident,ISLL/RK,marker_ebeveyn_loc_ils_bulunamadi,warning
2A,navaidComponents,JEPP_MKR_ISLL_RK_MIDDLE,ident,ISLL/RK,marker_ebeveyn_loc_ils_bulunamadi,warning
2A,navaidComponents,JEPP_MKR_ISLN_K3_OUTER,ident,ISLN/K3,marker_ebeveyn_loc_ils_bulunamadi,warning
2A,navaidComponents,JEPP_MKR_ISLO_WA_MIDDLE,ident,ISLO/WA,marker_ebeveyn_loc_ils_bulunamadi,warning
2A,navaidComponents,JEPP_MKR_ISLO_WA_OUTER,ident,ISLO/WA,marker_ebeveyn_loc_ils_bulunamadi,warning
2A,navaidComponents,JEPP_MKR_ISM_LI_MIDDLE,ident,ISM/LI,marker_ebeveyn_loc_ils_bulunamadi,warning
2A,navaidComponents,JEPP_MKR_ISMF_K2_INNER,ident,ISMF/K2,marker_ebeveyn_loc_ils_bulunamadi,warning
2A,navaidComponents,JEPP_MKR_ISMR_K1_INNER,ident,ISMR/K1,marker_ebeveyn_loc_ils_bulunamadi,warning
2A,navaidComponents,JEPP_MKR_ISMX_K2_OUTER,ident,ISMX/K2,marker_ebeveyn_loc_ils_bulunamadi,warning
2A,navaidComponents,JEPP_MKR_ISPI_K5_OUTER,ident,ISPI/K5,marker_ebeveyn_loc_ils_bulunamadi,warning
2A,navaidComponents,JEPP_MKR_ISPW_K3_OUTER,ident,ISPW/K3,marker_ebeveyn_loc_ils_bulunamadi,warning
2A,navaidComponents,JEPP_MKR_ISQK_K5_OUTER,ident,ISQK/K5,marker_ebeveyn_loc_ils_bulunamadi,warning
2A,navaidComponents,JEPP_MKR_ISRR_RK_INNER,ident,ISRR/RK,marker_ebeveyn_loc_ils_bulunamadi,warning
2A,navaidComponents,JEPP_MKR_ISRR_RK_MIDDLE,ident,ISRR/RK,marker_ebeveyn_loc_ils_bulunamadi,warning
2A,navaidComponents,JEPP_MKR_IST_LD_MIDDLE,ident,IST/LD,marker_ebeveyn_loc_ils_bulunamadi,warning
2A,navaidComponents,JEPP_MKR_IST_LD_OUTER,ident,IST/LD,marker_ebeveyn_loc_ils_bulunamadi,warning
2A,navaidComponents,JEPP_MKR_ISTC_K3_MIDDLE,ident,ISTC/K3,marker_ebeveyn_loc_ils_bulunamadi,warning
2A,navaidComponents,JEPP_MKR_ISTC_K3_OUTER,ident,ISTC/K3,marker_ebeveyn_loc_ils_bulunamadi,warning
2A,navaidComponents,JEPP_MKR_ISTJ_K3_OUTER,ident,ISTJ/K3,marker_ebeveyn_loc_ils_bulunamadi,warning
2A,navaidComponents,JEPP_MKR_ISTX_TI_OUTER,ident,ISTX/TI,marker_ebeveyn_loc_ils_bulunamadi,warning
2A,navaidComponents,JEPP_MKR_ISUS_K3_OUTER,ident,ISUS/K3,marker_ebeveyn_loc_ils_bulunamadi,warning
2A,navaidComponents,JEPP_MKR_ISWE_K3_MIDDLE,ident,ISWE/K3,marker_ebeveyn_loc_ils_bulunamadi,warning
2A,navaidComponents,JEPP_MKR_ISWE_K3_OUTER,ident,ISWE/K3,marker_ebeveyn_loc_ils_bulunamadi,warning
2A,navaidComponents,JEPP_MKR_ISWF_K6_OUTER,ident,ISWF/K6,marker_ebeveyn_loc_ils_bulunamadi,warning
2A,navaidComponents,JEPP_MKR_ISWH_ED_MIDDLE,ident,ISWH/ED,marker_ebeveyn_loc_ils_bulunamadi,warning
2A,navaidComponents,JEPP_MKR_ISWO_K4_OUTER,ident,ISWO/K4,marker_ebeveyn_loc_ils_bulunamadi,warning
2A,navaidComponents,JEPP_MKR_ISYD_K1_OUTER,ident,ISYD/K1,marker_ebeveyn_loc_ils_bulunamadi,warning
2A,navaidComponents,JEPP_MKR_ISYR_K6_INNER,ident,ISYR/K6,marker_ebeveyn_loc_ils_bulunamadi,warning
2A,navaidComponents,JEPP_MKR_ISZK_K6_OUTER,ident,ISZK/K6,marker_ebeveyn_loc_ils_bulunamadi,warning
2A,navaidComponents,JEPP_MKR_ITB_SB_INNER,ident,ITB/SB,marker_ebeveyn_loc_ils_bulunamadi,warning
2A,navaidComponents,JEPP_MKR_ITC_RJ_INNER,ident,ITC/RJ,marker_ebeveyn_loc_ils_bulunamadi,warning
2A,navaidComponents,JEPP_MKR_ITGE_ED_MIDDLE,ident,ITGE/ED,marker_ebeveyn_loc_ils_bulunamadi,warning
2A,navaidComponents,JEPP_MKR_ITGE_ED_OUTER,ident,ITGE/ED,marker_ebeveyn_loc_ils_bulunamadi,warning
2A,navaidComponents,JEPP_MKR_ITGW_ED_MIDDLE,ident,ITGW/ED,marker_ebeveyn_loc_ils_bulunamadi,warning
2A,navaidComponents,JEPP_MKR_ITGW_ED_OUTER,ident,ITGW/ED,marker_ebeveyn_loc_ils_bulunamadi,warning
2A,navaidComponents,JEPP_MKR_ITIJ_MM_MIDDLE,ident,ITIJ/MM,marker_ebeveyn_loc_ils_bulunamadi,warning
2A,navaidComponents,JEPP_MKR_ITIW_K1_OUTER,ident,ITIW/K1,marker_ebeveyn_loc_ils_bulunamadi,warning
2A,navaidComponents,JEPP_MKR_ITKL_VT_MIDDLE,ident,ITKL/VT,marker_ebeveyn_loc_ils_bulunamadi,warning
2A,navaidComponents,JEPP_MKR_ITLE_ED_MIDDLE,ident,ITLE/ED,marker_ebeveyn_loc_ils_bulunamadi,warning
2A,navaidComponents,JEPP_MKR_ITLE_ED_OUTER,ident,ITLE/ED,marker_ebeveyn_loc_ils_bulunamadi,warning
2A,navaidComponents,JEPP_MKR_ITLW_ED_MIDDLE,ident,ITLW/ED,marker_ebeveyn_loc_ils_bulunamadi,warning
2A,navaidComponents,JEPP_MKR_ITLW_ED_OUTER,ident,ITLW/ED,marker_ebeveyn_loc_ils_bulunamadi,warning
2A,navaidComponents,JEPP_MKR_ITMK_WA_MIDDLE,ident,ITMK/WA,marker_ebeveyn_loc_ils_bulunamadi,warning
2A,navaidComponents,JEPP_MKR_ITOC_LI_MIDDLE,ident,ITOC/LI,marker_ebeveyn_loc_ils_bulunamadi,warning
2A,navaidComponents,JEPP_MKR_ITOC_LI_OUTER,ident,ITOC/LI,marker_ebeveyn_loc_ils_bulunamadi,warning
2A,navaidComponents,JEPP_MKR_ITOL_K5_OUTER,ident,ITOL/K5,marker_ebeveyn_loc_ils_bulunamadi,warning
2A,navaidComponents,JEPP_MKR_ITOP_K3_OUTER,ident,ITOP/K3,marker_ebeveyn_loc_ils_bulunamadi,warning
2A,navaidComponents,JEPP_MKR_ITPA_K7_INNER,ident,ITPA/K7,marker_ebeveyn_loc_ils_bulunamadi,warning
2A,navaidComponents,JEPP_MKR_ITPL_K4_OUTER,ident,ITPL/K4,marker_ebeveyn_loc_ils_bulunamadi,warning
2A,navaidComponents,JEPP_MKR_ITPN_WI_MIDDLE,ident,ITPN/WI,marker_ebeveyn_loc_ils_bulunamadi,warning
2A,navaidComponents,JEPP_MKR_ITRI_K7_INNER,ident,ITRI/K7,marker_ebeveyn_loc_ils_bulunamadi,warning
2A,navaidComponents,JEPP_MKR_ITRI_K7_OUTER,ident,ITRI/K7,marker_ebeveyn_loc_ils_bulunamadi,warning
2A,navaidComponents,JEPP_MKR_ITSL_K5_INNER,ident,ITSL/K5,marker_ebeveyn_loc_ils_bulunamadi,warning
2A,navaidComponents,JEPP_MKR_ITUL_K4_INNER,ident,ITUL/K4,marker_ebeveyn_loc_ils_bulunamadi,warning
2A,navaidComponents,JEPP_MKR_ITUL_K4_OUTER,ident,ITUL/K4,marker_ebeveyn_loc_ils_bulunamadi,warning
2A,navaidComponents,JEPP_MKR_ITUP_K7_OUTER,ident,ITUP/K7,marker_ebeveyn_loc_ils_bulunamadi,warning
2A,navaidComponents,JEPP_MKR_ITUU_K6_MIDDLE,ident,ITUU/K6,marker_ebeveyn_loc_ils_bulunamadi,warning
2A,navaidComponents,JEPP_MKR_ITVC_K5_OUTER,ident,ITVC/K5,marker_ebeveyn_loc_ils_bulunamadi,warning
2A,navaidComponents,JEPP_MKR_ITW_YB_MIDDLE,ident,ITW/YB,marker_ebeveyn_loc_ils_bulunamadi,warning
2A,navaidComponents,JEPP_MKR_ITW_YB_OUTER,ident,ITW/YB,marker_ebeveyn_loc_ils_bulunamadi,warning
2A,navaidComponents,JEPP_MKR_ITWF_K1_OUTER,ident,ITWF/K1,marker_ebeveyn_loc_ils_bulunamadi,warning
2A,navaidComponents,JEPP_MKR_ITWI_K3_INNER,ident,ITWI/K3,marker_ebeveyn_loc_ils_bulunamadi,warning
2A,navaidComponents,JEPP_MKR_ITWI_K3_OUTER,ident,ITWI/K3,marker_ebeveyn_loc_ils_bulunamadi,warning
2A,navaidComponents,JEPP_MKR_ITWO_K2_INNER,ident,ITWO/K2,marker_ebeveyn_loc_ils_bulunamadi,warning
2A,navaidComponents,JEPP_MKR_ITXP_K7_OUTER,ident,ITXP/K7,marker_ebeveyn_loc_ils_bulunamadi,warning
2A,navaidComponents,JEPP_MKR_ITYS_K7_OUTER,ident,ITYS/K7,marker_ebeveyn_loc_ils_bulunamadi,warning
2A,navaidComponents,JEPP_MKR_IUC_SB_INNER,ident,IUC/SB,marker_ebeveyn_loc_ils_bulunamadi,warning
2A,navaidComponents,JEPP_MKR_IUC_SB_MIDDLE,ident,IUC/SB,marker_ebeveyn_loc_ils_bulunamadi,warning
2A,navaidComponents,JEPP_MKR_IUCY_K7_OUTER,ident,IUCY/K7,marker_ebeveyn_loc_ils_bulunamadi,warning
2A,navaidComponents,JEPP_MKR_IUDY_K5_INNER,ident,IUDY/K5,marker_ebeveyn_loc_ils_bulunamadi,warning
2A,navaidComponents,JEPP_MKR_IUF_UM_MIDDLE,ident,IUF/UM,marker_ebeveyn_loc_ils_bulunamadi,warning
2A,navaidComponents,JEPP_MKR_IUF_UM_OUTER,ident,IUF/UM,marker_ebeveyn_loc_ils_bulunamadi,warning
2A,navaidComponents,JEPP_MKR_IUGN_K5_OUTER,ident,IUGN/K5,marker_ebeveyn_loc_ils_bulunamadi,warning
2A,navaidComponents,JEPP_MKR_IUH_UZ_MIDDLE,ident,IUH/UZ,marker_ebeveyn_loc_ils_bulunamadi,warning
2A,navaidComponents,JEPP_MKR_IUH_UZ_OUTER,ident,IUH/UZ,marker_ebeveyn_loc_ils_bulunamadi,warning
2A,navaidComponents,JEPP_MKR_IUIN_K5_OUTER,ident,IUIN/K5,marker_ebeveyn_loc_ils_bulunamadi,warning
2A,navaidComponents,JEPP_MKR_IUJP_WA_MIDDLE,ident,IUJP/WA,marker_ebeveyn_loc_ils_bulunamadi,warning
2A,navaidComponents,JEPP_MKR_IUL_UW_MIDDLE,ident,IUL/UW,marker_ebeveyn_loc_ils_bulunamadi,warning
2A,navaidComponents,JEPP_MKR_IUL_UW_OUTER,ident,IUL/UW,marker_ebeveyn_loc_ils_bulunamadi,warning
2A,navaidComponents,JEPP_MKR_IUPE_K4_INNER,ident,IUPE/K4,marker_ebeveyn_loc_ils_bulunamadi,warning
2A,navaidComponents,JEPP_MKR_IUPG_WA_MIDDLE,ident,IUPG/WA,marker_ebeveyn_loc_ils_bulunamadi,warning
2A,navaidComponents,JEPP_MKR_IUQU_K7_INNER,ident,IUQU/K7,marker_ebeveyn_loc_ils_bulunamadi,warning
2A,navaidComponents,JEPP_MKR_IUU_UM_MIDDLE,ident,IUU/UM,marker_ebeveyn_loc_ils_bulunamadi,warning
2A,navaidComponents,JEPP_MKR_IUU_UM_OUTER,ident,IUU/UM,marker_ebeveyn_loc_ils_bulunamadi,warning
2A,navaidComponents,JEPP_MKR_IUUR_K7_OUTER,ident,IUUR/K7,marker_ebeveyn_loc_ils_bulunamadi,warning
2A,navaidComponents,JEPP_MKR_IUVD_K7_OUTER,ident,IUVD/K7,marker_ebeveyn_loc_ils_bulunamadi,warning
2A,navaidComponents,JEPP_MKR_IUVM_K6_OUTER,ident,IUVM/K6,marker_ebeveyn_loc_ils_bulunamadi,warning
2A,navaidComponents,JEPP_MKR_IUXL_K4_OUTER,ident,IUXL/K4,marker_ebeveyn_loc_ils_bulunamadi,warning
2A,navaidComponents,JEPP_MKR_IUXT_K4_OUTER,ident,IUXT/K4,marker_ebeveyn_loc_ils_bulunamadi,warning
2A,navaidComponents,JEPP_MKR_IUXW_K5_OUTER,ident,IUXW/K5,marker_ebeveyn_loc_ils_bulunamadi,warning
2A,navaidComponents,JEPP_MKR_IUYJ_K5_INNER,ident,IUYJ/K5,marker_ebeveyn_loc_ils_bulunamadi,warning
2A,navaidComponents,JEPP_MKR_IUZA_K7_OUTER,ident,IUZA/K7,marker_ebeveyn_loc_ils_bulunamadi,warning
2A,navaidComponents,JEPP_MKR_IVAC_K5_INNER,ident,IVAC/K5,marker_ebeveyn_loc_ils_bulunamadi,warning
2A,navaidComponents,JEPP_MKR_IVDM_SC_MIDDLE,ident,IVDM/SC,marker_ebeveyn_loc_ils_bulunamadi,warning
2A,navaidComponents,JEPP_MKR_IVNK_K4_INNER,ident,IVNK/K4,marker_ebeveyn_loc_ils_bulunamadi,warning
2A,navaidComponents,JEPP_MKR_IVOK_K5_OUTER,ident,IVOK/K5,marker_ebeveyn_loc_ils_bulunamadi,warning
2A,navaidComponents,JEPP_MKR_IVP_UG_MIDDLE,ident,IVP/UG,marker_ebeveyn_loc_ils_bulunamadi,warning
2A,navaidComponents,JEPP_MKR_IVP_UG_OUTER,ident,IVP/UG,marker_ebeveyn_loc_ils_bulunamadi,warning
2A,navaidComponents,JEPP_MKR_IVPZ_K5_OUTER,ident,IVPZ/K5,marker_ebeveyn_loc_ils_bulunamadi,warning
2A,navaidComponents,JEPP_MKR_IVQO_K6_MIDDLE,ident,IVQO/K6,marker_ebeveyn_loc_ils_bulunamadi,warning
2A,navaidComponents,JEPP_MKR_IVQX_K5_INNER,ident,IVQX/K5,marker_ebeveyn_loc_ils_bulunamadi,warning
2A,navaidComponents,JEPP_MKR_IVRN_LI_MIDDLE,ident,IVRN/LI,marker_ebeveyn_loc_ils_bulunamadi,warning
2A,navaidComponents,JEPP_MKR_IVUJ_K7_OUTER,ident,IVUJ/K7,marker_ebeveyn_loc_ils_bulunamadi,warning
2A,navaidComponents,JEPP_MKR_IVX_UM_MIDDLE,ident,IVX/UM,marker_ebeveyn_loc_ils_bulunamadi,warning
2A,navaidComponents,JEPP_MKR_IVX_UM_OUTER,ident,IVX/UM,marker_ebeveyn_loc_ils_bulunamadi,warning
2A,navaidComponents,JEPP_MKR_IVYN_K4_INNER,ident,IVYN/K4,marker_ebeveyn_loc_ils_bulunamadi,warning
2A,navaidComponents,JEPP_MKR_IVZE_K5_INNER,ident,IVZE/K5,marker_ebeveyn_loc_ils_bulunamadi,warning
2A,navaidComponents,JEPP_MKR_IWES_ED_MIDDLE,ident,IWES/ED,marker_ebeveyn_loc_ils_bulunamadi,warning
2A,navaidComponents,JEPP_MKR_IWES_ED_OUTER,ident,IWES/ED,marker_ebeveyn_loc_ils_bulunamadi,warning
2A,navaidComponents,JEPP_MKR_IWM_UU_MIDDLE,ident,IWM/UU,marker_ebeveyn_loc_ils_bulunamadi,warning
2A,navaidComponents,JEPP_MKR_IWN_UE_MIDDLE,ident,IWN/UE,marker_ebeveyn_loc_ils_bulunamadi,warning
2A,navaidComponents,JEPP_MKR_IWN_UE_OUTER,ident,IWN/UE,marker_ebeveyn_loc_ils_bulunamadi,warning
2A,navaidComponents,JEPP_MKR_IWN_UW_MIDDLE,ident,IWN/UW,marker_ebeveyn_loc_ils_bulunamadi,warning
2A,navaidComponents,JEPP_MKR_IWN_UW_OUTER,ident,IWN/UW,marker_ebeveyn_loc_ils_bulunamadi,warning
2A,navaidComponents,JEPP_MKR_IWW_ZG_OUTER,ident,IWW/ZG,marker_ebeveyn_loc_ils_bulunamadi,warning
2A,navaidComponents,JEPP_MKR_IXUU_K7_INNER,ident,IXUU/K7,marker_ebeveyn_loc_ils_bulunamadi,warning
2A,navaidComponents,JEPP_MKR_IYKM_K1_OUTER,ident,IYKM/K1,marker_ebeveyn_loc_ils_bulunamadi,warning
2A,navaidComponents,JEPP_MKR_IYNG_K5_OUTER,ident,IYNG/K5,marker_ebeveyn_loc_ils_bulunamadi,warning
2A,navaidComponents,JEPP_MKR_IZA_LD_MIDDLE,ident,IZA/LD,marker_ebeveyn_loc_ils_bulunamadi,warning
2A,navaidComponents,JEPP_MKR_IZA_LD_OUTER,ident,IZA/LD,marker_ebeveyn_loc_ils_bulunamadi,warning
2A,navaidComponents,JEPP_MKR_IZD_LD_MIDDLE,ident,IZD/LD,marker_ebeveyn_loc_ils_bulunamadi,warning
2A,navaidComponents,JEPP_MKR_IZD_LD_OUTER,ident,IZD/LD,marker_ebeveyn_loc_ils_bulunamadi,warning
2A,navaidComponents,JEPP_MKR_IZFP_MY_MIDDLE,ident,IZFP/MY,marker_ebeveyn_loc_ils_bulunamadi,warning
2A,navaidComponents,JEPP_MKR_IZFP_MY_OUTER,ident,IZFP/MY,marker_ebeveyn_loc_ils_bulunamadi,warning
2A,navaidComponents,JEPP_MKR_IZG_LD_MIDDLE,ident,IZG/LD,marker_ebeveyn_loc_ils_bulunamadi,warning
2A,navaidComponents,JEPP_MKR_IZG_LD_OUTER,ident,IZG/LD,marker_ebeveyn_loc_ils_bulunamadi,warning
2A,navaidComponents,JEPP_MKR_IZJ_US_MIDDLE,ident,IZJ/US,marker_ebeveyn_loc_ils_bulunamadi,warning
2A,navaidComponents,JEPP_MKR_IZJ_US_OUTER,ident,IZJ/US,marker_ebeveyn_loc_ils_bulunamadi,warning
2A,navaidComponents,JEPP_MKR_IZR_UZ_MIDDLE,ident,IZR/UZ,marker_ebeveyn_loc_ils_bulunamadi,warning
2A,navaidComponents,JEPP_MKR_IZR_UZ_OUTER,ident,IZR/UZ,marker_ebeveyn_loc_ils_bulunamadi,warning
2A,navaidComponents,JEPP_MKR_IZU_UZ_MIDDLE,ident,IZU/UZ,marker_ebeveyn_loc_ils_bulunamadi,warning
2A,navaidComponents,JEPP_MKR_IZU_UZ_OUTER,ident,IZU/UZ,marker_ebeveyn_loc_ils_bulunamadi,warning
2A,navaidComponents,JEPP_MKR_KD_LK_MIDDLE,ident,KD/LK,marker_ebeveyn_loc_ils_bulunamadi,warning
2A,navaidComponents,JEPP_MKR_KD_LK_OUTER,ident,KD/LK,marker_ebeveyn_loc_ils_bulunamadi,warning
2A,navaidComponents,JEPP_MKR_KE_LZ_MIDDLE,ident,KE/LZ,marker_ebeveyn_loc_ils_bulunamadi,warning
2A,navaidComponents,JEPP_MKR_KE_LZ_OUTER,ident,KE/LZ,marker_ebeveyn_loc_ils_bulunamadi,warning
2A,navaidComponents,JEPP_MKR_KM_FW_MIDDLE,ident,KM/FW,marker_ebeveyn_loc_ils_bulunamadi,warning
2A,navaidComponents,JEPP_MKR_KM_FW_OUTER,ident,KM/FW,marker_ebeveyn_loc_ils_bulunamadi,warning
2A,navaidComponents,JEPP_MKR_KVY_LK_MIDDLE,ident,KVY/LK,marker_ebeveyn_loc_ils_bulunamadi,warning
2A,navaidComponents,JEPP_MKR_LA_LK_MIDDLE,ident,LA/LK,marker_ebeveyn_loc_ils_bulunamadi,warning
2A,navaidComponents,JEPP_MKR_LA_LK_OUTER,ident,LA/LK,marker_ebeveyn_loc_ils_bulunamadi,warning
2A,navaidComponents,JEPP_MKR_LEV_LI_MIDDLE,ident,LEV/LI,marker_ebeveyn_loc_ils_bulunamadi,warning
2A,navaidComponents,JEPP_MKR_LEV_LI_OUTER,ident,LEV/LI,marker_ebeveyn_loc_ils_bulunamadi,warning
2A,navaidComponents,JEPP_MKR_LJB_LJ_BACKCOURSE,ident,LJB/LJ,marker_ebeveyn_loc_ils_bulunamadi,warning
2A,navaidComponents,JEPP_MKR_LJB_LJ_MIDDLE,ident,LJB/LJ,marker_ebeveyn_loc_ils_bulunamadi,warning
2A,navaidComponents,JEPP_MKR_LJB_LJ_OUTER,ident,LJB/LJ,marker_ebeveyn_loc_ils_bulunamadi,warning
2A,navaidComponents,JEPP_MKR_LXI_LF_MIDDLE,ident,LXI/LF,marker_ebeveyn_loc_ils_bulunamadi,warning
2A,navaidComponents,JEPP_MKR_LXI_LF_OUTER,ident,LXI/LF,marker_ebeveyn_loc_ils_bulunamadi,warning
2A,navaidComponents,JEPP_MKR_MAR_LJ_MIDDLE,ident,MAR/LJ,marker_ebeveyn_loc_ils_bulunamadi,warning
2A,navaidComponents,JEPP_MKR_MAR_LJ_OUTER,ident,MAR/LJ,marker_ebeveyn_loc_ils_bulunamadi,warning
2A,navaidComponents,JEPP_MKR_MDM_LF_MIDDLE,ident,MDM/LF,marker_ebeveyn_loc_ils_bulunamadi,warning
2A,navaidComponents,JEPP_MKR_MDM_LF_OUTER,ident,MDM/LF,marker_ebeveyn_loc_ils_bulunamadi,warning
2A,navaidComponents,JEPP_MKR_MI_EF_MIDDLE,ident,MI/EF,marker_ebeveyn_loc_ils_bulunamadi,warning
2A,navaidComponents,JEPP_MKR_MI_EF_OUTER,ident,MI/EF,marker_ebeveyn_loc_ils_bulunamadi,warning
2A,navaidComponents,JEPP_MKR_MI_LF_MIDDLE,ident,MI/LF,marker_ebeveyn_loc_ils_bulunamadi,warning
2A,navaidComponents,JEPP_MKR_MI_LF_OUTER,ident,MI/LF,marker_ebeveyn_loc_ils_bulunamadi,warning
2A,navaidComponents,JEPP_MKR_MLP_LI_MIDDLE,ident,MLP/LI,marker_ebeveyn_loc_ils_bulunamadi,warning
2A,navaidComponents,JEPP_MKR_MLP_LI_OUTER,ident,MLP/LI,marker_ebeveyn_loc_ils_bulunamadi,warning
2A,navaidComponents,JEPP_MKR_MM13_VH_MIDDLE,ident,MM13/VH,marker_ebeveyn_loc_ils_bulunamadi,warning
2A,navaidComponents,JEPP_MKR_MM31_VH_MIDDLE,ident,MM31/VH,marker_ebeveyn_loc_ils_bulunamadi,warning
2A,navaidComponents,JEPP_MKR_MX_ES_MIDDLE,ident,MX/ES,marker_ebeveyn_loc_ils_bulunamadi,warning
2A,navaidComponents,JEPP_MKR_NAY_LF_MIDDLE,ident,NAY/LF,marker_ebeveyn_loc_ils_bulunamadi,warning
2A,navaidComponents,JEPP_MKR_NAY_LF_OUTER,ident,NAY/LF,marker_ebeveyn_loc_ils_bulunamadi,warning
2A,navaidComponents,JEPP_MKR_NB_VV_MIDDLE,ident,NB/VV,marker_ebeveyn_loc_ils_bulunamadi,warning
2A,navaidComponents,JEPP_MKR_NB_VV_OUTER,ident,NB/VV,marker_ebeveyn_loc_ils_bulunamadi,warning
2A,navaidComponents,JEPP_MKR_NKM_ES_MIDDLE,ident,NKM/ES,marker_ebeveyn_loc_ils_bulunamadi,warning
2A,navaidComponents,JEPP_MKR_NKM_ES_OUTER,ident,NKM/ES,marker_ebeveyn_loc_ils_bulunamadi,warning
2A,navaidComponents,JEPP_MKR_NL_LP_MIDDLE,ident,NL/LP,marker_ebeveyn_loc_ils_bulunamadi,warning
2A,navaidComponents,JEPP_MKR_NOK_ES_MIDDLE,ident,NOK/ES,marker_ebeveyn_loc_ils_bulunamadi,warning
2A,navaidComponents,JEPP_MKR_NOK_ES_OUTER,ident,NOK/ES,marker_ebeveyn_loc_ils_bulunamadi,warning
2A,navaidComponents,JEPP_MKR_OAN_LF_MIDDLE,ident,OAN/LF,marker_ebeveyn_loc_ils_bulunamadi,warning
2A,navaidComponents,JEPP_MKR_OAN_LF_OUTER,ident,OAN/LF,marker_ebeveyn_loc_ils_bulunamadi,warning
2A,navaidComponents,JEPP_MKR_OB_LZ_MIDDLE,ident,OB/LZ,marker_ebeveyn_loc_ils_bulunamadi,warning
2A,navaidComponents,JEPP_MKR_OB_LZ_OUTER,ident,OB/LZ,marker_ebeveyn_loc_ils_bulunamadi,warning
2A,navaidComponents,JEPP_MKR_OKR_LZ_OUTER,ident,OKR/LZ,marker_ebeveyn_loc_ils_bulunamadi,warning
2A,navaidComponents,JEPP_MKR_OM13_VH_OUTER,ident,OM13/VH,marker_ebeveyn_loc_ils_bulunamadi,warning
2A,navaidComponents,JEPP_MKR_OM31_VH_OUTER,ident,OM31/VH,marker_ebeveyn_loc_ils_bulunamadi,warning
2A,navaidComponents,JEPP_MKR_ORG_LF_MIDDLE,ident,ORG/LF,marker_ebeveyn_loc_ils_bulunamadi,warning
2A,navaidComponents,JEPP_MKR_ORG_LF_OUTER,ident,ORG/LF,marker_ebeveyn_loc_ils_bulunamadi,warning
2A,navaidComponents,JEPP_MKR_PA_ES_MIDDLE,ident,PA/ES,marker_ebeveyn_loc_ils_bulunamadi,warning
2A,navaidComponents,JEPP_MKR_PA_ES_OUTER,ident,PA/ES,marker_ebeveyn_loc_ils_bulunamadi,warning
2A,navaidComponents,JEPP_MKR_PK_LK_MIDDLE,ident,PK/LK,marker_ebeveyn_loc_ils_bulunamadi,warning
2A,navaidComponents,JEPP_MKR_PK_LK_OUTER,ident,PK/LK,marker_ebeveyn_loc_ils_bulunamadi,warning
2A,navaidComponents,JEPP_MKR_PR_LP_OUTER,ident,PR/LP,marker_ebeveyn_loc_ils_bulunamadi,warning
2A,navaidComponents,JEPP_MKR_REG_LI_MIDDLE,ident,REG/LI,marker_ebeveyn_loc_ils_bulunamadi,warning
2A,navaidComponents,JEPP_MKR_REG_LI_OUTER,ident,REG/LI,marker_ebeveyn_loc_ils_bulunamadi,warning
2A,navaidComponents,JEPP_MKR_RNC_LI_MIDDLE,ident,RNC/LI,marker_ebeveyn_loc_ils_bulunamadi,warning
2A,navaidComponents,JEPP_MKR_RNC_LI_OUTER,ident,RNC/LI,marker_ebeveyn_loc_ils_bulunamadi,warning
2A,navaidComponents,JEPP_MKR_RP_LZ_MIDDLE,ident,RP/LZ,marker_ebeveyn_loc_ils_bulunamadi,warning
2A,navaidComponents,JEPP_MKR_RP_LZ_OUTER,ident,RP/LZ,marker_ebeveyn_loc_ils_bulunamadi,warning
2A,navaidComponents,JEPP_MKR_SAL_LF_MIDDLE,ident,SAL/LF,marker_ebeveyn_loc_ils_bulunamadi,warning
2A,navaidComponents,JEPP_MKR_SAL_LF_OUTER,ident,SAL/LF,marker_ebeveyn_loc_ils_bulunamadi,warning
2A,navaidComponents,JEPP_MKR_SDI_LF_MIDDLE,ident,SDI/LF,marker_ebeveyn_loc_ils_bulunamadi,warning
2A,navaidComponents,JEPP_MKR_SDI_LF_OUTER,ident,SDI/LF,marker_ebeveyn_loc_ils_bulunamadi,warning
2A,navaidComponents,JEPP_MKR_SF_EK_MIDDLE,ident,SF/EK,marker_ebeveyn_loc_ils_bulunamadi,warning
2A,navaidComponents,JEPP_MKR_SF_EK_OUTER,ident,SF/EK,marker_ebeveyn_loc_ils_bulunamadi,warning
2A,navaidComponents,JEPP_MKR_SJ_ES_MIDDLE,ident,SJ/ES,marker_ebeveyn_loc_ils_bulunamadi,warning
2A,navaidComponents,JEPP_MKR_SJ_ES_OUTER,ident,SJ/ES,marker_ebeveyn_loc_ils_bulunamadi,warning
2A,navaidComponents,JEPP_MKR_SOE_ES_MIDDLE,ident,SOE/ES,marker_ebeveyn_loc_ils_bulunamadi,warning
2A,navaidComponents,JEPP_MKR_SOE_ES_OUTER,ident,SOE/ES,marker_ebeveyn_loc_ils_bulunamadi,warning
2A,navaidComponents,JEPP_MKR_SOK_ES_MIDDLE,ident,SOK/ES,marker_ebeveyn_loc_ils_bulunamadi,warning
2A,navaidComponents,JEPP_MKR_SOK_ES_OUTER,ident,SOK/ES,marker_ebeveyn_loc_ils_bulunamadi,warning
2A,navaidComponents,JEPP_MKR_SVJ_EK_MIDDLE,ident,SVJ/EK,marker_ebeveyn_loc_ils_bulunamadi,warning
2A,navaidComponents,JEPP_MKR_SZA_LF_MIDDLE,ident,SZA/LF,marker_ebeveyn_loc_ils_bulunamadi,warning
2A,navaidComponents,JEPP_MKR_SZA_LF_OUTER,ident,SZA/LF,marker_ebeveyn_loc_ils_bulunamadi,warning
2A,navaidComponents,JEPP_MKR_SZN_LH_MIDDLE,ident,SZN/LH,marker_ebeveyn_loc_ils_bulunamadi,warning
2A,navaidComponents,JEPP_MKR_SZN_LH_OUTER,ident,SZN/LH,marker_ebeveyn_loc_ils_bulunamadi,warning
2A,navaidComponents,JEPP_MKR_SZS_LH_MIDDLE,ident,SZS/LH,marker_ebeveyn_loc_ils_bulunamadi,warning
2A,navaidComponents,JEPP_MKR_SZS_LH_OUTER,ident,SZS/LH,marker_ebeveyn_loc_ils_bulunamadi,warning
2A,navaidComponents,JEPP_MKR_TRH_ES_MIDDLE,ident,TRH/ES,marker_ebeveyn_loc_ils_bulunamadi,warning
2A,navaidComponents,JEPP_MKR_TRH_ES_OUTER,ident,TRH/ES,marker_ebeveyn_loc_ils_bulunamadi,warning
2A,navaidComponents,JEPP_MKR_TT_LZ_MIDDLE,ident,TT/LZ,marker_ebeveyn_loc_ils_bulunamadi,warning
2A,navaidComponents,JEPP_MKR_TT_LZ_OUTER,ident,TT/LZ,marker_ebeveyn_loc_ils_bulunamadi,warning
2A,navaidComponents,JEPP_MKR_VTS_LI_MIDDLE,ident,VTS/LI,marker_ebeveyn_loc_ils_bulunamadi,warning
2A,navaids,LT_NAV_MEN,type,MEN / DHMI TURKIYE (2 aday),tipsiz_navaid_birden_fazla_ana_kaynak_adayi,warning
2A,routeSegments,EAD_RS_017553,-,-,iptal_kuraliyla_cikarildi,warning
2A,routeSegments,EAD_RS_029019,-,-,iptal_kuraliyla_cikarildi,warning
2A,routeSegments,EAD_RS_041073,-,-,iptal_kuraliyla_cikarildi,warning
2A,routeSegments,EAD_RS_041074,-,-,iptal_kuraliyla_cikarildi,warning
2A,routeSegments,EAD_RS_042335,-,-,iptal_kuraliyla_cikarildi,warning
2B,navaidComponents,EAD_GP_IDET_259923627,navaidLabeling_channel,0.3323,kanal_eslestirmesi_bulunamadi,warning
2B,navaidComponents,EAD_GP_IAK_101001007688756,navaidLabeling_channel,109.7,kanal_eslestirmesi_bulunamadi,warning
2B,navaidComponents,EAD_DME_CTI_400003102250460,navaidLabeling_freq,OTHER,frekans_eslestirmesi_bulunamadi,warning
2B,navaidComponents,EAD_DME_GGI_400003298366151,navaidLabeling_freq,,frekans_icin_kanal_yok,warning
2B,navaidComponents,EAD_DME_GGI_400003298366151,navaidLabeling_channel,,kanal_kaynakta_yok,warning
2B,navaidComponents,EAD_DME_GEI_400003298366148,navaidLabeling_freq,,frekans_icin_kanal_yok,warning
2B,navaidComponents,EAD_DME_GEI_400003298366148,navaidLabeling_channel,,kanal_kaynakta_yok,warning
2B,navaidComponents,EAD_DME_JBI_400003298366160,navaidLabeling_freq,,frekans_icin_kanal_yok,warning
2B,navaidComponents,EAD_DME_JBI_400003298366160,navaidLabeling_channel,,kanal_kaynakta_yok,warning
2B,navaidComponents,EAD_DME_ELI_400003298366166,navaidLabeling_freq,,frekans_icin_kanal_yok,warning
2B,navaidComponents,EAD_DME_ELI_400003298366166,navaidLabeling_channel,,kanal_kaynakta_yok,warning
2B,navaidComponents,EAD_DME_LAI_400003298366172,navaidLabeling_freq,,frekans_icin_kanal_yok,warning
2B,navaidComponents,EAD_DME_LAI_400003298366172,navaidLabeling_channel,,kanal_kaynakta_yok,warning
2B,navaidComponents,EAD_DME_KSI_400003298366163,navaidLabeling_freq,OTHER,frekans_eslestirmesi_bulunamadi,warning
2B,navaidComponents,EAD_GP_IDAN_400004839820641,navaidLabeling_channel,322.0,kanal_eslestirmesi_bulunamadi,warning
2B,navaidComponents,EAD_GP_IAOG_400004979222982,navaidLabeling_channel,333.1,kanal_eslestirmesi_bulunamadi,warning
2B,navaidComponents,EAD_DME_HNU_800001648161235,navaidLabeling_freq,63X,frekans_eslestirmesi_bulunamadi,warning
2B,navaidComponents,EAD_DME_LGJ_1403473474,navaidLabeling_freq,67X,frekans_eslestirmesi_bulunamadi,warning
2B,navaidComponents,EAD_DME_LM_400004216779368,navaidLabeling_freq,38W,frekans_eslestirmesi_bulunamadi,warning
2B,navaidComponents,EAD_TAC_EVS_4701564,navaidLabeling_freq,67X,frekans_eslestirmesi_bulunamadi,warning
2B,navaidComponents,EAD_TAC_ZZA_4963006,navaidLabeling_freq,64X,frekans_eslestirmesi_bulunamadi,warning
2B,navaidComponents,EAD_TAC_BOD_106558393,navaidLabeling_freq,69X,frekans_eslestirmesi_bulunamadi,warning
2B,navaidComponents,EAD_TAC_CRD_81081050,navaidLabeling_freq,60X,frekans_eslestirmesi_bulunamadi,warning
2B,navaidComponents,EAD_TAC_DWG_4702259,navaidLabeling_freq,2X,frekans_eslestirmesi_bulunamadi,warning
2B,navaidComponents,EAD_TAC_DYS_4702262,navaidLabeling_freq,63X,frekans_eslestirmesi_bulunamadi,warning
2B,navaidComponents,EAD_TAC_LKI_4702322,navaidLabeling_freq,11X,frekans_eslestirmesi_bulunamadi,warning
2B,navaidComponents,EAD_TAC_LSV_4702331,navaidLabeling_freq,12X,frekans_eslestirmesi_bulunamadi,warning
2B,navaidComponents,EAD_TAC_MTC_4702349,navaidLabeling_freq,64X,frekans_eslestirmesi_bulunamadi,warning
2B,navaidComponents,EAD_TAC_NGS_95802970,navaidLabeling_freq,63X,frekans_eslestirmesi_bulunamadi,warning
2B,navaidComponents,EAD_TAC_NOG_4702403,navaidLabeling_freq,63X,frekans_eslestirmesi_bulunamadi,warning
2B,navaidComponents,EAD_TAC_PAM_4702463,navaidLabeling_freq,64X,frekans_eslestirmesi_bulunamadi,warning
2B,navaidComponents,EAD_TAC_WRB_400003375657000,navaidLabeling_freq,10X,frekans_eslestirmesi_bulunamadi,warning
2B,navaidComponents,EAD_TAC_XSF_4702514,navaidLabeling_freq,65X,frekans_eslestirmesi_bulunamadi,warning
2B,navaids,LT_NAV_KAM,navaidLabeling_freq,VOR,frekans_bileseni_yok,warning
2B,navaids,LT_NAV_KAM,navaidLabeling_channel,,kanal_kaynagi_yok,warning
2B,navaids,LT_NAV_KAM,navaidSymbology_declination,,declination_bileseni_yok,warning
